codigo_loja,numero_nfd,id,numero_controle,data_preenchimento,responsavel_fstd,motivo,qtd_total_galinha,qtd_retorno_galinha,qtd_total_codorna,qtd_retorno_codorna,origem
12560,259479,12560 - 259479,201183,2026-07-03 14:18:33,RAYLLA SOUSA SANTOS,AVARIA NO DEPÓSITO,50,0,0,0,v1-atual
12560,259480,12560 - 259480,210183,2026-07-03 14:19:23,RAYLLA SOUSA SANTOS,AVARIA NO DEPÓSITO,20,20,0,0,v1-atual
12560,259515,12560 - 259515,588183,2026-07-03 14:20:13,RAYLLA SOUSA SANTOS,AVARIA NO DEPÓSITO,170,0,30,0,v1-atual
12560,259517,12560 - 259517,591183,2026-07-03 14:21:05,RAYLLA SOUSA SANTOS,AVARIA NO DEPÓSITO,40,0,0,0,v1-atual
12560,259514,12560 - 259514,570183,2026-07-03 14:23:24,RAYLLA SOUSA SANTOS,AVARIA NO DEPÓSITO,20,0,0,0,v1-atual
21292,40223,21292 - 40223,663183,2026-07-03 14:31:30,THALYS PABLO RODRIGUES LIMA,AVARIA NO DEPÓSITO,380,0,480,0,v1-atual
21292,40227,21292 - 40227,672183,2026-07-03 14:32:03,THALYS PABLO RODRIGUES LIMA,AVARIA NO DEPÓSITO,520,0,0,0,v1-atual
21292,40225,21292 - 40225,666183,2026-07-03 14:32:19,THALYS PABLO RODRIGUES LIMA,AVARIA NO DEPÓSITO,380,0,0,0,v1-atual
21292,40226,21292 - 40226,669183,2026-07-03 14:36:23,THALYS PABLO RODRIGUES LIMA,AVARIA NO DEPÓSITO,140,0,0,0,v1-atual
21531,99069,21531 - 99069,150183,2026-07-03 14:43:47,FRANCISCO ALEXANDRE,AVARIA NO DEPÓSITO,2370,1880,0,0,v1-atual
21531,99070,21531 - 99070,180183,2026-07-03 14:44:57,FRANCISCO ALEXANDRE,AVARIA NO DEPÓSITO,430,0,0,0,v1-atual
21531,99068,21531 - 99068,120183,2026-07-03 14:45:47,FRANCISCO ALEXANDRE,AVARIA NO DEPÓSITO,1260,950,0,0,v1-atual
21531,99067,21531 - 99067,900183,2026-07-03 14:46:17,FRANCISCO ALEXANDRE,AVARIA NO DEPÓSITO,470,0,0,0,v1-atual
23905,29107,23905 - 29107,624183,2026-07-03 14:52:57,MICHAEL DOUGLAS,OVOS PODRES,780,0,10560,0,v1-atual
12385,212861,12385 - 212861,930182,2026-07-03 14:53:10,WALDERLANEA,AVARIA NO PDV,700,600,240,0,v1-atual
2144,41541,2144 - 41541,360183,2026-07-03 15:24:54,RAFAEL DOS SANTOS,OVOS VENCIDOS,560,560,0,0,v1-atual
11608,180165,11608 - 180165,153183,2026-07-03 15:40:24,GENESE PINHEIRO ALEXANDRE,AVARIA NA ENTREGA,750,730,0,0,v1-atual
21998,22751,21998 - 22751,390183,2026-07-03 16:33:18,LETICIA ELLEN COSTA DA SILVA,AVARIA NA ENTREGA,146,50,0,0,v1-atual
25137,1743,25137 - 1743,456183,2026-07-03 17:01:00,JOÃO MARCOS,AVARIA NA ENTREGA,60,45,0,0,v1-atual
15591,49672,15591 - 49672,393183,2026-07-03 17:05:51,JOÃO MARCOS,AVARIA NA ENTREGA,60,45,0,0,v1-atual
15591,49673,15591 - 49673,396183,2026-07-03 17:10:51,JOÃO MARCOS,AVARIA NA ENTREGA,70,55,0,0,v1-atual
22946,75731,22946 - 75731,180182,2026-07-03 17:33:51,FRANCISCO DE ASIS,AVARIA NA ENTREGA,90,90,0,0,v1-atual
22946,75730,22946 - 75730,150182,2026-07-03 17:35:33,FRANCISCO DE ASIS,AVARIA NA ENTREGA,980,900,0,0,v1-atual
22946,75729,22946 - 75729,120182,2026-07-03 17:37:21,FRANCISCO DE ASIS,AVARIA NA ENTREGA,510,400,0,0,v1-atual
22946,75728,22946 - 75728,900182,2026-07-03 17:46:08,FRANCISCO DE ASIS,AVARIA NA ENTREGA,770,510,0,0,v1-atual
15591,49671,15591 - 49671,390183,2026-07-03 18:01:51,JOÃO MARCOS,AVARIA NA ENTREGA,60,25,0,0,v1-atual
25137,1742,25137 - 1742,450183,2026-07-03 18:03:11,JOÃO MARCOS,AVARIA NA ENTREGA,140,110,0,0,v1-atual
1284,245415,1284 - 245415,306177,2026-07-03 18:04:51,THIEUDE,AVARIA NA ENTREGA,360,216,0,0,v1-atual
25137,1745,25137 - 1745,462183,2026-07-03 18:04:51,JOÃO MARCOS,AVARIA NA ENTREGA,120,95,0,0,v1-atual
24034,1622,24034 - 1622,639183,2026-07-03 18:54:06,RAYARA OLIVEIRA,OVOS VENCIDOS,250,250,0,0,v1-atual
7315,290284,7315 - 290284,309183,2026-07-03 18:54:33,RAYARA OLIVEIRA,AVARIA NA ENTREGA,240,0,0,0,v1-atual
7315,290294,7315 - 290294,339183,2026-07-03 18:55:17,RAYARA OLIVEIRA,AVARIA NO PDV,60,0,0,0,v1-atual
7315,290293,7315 - 290293,330183,2026-07-03 18:56:00,RAYARA OLIVEIRA,AVARIA NO PDV,60,0,0,0,v1-atual
5007,153132,5007 - 153132,594183,2026-07-03 18:57:46,RAYARA OLIVEIRA,AVARIA NO PDV,60,0,180,0,v1-atual
5007,153131,5007 - 153131,582183,2026-07-03 18:58:13,RAYARA OLIVEIRA,AVARIA NO PDV,90,0,0,0,v1-atual
19609,159299,19609 - 159299,3c93bc18-d39e-494b-95cb-903fdeb7f105,2026-07-04 05:49:31,ANDEROSN DOS SANTOS,OVOS PODRES,0,0,3600,0,v1-atual
10126,337591,10126 - 337591,387183,2026-07-04 06:20:58,MARCOS ALBERTO,AVARIA NO DEPÓSITO,1020,0,0,0,v1-atual
23042,4580,23042 - 4580,120182,2026-07-04 07:03:35,LEIS LEAL DOS SANTOS,AVARIA NA ENTREGA,523,523,0,0,v1-atual
4489,49852,4489 - 49852,243183,2026-07-04 07:05:25,LEIS LEAL DOS SANTOS,AVARIA NO DEPÓSITO,170,0,0,0,v1-atual
16363,39799,16363 - 39799,348182,2026-07-04 07:26:39,JOEL LOBATO ALVES,NÃO LOCALIZADO,290,0,30,0,v1-atual
21739,124744,21739 - 124744,447183,2026-07-04 07:27:12,KEWIN,AVARIA NO PDV,1260,0,30,0,v1-atual
21739,124745,21739 - 124745,453183,2026-07-04 07:28:03,KEWIN,AVARIA NO PDV,390,0,30,0,v1-atual
25286,1125,25286 - 1125,240183,2026-07-04 08:03:15,MATHEUS LAURENTINO,AVARIA NA ENTREGA,700,568,0,0,v1-atual
20297,84038,20297 - 84038,114183,2026-07-04 08:04:15,MATHEUS LAURENTINO,AVARIA NO DEPÓSITO,240,160,0,0,v1-atual
2614,233620,2614 - 233620,330182,2026-07-04 08:21:10,EVELINE DE SOUSA,AVARIA NO PDV,122,0,30,0,v1-atual
2614,233619,2614 - 233619,324182,2026-07-04 08:23:40,EVELINE DE SOUSA,AVARIA NO PDV,230,230,0,0,v1-atual
17253,157212,17253 - 157212,"6,81116E+20",2026-07-04 08:25:23,RUBENS ESCOCIO,AVARIA NA ENTREGA,1578,940,90,0,v1-atual
17576,20235,17576 - 20235,183183,2026-07-04 09:05:57,ANDRESSA NEVES,OVOS PODRES,0,0,450,0,v1-atual
17576,20237,17576 - 20237,273183,2026-07-04 09:06:15,ANDRESSA NEVES,OVOS PODRES,0,0,510,0,v1-atual
19825,64150,19825 - 64150,564183,2026-07-04 10:03:46,LEO JAIME,AVARIA NA ENTREGA,40,0,0,0,v1-atual
19825,64149,19825 - 64149,558183,2026-07-04 10:03:57,LEO JAIME,AVARIA NA ENTREGA,180,0,0,0,v1-atual
11606,181432,11606 - 181432,420183,2026-07-04 10:18:54,CAIO GABRIEL DA SILVA ROCHA,AVARIA NO PDV,90,90,0,0,v1-atual
11606,181433,11606 - 181433,480183,2026-07-04 10:19:54,CAIO GABRIEL DA SILVA ROCHA,AVARIA NO PDV,220,220,0,0,v1-atual
11606,181434,11606 - 181434,510183,2026-07-04 10:20:44,CAIO GABRIEL DA SILVA ROCHA,AVARIA NO PDV,260,260,0,0,v1-atual
11606,181435,11606 - 181435,540183,2026-07-04 10:21:27,CAIO GABRIEL DA SILVA ROCHA,AVARIA NO PDV,230,210,0,0,v1-atual
17048,59624,17048 - 59624,615183,2026-07-04 11:34:20,LUIZ RICARDO SILVA DE ARAUJO,AVARIA NA ENTREGA,512,300,0,0,v1-atual
22527,35481,22527 - 35481,261183,2026-07-04 15:56:25,KARINA COSTA,AVARIA NO PDV,370,137,180,0,v1-atual
22110,15362,22110 - 15362,516183,2026-07-04 15:57:55,KARINA COSTA,AVARIA NO PDV,320,72,0,0,v1-atual
15170,17701,15170 - 17701,297182,2026-07-05 06:25:29,WELTON OLIVEIRA DOS SANTOS,OVOS PODRES,110,0,0,0,v1-atual
11407,174542,11407 - 174542,501183,2026-07-05 10:58:10,JARDEL ARAUJO,AVARIA NA ENTREGA,7470,7470,0,0,v1-atual
22837,69594,22837 - 69594,132182,2026-07-05 11:17:44,BRUNO AUGUSTO COSTA DE CARVALHO,AVARIA NA ENTREGA,102,0,30,0,v1-atual
19826,51329,19826 - 51329,576183,2026-07-05 12:44:32,FELIPE MARQUES,OVOS VENCIDOS,60,0,0,0,v1-atual
19826,51328,19826 - 51328,567183,2026-07-05 12:45:33,FELIPE MARQUES,AVARIA NA ENTREGA,110,90,0,0,v1-atual
21914,19282,21914 - 19282,156183,2026-07-05 12:46:25,FELIPE MARQUES,AVARIA NA ENTREGA,150,90,0,0,v1-atual
18994,11430,18994 - 11430,390182,2026-07-05 12:49:31,JOSÉ JULIANO RODRIGUES,OVOS VENCIDOS,340,300,0,0,v1-atual
21270,10499,21270 - 10499,630182,2026-07-05 12:51:11,JOSÉ JULIANO RODRIGUES,OVOS VENCIDOS,320,300,0,0,v1-atual
21270,10500,21270 - 10500,660182,2026-07-05 12:52:04,JOSÉ JULIANO RODRIGUES,AVARIA NO DEPÓSITO,390,360,0,0,v1-atual
4817,107361,4817 - 107361,102183,2026-07-05 12:55:53,JOSÉ JULIANO RODRIGUES,AVARIA NO DEPÓSITO,630,540,0,0,v1-atual
20370,166292,20370 - 166292,267183,2026-07-05 22:03:30,AFONSO,AVARIA NA ENTREGA,10,0,0,0,v1-atual
20370,166293,20370 - 166293,270183,2026-07-05 22:05:10,AFONSO,AVARIA NA ENTREGA,370,0,0,0,v1-atual
18992,23136,18992 - 23136,354183,2026-07-05 22:05:48,SAOUSA RENATO,AVARIA NO DEPÓSITO,390,0,0,0,v1-atual
18992,23137,18992 - 23137,360183,2026-07-05 22:06:38,SAOUSA RENATO,AVARIA NO DEPÓSITO,120,0,0,0,v1-atual
22315,46213,22315 - 46213,150183,2026-07-06 06:15:36,LEUJUAN DIAS VIEIRA,AVARIA NA ENTREGA,490,0,90,0,v1-atual
22315,46210,22315 - 46210,144183,2026-07-06 06:16:21,LEUJUAN DIAS VIEIRA,OVOS VENCIDOS,120,120,0,0,v1-atual
22315,46209,22315 - 46209,141183,2026-07-06 06:16:52,LEUJUAN DIAS VIEIRA,OVOS VENCIDOS,120,120,0,0,v1-atual
22315,46212,22315 - 46212,147183,2026-07-06 06:17:25,LEUJUAN DIAS VIEIRA,AVARIA NA ENTREGA,1490,1490,0,0,v1-atual
23589,29141,23589 - 29141,990183,2026-07-06 06:18:02,LEUJUAN DIAS VIEIRA,AVARIA NO PDV,24,24,0,0,v1-atual
23589,29139,23589 - 29139,870183,2026-07-06 06:18:26,LEUJUAN DIAS VIEIRA,AVARIA NO PDV,0,0,60,0,v1-atual
23589,29140,23589 - 29140,960183,2026-07-06 06:18:51,LEUJUAN DIAS VIEIRA,AVARIA NA ENTREGA,480,480,0,0,v1-atual
21254,5957,21254 - 5957,108183,2026-07-06 06:35:27,FRANCISCO JAMISON SOUSA DE MIRANDA,AVARIA NA ENTREGA,620,620,0,0,v1-atual
21254,5956,21254 - 5956,105183,2026-07-06 06:35:51,FRANCISCO JAMISON SOUSA DE MIRANDA,AVARIA NA ENTREGA,260,0,0,0,v1-atual
11607,237653,11607 - 237653,210183,2026-07-06 06:36:51,FRANCISCO JAMISON SOUSA DE MIRANDA,AVARIA NA ENTREGA,330,330,0,0,v1-atual
1144,101103,1144 - 101103,600183,2026-07-06 08:01:46,FRANCISCA AURILEIDE APOLINÁRIO DE SOUZA,AVARIA NO PDV,206,0,0,0,v1-atual
20443,88262,20443 - 88262,117183,2026-07-06 08:02:17,FRANCISCA AURILEIDE APOLINÁRIO DE SOUZA,AVARIA NA ENTREGA,20,0,0,0,v1-atual
20443,88263,20443 - 88263,120183,2026-07-06 08:02:40,FRANCISCA AURILEIDE APOLINÁRIO DE SOUZA,AVARIA NA ENTREGA,80,50,0,0,v1-atual
20443,88265,20443 - 88265,123183,2026-07-06 08:02:56,FRANCISCA AURILEIDE APOLINÁRIO DE SOUZA,AVARIA NA ENTREGA,150,100,0,0,v1-atual
20443,88266,20443 - 88266,126183,2026-07-06 08:03:17,FRANCISCA AURILEIDE APOLINÁRIO DE SOUZA,AVARIA NA ENTREGA,270,200,0,0,v1-atual
23767,14962,23767 - 14962,357182,2026-07-06 08:31:54,JOÃO VITOR DE ALCANTARA FURTADO,AVARIA NO PDV,355,0,0,0,v1-atual
4485,24051,4485 - 24051,315182,2026-07-06 08:32:14,JOÃO VITOR DE ALCANTARA FURTADO,AVARIA NO PDV,120,0,0,0,v1-atual
14463,17596,14463 - 17596,441183,2026-07-06 09:22:36,RAIMUNDO,AVARIA NA ENTREGA,320,307,0,0,v1-atual
23754,81888,23754 - 81888,"9,42017E+20",2026-07-06 09:22:42,WESLEY MEDEIROS,OVOS VENCIDOS,490,360,0,0,v1-atual
24691,4079,24691 - 4079,312183,2026-07-06 09:25:22,RAIMUNDO,AVARIA NA ENTREGA,340,318,0,0,v1-atual
17265,34873,17265 - 34873,246182,2026-07-06 09:33:15,OPERACOES,AVARIA DE VIAGEM,30,0,0,0,v1-atual
23429,9852,23429 - 9852,255183,2026-07-06 09:39:55,ANA LUIZA GOMES DO AMARAL,OVOS VENCIDOS,60,0,0,0,v1-atual
14717,16429,14717 - 16429,492183,2026-07-06 09:40:13,RAIMUNDO,AVARIA NA ENTREGA,680,589,0,0,v1-atual
23429,9851,23429 - 9851,252183,2026-07-06 09:43:05,ANA LUIZA GOMES DO AMARAL,AVARIA NO PDV,80,72,0,0,v1-atual
14717,16428,14717 - 16428,480183,2026-07-06 09:47:11,RAIMUNDO,AVARIA NO PDV,254,189,0,0,v1-atual
11608,179950,11608 - 179950,132181,2026-07-06 09:52:13,GENESE PINHEIRO ALEXANDRE,AVARIA NO PDV,150,0,0,0,v1-atual
25201,292397,25201 - 292397,510177,2026-07-06 09:56:51,LETICIA ELLEN COSTA DA SILVA,AVARIA NA ENTREGA,2510,1680,450,0,v1-atual
21971,128192,21971 - 128192,375182,2026-07-06 10:03:20,JORSIRLAN,AVARIA NA ENTREGA,1470,0,0,0,v1-atual
21971,128193,21971 - 128193,378182,2026-07-06 10:03:40,JORSIRLAN,AVARIA NA ENTREGA,120,0,240,0,v1-atual
22529,23122,22529 - 23122,246183,2026-07-06 10:08:08,ANA CAROLLINE SOUSA CARVALHO,AVARIA NA ENTREGA,50,0,0,0,v1-atual
21292,40079,21292 - 40079,183176,2026-07-06 10:08:43,THALYS PABLO RODRIGUES LIMA,AVARIA NO DEPÓSITO,280,0,0,0,v1-atual
21292,39851,21292 - 39851,315166,2026-07-06 10:08:53,THALYS PABLO RODRIGUES LIMA,AVARIA NO DEPÓSITO,480,0,0,0,v1-atual
22529,23121,22529 - 23121,237183,2026-07-06 10:10:40,ANA CAROLLINE SOUSA CARVALHO,AVARIA NA ENTREGA,240,90,0,0,v1-atual
165,1481476,165 - 1481476,327183,2026-07-06 10:22:42,EDUARDO ALEXANDRE,OVOS PODRES,700,0,870,0,v1-atual
21600,22995,21600 - 22995,219183,2026-07-06 10:26:49,SABRINA RODRIGUES BARBOSA,AVARIA NA ENTREGA,50,0,30,0,v1-atual
21875,128326,21875 - 128326,249183,2026-07-06 10:26:52,EDUARDO ALEXANDRE,OVOS PODRES,480,0,0,0,v1-atual
8002,75487,8002 - 75487,630183,2026-07-06 10:27:03,PAULO ROBERTO FREIRES,AVARIA NA ENTREGA,300,110,0,0,v1-atual
21600,22994,21600 - 22994,213183,2026-07-06 10:27:44,SABRINA RODRIGUES BARBOSA,OVOS VENCIDOS,100,0,0,0,v1-atual
21875,128318,21875 - 128318,216183,2026-07-06 10:28:22,EDUARDO ALEXANDRE,AVARIA NA ENTREGA,240,0,0,0,v1-atual
8002,75486,8002 - 75486,600183,2026-07-06 10:28:28,PAULO ROBERTO FREIRES,AVARIA NA ENTREGA,310,105,0,0,v1-atual
3084,83201,3084 - 83201,750183,2026-07-06 10:31:13,PAULO ROBERTO FREIRES,AVARIA NO PDV,640,0,0,0,v1-atual
11777,413114,11777 - 413114,534183,2026-07-06 10:38:08,JEAN ARAUJO PEREIRA,AVARIA NO PDV,214,0,90,0,v1-atual
11207,45692,11207 - 45692,504183,2026-07-06 11:02:01,JOÃO VITOR DE ALCANTARA FURTADO,AVARIA NO PDV,720,0,600,0,v1-atual
4488,158657,4488 - 158657,420183,2026-07-06 11:06:15,RODRIGO,AVARIA DE VIAGEM,320,0,0,0,v1-atual
12569,123246,12569 - 123246,711183,2026-07-06 11:11:58,FERNANDO,OVOS PODRES,120,0,0,0,v1-atual
13777,71588,13777 - 71588,708183,2026-07-06 11:13:05,FERNANDO,AVARIA NO PDV,180,0,0,0,v1-atual
13777,71587,13777 - 71587,705183,2026-07-06 11:13:30,FERNANDO,OVOS PODRES,310,0,150,0,v1-atual
13777,71585,13777 - 71585,696183,2026-07-06 11:14:03,FERNANDO,AVARIA NO PDV,300,0,0,0,v1-atual
19243,106618,19243 - 106618,276182,2026-07-06 11:14:34,FERNANDO,OVOS PODRES,150,0,30,0,v1-atual
19234,53804,19234 - 53804,498183,2026-07-06 11:14:47,MARIA IRANEIDE,OVOS PODRES,2200,0,0,0,v1-atual
19234,53834,19234 - 53834,153185,2026-07-06 11:15:13,MARIA IRANEIDE,OVOS PODRES,1300,0,0,0,v1-atual
1080,478356,1080 - 478356,231182,2026-07-06 11:20:57,WILLIAN DIAS DOS SANTOS,OVOS PODRES,120,0,0,0,v1-atual
19299,47691,19299 - 47691,336184,2026-07-06 11:22:42,WILLIAN DIAS DOS SANTOS,OVOS PODRES,410,0,60,0,v1-atual
17081,31884,17081 - 31884,195184,2026-07-06 11:23:50,WILLIAN DIAS DOS SANTOS,OVOS PODRES,680,0,30,0,v1-atual
20546,130501,20546 - 130501,900184,2026-07-06 11:27:10,KILDERLAN,AVARIA NA ENTREGA,0,0,30,0,v1-atual
21735,162550,21735 - 162550,129184,2026-07-06 11:28:24,KEWIN,AVARIA NO PDV,990,0,810,0,v1-atual
20546,130500,20546 - 130500,870184,2026-07-06 11:28:30,KILDERLAN,AVARIA NA ENTREGA,750,750,0,0,v1-atual
20546,130499,20546 - 130499,840184,2026-07-06 11:29:12,KILDERLAN,AVARIA NA ENTREGA,1300,1300,0,0,v1-atual
21735,162551,21735 - 162551,135184,2026-07-06 11:29:18,KEWIN,AVARIA NO PDV,20,0,0,0,v1-atual
20546,130498,20546 - 130498,810184,2026-07-06 11:29:56,KILDERLAN,AVARIA NA ENTREGA,1060,1060,0,0,v1-atual
2190,94420,2190 - 94420,234183,2026-07-06 11:30:38,WILLIAN DIAS DOS SANTOS,OVOS PODRES,490,0,0,0,v1-atual
25086,35033,25086 - 35033,210184,2026-07-06 11:30:46,KEWIN,AVARIA NO PDV,1040,0,30,0,v1-atual
14254,44099,14254 - 44099,543183,2026-07-06 11:33:24,PAULO NATAN,OVOS VENCIDOS,76,0,0,0,v1-atual
21740,118271,21740 - 118271,150185,2026-07-06 11:34:28,KEWIN,AVARIA NO PDV,880,0,0,0,v1-atual
14254,44101,14254 - 44101,555183,2026-07-06 11:35:44,PAULO NATAN,AVARIA NO PDV,252,0,0,0,v1-atual
14254,44100,14254 - 44100,549183,2026-07-06 11:37:44,PAULO NATAN,AVARIA NO PDV,920,300,0,0,v1-atual
1698,45080,1698 - 45080,105185,2026-07-06 11:40:22,IRACILDA DA SILVA,PROXIMO AO VENCIMENTO,1780,0,0,0,v1-atual
23753,31137,23753 - 31137,192184,2026-07-06 11:46:38,OPERACOES,AVARIA DE VIAGEM,240,0,0,0,v1-atual
23488,57865,23488 - 57865,288184,2026-07-06 11:47:17,OPERACOES,AVARIA DE VIAGEM,40,0,0,0,v1-atual
21547,13244,21547 - 13244,186184,2026-07-06 11:47:47,OPERACOES,AVARIA DE VIAGEM,24,0,0,0,v1-atual
17265,34909,17265 - 34909,900185,2026-07-06 11:48:27,OPERACOES,AVARIA DE VIAGEM,340,0,0,0,v1-atual
21529,94788,21529 - 94788,210184,2026-07-06 12:07:39,FRANCISCO CLEILSON,AVARIA NA ENTREGA,480,480,0,0,v1-atual
21529,94787,21529 - 94787,180184,2026-07-06 12:08:09,FRANCISCO CLEILSON,AVARIA NA ENTREGA,170,170,0,0,v1-atual
20698,53583,20698 - 53583,"7,1472E+19",2026-07-06 12:36:15,KLEVERTON FRAGOSO,AVARIA NO DEPÓSITO,792,600,0,0,v1-atual
3944,78220,3944 - 78220,246184,2026-07-06 12:45:38,EVELINE DE SOUSA,AVARIA NO PDV,310,0,0,0,v1-atual
2614,233647,2614 - 233647,990184,2026-07-06 12:51:15,EVELINE DE SOUSA,AVARIA NO PDV,420,0,0,0,v1-atual
2614,233710,2614 - 233710,294184,2026-07-06 12:54:05,EVELINE DE SOUSA,AVARIA NO PDV,180,0,0,0,v1-atual
22759,269484,22759 - 269484,204162,2026-07-06 12:58:25,NÃO LOCALIZADO,AVARIA NA ENTREGA,360,360,0,0,v1-atual
20029,182697,20029 - 182697,162184,2026-07-06 12:59:44,EVELINE DE SOUSA,AVARIA NO PDV,122,0,0,0,v1-atual
22759,270011,22759 - 270011,384176,2026-07-06 12:59:55,NÃO LOCALIZADO,AVARIA NA ENTREGA,3240,3240,0,0,v1-atual
22759,270227,22759 - 270227,411181,2026-07-06 13:03:20,NÃO LOCALIZADO,AVARIA NA ENTREGA,1080,1080,0,0,v1-atual
8105,54654,8105 - 54654,237184,2026-07-06 13:06:52,ENIO,AVARIA NO PDV,300,0,0,0,v1-atual
1283,111542,1283 - 111542,621183,2026-07-06 13:12:19,CARLOS HENRIQUE,AVARIA NA ENTREGA,100,82,90,0,v1-atual
8480,341840,8480 - 341840,480184,2026-07-06 13:13:26,CAMILA LIMA,AVARIA NO PDV,0,0,600,0,v1-atual
1283,111543,1283 - 111543,627183,2026-07-06 13:15:48,CARLOS HENRIQUE,AVARIA NO PDV,500,423,0,0,v1-atual
1283,111544,1283 - 111544,630183,2026-07-06 13:16:57,CARLOS HENRIQUE,AVARIA NO PDV,40,40,0,0,v1-atual
8480,341822,8480 - 341822,450184,2026-07-06 13:18:06,CAMILA LIMA,AVARIA NO PDV,110,110,0,0,v1-atual
8480,341820,8480 - 341820,420184,2026-07-06 13:18:56,CAMILA LIMA,AVARIA NO PDV,400,400,0,0,v1-atual
8480,341819,8480 - 341819,390184,2026-07-06 13:19:46,CAMILA LIMA,AVARIA NO PDV,910,910,570,0,v1-atual
12729,3961,12729 - 3961,240182,2026-07-06 13:23:38,MATEUS OLIVEIRA,AVARIA NO PDV,450,450,0,0,v1-atual
17262,26400,17262 - 26400,264180,2026-07-06 13:25:52,ALYSSON MARTINS,AVARIA NO DEPÓSITO,820,570,120,0,v1-atual
6950,113267,6950 - 113267,264184,2026-07-06 13:28:45,BRENDO SILVA,OVOS PODRES,0,0,6000,0,v1-atual
167,554392,167 - 554392,390185,2026-07-06 13:29:03,BRENDO SILVA,OVOS PODRES,60,0,0,0,v1-atual
167,554393,167 - 554393,420185,2026-07-06 13:29:09,BRENDO SILVA,OVOS PODRES,120,0,0,0,v1-atual
17755,128530,17755 - 128530,225184,2026-07-06 13:29:19,BRENDO SILVA,OVOS PODRES,20,0,0,0,v1-atual
17755,128529,17755 - 128529,219184,2026-07-06 13:29:39,BRENDO SILVA,AVARIA NA ENTREGA,280,0,2700,0,v1-atual
23682,25957,23682 - 25957,282183,2026-07-06 13:29:59,BRENDO SILVA,AVARIA NO PDV,90,0,0,0,v1-atual
21301,35878,21301 - 35878,114184,2026-07-06 13:30:27,BRENDO SILVA,AVARIA NO PDV,220,0,0,0,v1-atual
21301,35877,21301 - 35877,111184,2026-07-06 13:30:34,BRENDO SILVA,OVOS PODRES,1140,0,390,0,v1-atual
21299,41541,21299 - 41541,810185,2026-07-06 13:30:46,BRENDO SILVA,AVARIA NO PDV,220,0,0,0,v1-atual
21299,41550,21299 - 41550,144185,2026-07-06 13:30:59,BRENDO SILVA,OVOS PODRES,720,0,0,0,v1-atual
2585,1079244,2585 - 1079244,429183,2026-07-06 13:51:15,EDSON ALVES DA COSTA,AVARIA NO PDV,160,0,0,0,v1-atual
2585,1079119,2585 - 1079119,354182,2026-07-06 13:51:34,EDSON ALVES DA COSTA,AVARIA NA ENTREGA,80,0,0,0,v1-atual
2585,1079117,2585 - 1079117,351182,2026-07-06 13:51:51,EDSON ALVES DA COSTA,AVARIA NA ENTREGA,300,0,0,0,v1-atual
11604,221771,11604 - 221771,132183,2026-07-06 14:11:05,JOAQUIM BORGES DA SILVA NETO,OVOS PODRES,2580,1850,0,0,v1-atual
11604,221770,11604 - 221770,129183,2026-07-06 14:11:20,JOAQUIM BORGES DA SILVA NETO,OVOS PODRES,360,150,0,0,v1-atual
8156,32517,8156 - 32517,330184,2026-07-06 14:15:36,JOAQUIM BORGES DA SILVA NETO,AVARIA NA ENTREGA,20,10,0,0,v1-atual
20114,37491,20114 - 37491,333183,2026-07-06 14:15:40,PAULO FERNANDO SILVA,AVARIA NA ENTREGA,200,200,0,0,v1-atual
16006,279238,16006 - 279238,360185,2026-07-06 14:15:57,ANA JAMILLY SOUSA,AVARIA NA ENTREGA,80,0,0,0,v1-atual
8156,32516,8156 - 32516,300184,2026-07-06 14:16:03,JOAQUIM BORGES DA SILVA NETO,AVARIA NA ENTREGA,90,60,0,0,v1-atual
20114,37488,20114 - 37488,324183,2026-07-06 14:16:21,PAULO FERNANDO SILVA,AVARIA NA ENTREGA,40,0,0,0,v1-atual
8156,32515,8156 - 32515,270184,2026-07-06 14:16:32,JOAQUIM BORGES DA SILVA NETO,AVARIA NA ENTREGA,150,100,0,0,v1-atual
16006,279237,16006 - 279237,330185,2026-07-06 14:17:30,ANA JAMILLY SOUSA,AVARIA NA ENTREGA,990,0,0,0,v1-atual
20114,37487,20114 - 37487,318183,2026-07-06 14:17:36,PAULO FERNANDO SILVA,AVARIA NA ENTREGA,10,0,30,0,v1-atual
15738,76387,15738 - 76387,177183,2026-07-06 14:18:38,PAULO FERNANDO SILVA,AVARIA NA ENTREGA,220,0,0,0,v1-atual
15738,76386,15738 - 76386,171183,2026-07-06 14:20:13,PAULO FERNANDO SILVA,AVARIA NO PDV,242,242,0,0,v1-atual
12553,108157,12553 - 108157,660185,2026-07-06 14:21:09,PAULO FERNANDO SILVA,AVARIA NA ENTREGA,212,212,0,0,v1-atual
12553,108156,12553 - 108156,630185,2026-07-06 14:21:31,PAULO FERNANDO SILVA,AVARIA NA ENTREGA,40,0,0,0,v1-atual
12553,108155,12553 - 108155,600185,2026-07-06 14:22:14,PAULO FERNANDO SILVA,AVARIA NA ENTREGA,0,0,90,0,v1-atual
4505,62186,4505 - 62186,660184,2026-07-06 14:29:03,BRUNO GOMES,AVARIA NO PDV,140,0,0,0,v1-atual
15921,18032,15921 - 18032,600184,2026-07-06 14:31:10,BRUNO GOMES,AVARIA NA ENTREGA,170,170,0,0,v1-atual
22528,31012,22528 - 31012,690183,2026-07-06 14:33:25,BRUNO GOMES,AVARIA NO PDV,40,0,0,0,v1-atual
22528,31011,22528 - 31011,660183,2026-07-06 14:33:43,BRUNO GOMES,AVARIA NA ENTREGA,200,200,0,0,v1-atual
23111,11762,23111 - 11762,"5,98532E+18",2026-07-06 14:37:09,RUBENS ESCOCIO,NÃO LOCALIZADO,930,804,0,0,v1-atual
25615,223,25615 - 223,279182,2026-07-06 14:40:20,LILIANE,AVARIA NO PDV,100,0,0,0,v1-atual
21811,11986,21811 - 11986,813173,2026-07-06 14:41:53,LILIANE,NOTA RECUSADA,600,0,0,0,v1-atual
21811,11988,21811 - 11988,810173,2026-07-06 14:42:26,LILIANE,NOTA RECUSADA,3600,0,0,0,v1-atual
21811,11984,21811 - 11984,717173,2026-07-06 14:44:38,LILIANE,NOTA RECUSADA,1320,0,1380,0,v1-atual
21811,11985,21811 - 11985,639173,2026-07-06 14:46:26,LILIANE,NOTA RECUSADA,216,0,0,0,v1-atual
4486,23762,4486 - 23762,180184,2026-07-06 14:46:28,MAURICIO PINHEIRO MIRANDA,AVARIA NO DEPÓSITO,350,320,30,0,v1-atual
19590,11611,19590 - 11611,132184,2026-07-06 14:46:56,RAIMUNDO,AVARIA NA ENTREGA,210,177,0,0,v1-atual
21811,11989,21811 - 11989,525173,2026-07-06 14:46:57,LILIANE,NOTA RECUSADA,0,0,1200,0,v1-atual
21811,11987,21811 - 11987,363173,2026-07-06 14:47:21,LILIANE,NOTA RECUSADA,1200,0,0,0,v1-atual
16362,49539,16362 - 49539,171184,2026-07-06 14:48:03,RENAN,PROXIMO AO VENCIMENTO,760,760,0,0,v1-atual
16362,49540,16362 - 49540,174184,2026-07-06 14:48:59,RENAN,AVARIA NO PDV,200,0,0,0,v1-atual
4491,56053,4491 - 56053,279183,2026-07-06 14:49:18,MAURICIO PINHEIRO MIRANDA,AVARIA NO PDV,680,480,0,0,v1-atual
17518,15860,17518 - 15860,102185,2026-07-06 14:50:10,RAIMUNDO,AVARIA NA ENTREGA,260,254,0,0,v1-atual
12560,258995,12560 - 258995,801173,2026-07-06 14:50:46,LILIANE,NOTA RECUSADA,280,0,0,0,v1-atual
25117,62592,25117 - 62592,276184,2026-07-06 14:50:48,MAURICIO PINHEIRO MIRANDA,AVARIA NO PDV,640,0,0,0,v1-atual
7316,136930,7316 - 136930,729173,2026-07-06 14:54:11,LILIANE,NOTA RECUSADA,270,0,0,0,v1-atual
7316,136931,7316 - 136931,726173,2026-07-06 14:54:40,LILIANE,NOTA RECUSADA,770,0,0,0,v1-atual
1288,58144,1288 - 58144,117184,2026-07-06 14:56:39,SILDIENY,AVARIA NO PDV,200,0,0,0,v1-atual
24642,3652,24642 - 3652,594173,2026-07-06 14:57:00,LILIANE,NOTA RECUSADA,252,0,60,0,v1-atual
5528,172435,5528 - 172435,267166,2026-07-06 14:57:41,LILIANE,NOTA RECUSADA,80,0,300,0,v1-atual
12027,173086,12027 - 173086,408180,2026-07-06 15:00:10,LILIANE,NOTA RECUSADA,358,0,120,0,v1-atual
22119,58578,22119 - 58578,360182,2026-07-06 15:07:59,VILMENIA,AVARIA NA ENTREGA,542,450,0,0,v1-atual
20029,182693,20029 - 182693,153184,2026-07-06 15:14:05,EVELINE DE SOUSA,AVARIA NO PDV,150,150,0,0,v1-atual
23467,6818,23467 - 6818,258170,2026-07-06 15:14:20,LILIANE,NOTA RECUSADA,100,0,30,0,v1-atual
20924,46238,20924 - 46238,228184,2026-07-06 15:16:07,DOUGLAS CARVALHO,AVARIA NA ENTREGA,100,0,0,0,v1-atual
20924,46239,20924 - 46239,231184,2026-07-06 15:16:31,DOUGLAS CARVALHO,AVARIA NA ENTREGA,60,0,0,0,v1-atual
14545,154417,14545 - 154417,111185,2026-07-06 15:18:06,FABIANE RODRIGUES,OVOS PODRES,150,0,90,0,v1-atual
1082,283657,1082 - 283657,270176,2026-07-06 15:19:19,YURI,AVARIA DE VIAGEM,1160,1160,0,0,v1-atual
11602,245678,11602 - 245678,381183,2026-07-06 15:20:13,ALISSON GONÇALVES CRUZ,AVARIA NO PDV,1250,0,0,0,v1-atual
10533,237747,10533 - 237747,660183,2026-07-06 15:21:11,ISABELLA,AVARIA NA ENTREGA,310,200,240,0,v1-atual
3811,536497,3811 - 536497,240183,2026-07-06 15:21:12,ALISSON GONÇALVES CRUZ,AVARIA NO PDV,830,0,7830,0,v1-atual
10533,237746,10533 - 237746,657183,2026-07-06 15:21:25,ISABELLA,AVARIA NO PDV,6,0,0,0,v1-atual
21734,250974,21734 - 250974,192180,2026-07-06 15:22:02,FABIO REDLOG,AVARIA DE VIAGEM,3000,2880,0,0,v1-atual
10533,237744,10533 - 237744,651183,2026-07-06 15:22:15,ISABELLA,AVARIA NA ENTREGA,130,80,0,0,v1-atual
14545,154349,14545 - 154349,222183,2026-07-06 15:22:25,FABIANE RODRIGUES,AVARIA NO PDV,180,0,0,0,v1-atual
14545,154350,14545 - 154350,228183,2026-07-06 15:22:40,FABIANE RODRIGUES,AVARIA NO PDV,26,0,0,0,v1-atual
10533,237743,10533 - 237743,645183,2026-07-06 15:23:28,ISABELLA,AVARIA NO PDV,60,40,0,0,v1-atual
10566,119537,10566 - 119537,330184,2026-07-06 15:24:30,ISABELLA,AVARIA NA ENTREGA,0,0,750,0,v1-atual
10566,119536,10566 - 119536,327184,2026-07-06 15:26:13,ISABELLA,AVARIA NO PDV,100,80,0,0,v1-atual
12564,147271,12564 - 147271,477183,2026-07-06 15:27:20,FABIANE RODRIGUES,AVARIA NO PDV,32,0,0,0,v1-atual
10566,119535,10566 - 119535,324184,2026-07-06 15:27:46,ISABELLA,AVARIA NA ENTREGA,260,150,0,0,v1-atual
21735,162228,21735 - 162228,360180,2026-07-06 15:29:56,FABIO REDLOG,AVARIA DE VIAGEM,3000,2880,0,0,v1-atual
22213,2817,22213 - 2817,450181,2026-07-06 15:30:16,FABIO REDLOG,AVARIA DE VIAGEM,0,0,3600,3330,v1-atual
14662,31396,14662 - 31396,429181,2026-07-06 15:30:44,FABIO REDLOG,AVARIA DE VIAGEM,0,0,3600,2880,v1-atual
21739,124630,21739 - 124630,303182,2026-07-06 15:31:10,FABIO REDLOG,AVARIA DE VIAGEM,4500,3780,0,0,v1-atual
10533,237745,10533 - 237745,654183,2026-07-06 15:31:26,ISABELLA,AVARIA NO PDV,80,0,0,0,v1-atual
17695,4374,17695 - 4374,381182,2026-07-06 15:31:27,FABIO REDLOG,AVARIA DE VIAGEM,2000,1373,0,0,v1-atual
21377,133442,21377 - 133442,372182,2026-07-06 15:31:43,FABIO REDLOG,AVARIA DE VIAGEM,2800,2440,0,0,v1-atual
12564,147269,12564 - 147269,426183,2026-07-06 15:31:49,FABIANE RODRIGUES,OVOS PODRES,100,0,0,0,v1-atual
17522,86733,17522 - 86733,192182,2026-07-06 15:32:02,FABIO REDLOG,AVARIA DE VIAGEM,3000,2880,0,0,v1-atual
16363,39807,16363 - 39807,396182,2026-07-06 15:32:42,FABIO REDLOG,AVARIA DE VIAGEM,3000,2880,0,0,v1-atual
20051,142969,20051 - 142969,507183,2026-07-06 15:33:13,FABIO REDLOG,AVARIA DE VIAGEM,2000,1280,0,0,v1-atual
20506,49604,20506 - 49604,264183,2026-07-06 15:33:30,FABIO REDLOG,AVARIA DE VIAGEM,600,500,0,0,v1-atual
12569,123227,12569 - 123227,231183,2026-07-06 15:33:49,FABIO REDLOG,AVARIA DE VIAGEM,180,150,0,0,v1-atual
11965,34495,11965 - 34495,900184,2026-07-06 15:34:03,MIGUEL ABNER CARV,OVOS PODRES,210,0,0,0,v1-atual
1080,478431,1080 - 478431,432183,2026-07-06 15:34:12,FABIO REDLOG,AVARIA DE VIAGEM,3700,350,0,0,v1-atual
1078,690141,1078 - 690141,600183,2026-07-06 15:34:32,FABIO REDLOG,AVARIA DE VIAGEM,480,40,0,0,v1-atual
664,35581,664 - 35581,243184,2026-07-06 15:34:52,FABIO REDLOG,AVARIA DE VIAGEM,1400,1060,0,0,v1-atual
20207,96834,20207 - 96834,291184,2026-07-06 15:35:10,FABIO REDLOG,AVARIA DE VIAGEM,990,720,0,0,v1-atual
24566,8161,24566 - 8161,345184,2026-07-06 15:35:27,FABIO REDLOG,AVARIA DE VIAGEM,1650,1100,0,0,v1-atual
12562,67748,12562 - 67748,252184,2026-07-06 15:35:45,FABIO REDLOG,AVARIA DE VIAGEM,750,560,0,0,v1-atual
1082,283926,1082 - 283926,240184,2026-07-06 15:36:02,FABIO REDLOG,AVARIA DE VIAGEM,500,480,720,15,v1-atual
13331,218245,13331 - 218245,312184,2026-07-06 15:36:09,AFONSO,AVARIA NA ENTREGA,40,0,0,0,v1-atual
10567,163970,10567 - 163970,315183,2026-07-06 15:36:54,ISABELLA,AVARIA NA ENTREGA,420,300,0,0,v1-atual
13331,218247,13331 - 218247,318184,2026-07-06 15:38:21,AFONSO,AVARIA NA ENTREGA,1690,0,120,0,v1-atual
10567,163967,10567 - 163967,297183,2026-07-06 15:39:22,ISABELLA,AVARIA NO PDV,52,0,0,0,v1-atual
12564,147270,12564 - 147270,474183,2026-07-06 15:39:54,FABIANE RODRIGUES,AVARIA NO PDV,10,0,150,0,v1-atual
10567,163966,10567 - 163966,291183,2026-07-06 15:41:07,ISABELLA,AVARIA NA ENTREGA,282,250,0,0,v1-atual
13331,218246,13331 - 218246,315184,2026-07-06 15:41:37,AFONSO,AVARIA NA ENTREGA,20,0,0,0,v1-atual
8233,34588,8233 - 34588,144184,2026-07-06 15:45:31,MATEUS FIGUEIREDO FERREIRA,PROXIMO AO VENCIMENTO,1415,1000,0,0,v1-atual
8234,179434,8234 - 179434,138184,2026-07-06 15:47:49,MATEUS FIGUEIREDO FERREIRA,OVOS PODRES,610,500,1500,1000,v1-atual
12419,40802,12419 - 40802,141184,2026-07-06 15:49:15,MATEUS FIGUEIREDO FERREIRA,AVARIA NO PDV,1160,900,60,0,v1-atual
10567,163968,10567 - 163968,306183,2026-07-06 15:50:13,ISABELLA,AVARIA NA ENTREGA,280,200,0,0,v1-atual
21740,117787,21740 - 117787,180180,2026-07-06 16:02:09,FABIO REDLOG,AVARIA DE VIAGEM,3000,2880,0,0,v1-atual
20698,53535,20698 - 53535,309182,2026-07-06 16:06:06,OPERACOES,AVARIA DE VIAGEM,1620,1620,0,0,v1-atual
20530,32026,20530 - 32026,480181,2026-07-06 16:07:16,OPERACOES,AVARIA DE VIAGEM,1020,1020,0,0,v1-atual
20699,73665,20699 - 73665,303183,2026-07-06 16:08:16,OPERACOES,AVARIA DE VIAGEM,912,912,0,0,v1-atual
17253,157214,17253 - 157214,690185,2026-07-06 16:09:06,OPERACOES,AVARIA DE VIAGEM,696,696,0,0,v1-atual
20698,53573,20698 - 53573,117185,2026-07-06 16:10:16,OPERACOES,AVARIA DE VIAGEM,600,600,0,0,v1-atual
17264,97763,17264 - 97763,339184,2026-07-06 16:11:06,OPERACOES,AVARIA DE VIAGEM,640,640,0,0,v1-atual
664,35580,664 - 35580,552183,2026-07-06 16:11:34,ANA SELMA DA SILVA REIS,AVARIA NO PDV,70,0,0,0,v1-atual
17263,38067,17263 - 38067,309184,2026-07-06 16:12:06,OPERACOES,AVARIA DE VIAGEM,600,0,0,0,v1-atual
20530,32114,20530 - 32114,261184,2026-07-06 16:13:07,OPERACOES,AVARIA DE VIAGEM,900,900,0,0,v1-atual
17263,38043,17263 - 38043,312182,2026-07-06 16:13:56,OPERACOES,AVARIA DE VIAGEM,600,600,0,0,v1-atual
24565,7278,24565 - 7278,399183,2026-07-06 16:22:52,DIEGO,AVARIA NO PDV,186,0,180,0,v1-atual
24565,7279,24565 - 7279,405183,2026-07-06 16:23:45,DIEGO,AVARIA NO PDV,80,0,0,0,v1-atual
14569,134313,14569 - 134313,693183,2026-07-06 16:24:58,DIEGO,AVARIA NO PDV,118,0,30,0,v1-atual
14569,134312,14569 - 134312,690183,2026-07-06 16:25:10,DIEGO,AVARIA NO PDV,120,0,0,0,v1-atual
1699,49610,1699 - 49610,840185,2026-07-06 16:25:25,MEIRE ALBA,OVOS VENCIDOS,1050,0,0,0,v1-atual
24565,7280,24565 - 7280,408183,2026-07-06 16:25:42,DIEGO,AVARIA NA ENTREGA,12,0,0,0,v1-atual
22097,17372,22097 - 17372,216184,2026-07-06 16:28:30,CD JUAZEIRO,AVARIA DE VIAGEM,1000,1000,0,0,v1-atual
23383,5078,23383 - 5078,186183,2026-07-06 16:30:44,CD JUAZEIRO,AVARIA DE VIAGEM,600,600,0,0,v1-atual
20981,11099,20981 - 11099,342183,2026-07-06 16:33:31,CD JUAZEIRO,AVARIA DE VIAGEM,240,240,0,0,v1-atual
1139,74262,1139 - 74262,273184,2026-07-06 16:34:46,CD JUAZEIRO,AVARIA DE VIAGEM,240,240,0,0,v1-atual
11602,245907,11602 - 245907,321184,2026-07-06 16:35:28,CD JUAZEIRO,AVARIA DE VIAGEM,1500,1500,0,0,v1-atual
11602,244751,11602 - 244751,219174,2026-07-06 16:41:45,CD JUAZEIRO,AVARIA DE VIAGEM,590,590,0,0,v1-atual
8205,60784,8205 - 60784,228182,2026-07-06 16:45:50,CD JUAZEIRO,AVARIA DE VIAGEM,540,540,0,0,v1-atual
23096,14018,23096 - 14018,366182,2026-07-06 16:49:48,CD JUAZEIRO,AVARIA DE VIAGEM,1200,1196,0,0,v1-atual
15443,25725,15443 - 25725,690184,2026-07-06 17:10:17,LETICIA ELLEN COSTA DA SILVA,AVARIA NA ENTREGA,420,270,0,0,v1-atual
24339,1709,24339 - 1709,240182,2026-07-06 19:10:23,RAFAEL DOS SANTOS,AVARIA NA ENTREGA,280,280,0,0,v1-atual
22119,57960,22119 - 57960,285173,2026-07-06 19:44:42,VILMENIA,AVARIA NA ENTREGA,146,120,0,0,v1-atual
23488,57767,23488 - 57767,120184,2026-07-06 20:43:01,KLEVERTON FRAGOSO,AVARIA NO PDV,80,0,210,0,v1-atual
23488,57602,23488 - 57602,318182,2026-07-06 20:44:29,KLEVERTON FRAGOSO,AVARIA NO PDV,690,0,0,0,v1-atual
1290,550324,1290 - 550324,960184,2026-07-06 21:04:15,JESSICA COSTA,AVARIA NA ENTREGA,400,400,0,0,v1-atual
1290,550323,1290 - 550323,930184,2026-07-06 21:05:58,JESSICA COSTA,OVOS PODRES,500,500,0,0,v1-atual
1290,550314,1290 - 550314,687183,2026-07-06 21:07:19,JESSICA COSTA,AVARIA NO PDV,12,0,0,0,v1-atual
1290,550313,1290 - 550313,684183,2026-07-06 21:08:08,JESSICA COSTA,AVARIA NO PDV,10,0,0,0,v1-atual
1290,550312,1290 - 550312,681183,2026-07-06 21:08:59,JESSICA COSTA,AVARIA NA ENTREGA,200,0,0,0,v1-atual
1290,550311,1290 - 550311,678183,2026-07-06 21:09:58,JESSICA COSTA,OVOS PODRES,100,0,0,0,v1-atual
5007,153152,5007 - 153152,279184,2026-07-06 21:26:09,RAYARA OLIVEIRA,AVARIA NA ENTREGA,112,0,0,0,v1-atual
5007,153153,5007 - 153153,282184,2026-07-06 21:26:41,RAYARA OLIVEIRA,AVARIA NA ENTREGA,20,0,0,0,v1-atual
7315,290426,7315 - 290426,126185,2026-07-06 21:27:22,RAYARA OLIVEIRA,AVARIA NO PDV,20,0,0,0,v1-atual
7315,290428,7315 - 290428,135185,2026-07-06 21:28:02,RAYARA OLIVEIRA,AVARIA NO PDV,60,0,0,0,v1-atual
23811,1945,23811 - 1945,105184,2026-07-06 21:28:42,RAYARA OLIVEIRA,AVARIA NO PDV,120,0,0,0,v1-atual
12575,169001,12575 - 169001,189182,2026-07-07 00:52:29,PAULO NOVAES,OVOS PODRES,440,0,0,0,v1-atual
12575,169002,12575 - 169002,195182,2026-07-07 00:53:25,PAULO NOVAES,OVOS PODRES,130,0,0,0,v1-atual
12575,169031,12575 - 169031,225183,2026-07-07 00:53:49,PAULO NOVAES,OVOS PODRES,40,0,60,0,v1-atual
15748,167219,15748 - 167219,336183,2026-07-07 00:55:03,PAULO NOVAES,OVOS PODRES,0,0,390,0,v1-atual
15748,167218,15748 - 167218,321183,2026-07-07 00:56:29,PAULO NOVAES,AVARIA NO PDV,90,0,0,0,v1-atual
21377,133510,21377 - 133510,354184,2026-07-07 00:59:29,PAULO NOVAES,OVOS PODRES,140,0,30,0,v1-atual
21377,133509,21377 - 133509,351184,2026-07-07 01:00:11,PAULO NOVAES,OVOS PODRES,240,0,0,0,v1-atual
21377,133490,21377 - 133490,714183,2026-07-07 01:00:59,PAULO NOVAES,OVOS PODRES,30,0,0,0,v1-atual
23467,6916,23467 - 6916,579183,2026-07-07 06:40:41,GUILHERME,AVARIA NO PDV,40,40,0,0,v1-atual
23467,6917,23467 - 6917,585183,2026-07-07 06:41:39,GUILHERME,AVARIA NA ENTREGA,80,0,0,0,v1-atual
23467,6918,23467 - 6918,609183,2026-07-07 06:42:24,GUILHERME,AVARIA NA ENTREGA,180,180,0,0,v1-atual
23467,6919,23467 - 6919,618183,2026-07-07 06:44:54,GUILHERME,AVARIA NA ENTREGA,40,40,0,0,v1-atual
22912,8431,22912 - 8431,606183,2026-07-07 06:46:25,GUILHERME,AVARIA NO PDV,70,0,0,0,v1-atual
22912,8432,22912 - 8432,612183,2026-07-07 06:47:02,GUILHERME,AVARIA NO PDV,20,0,0,0,v1-atual
12027,173241,12027 - 173241,675183,2026-07-07 06:48:22,GUILHERME,AVARIA NO PDV,96,0,0,0,v1-atual
5008,101270,5008 - 101270,207184,2026-07-07 06:49:41,GUILHERME,OVOS PODRES,300,260,0,0,v1-atual
5008,101272,5008 - 101272,222184,2026-07-07 06:50:06,GUILHERME,AVARIA NO PDV,0,0,60,0,v1-atual
12618,200483,12618 - 200483,168183,2026-07-07 07:11:14,RICARDO DE BRITO MAIA,AVARIA NO PDV,94,0,0,0,v1-atual
23590,15057,23590 - 15057,138183,2026-07-07 07:17:42,RENAN DE AZEVEDO OLIVEIRA,AVARIA NO PDV,80,0,0,0,v1-atual
23590,15056,23590 - 15056,135183,2026-07-07 07:18:17,RENAN DE AZEVEDO OLIVEIRA,OVOS VENCIDOS,80,80,0,0,v1-atual
23590,15074,23590 - 15074,570184,2026-07-07 07:18:38,RENAN DE AZEVEDO OLIVEIRA,AVARIA NO PDV,20,20,0,0,v1-atual
23590,15073,23590 - 15073,540184,2026-07-07 07:19:04,RENAN DE AZEVEDO OLIVEIRA,AVARIA NO PDV,180,169,0,0,v1-atual
4242,81361,4242 - 81361,150185,2026-07-07 07:31:16,CHARLES SANTOS GON,PROXIMO AO VENCIMENTO,570,567,0,0,v1-atual
19578,10269,19578 - 10269,930185,2026-07-07 07:38:28,EDNELSON MENDONCA DA CRUZ,AVARIA NO PDV,110,0,0,0,v1-atual
1085,87216,1085 - 87216,123185,2026-07-07 07:41:58,EDNELSON MENDONCA DA CRUZ,AVARIA NO PDV,17316,0,0,0,v1-atual
5528,172826,5528 - 172826,252182,2026-07-07 07:47:54,CLEANE BRANDAO,OVOS PODRES,120,0,0,0,v1-atual
5528,172825,5528 - 172825,249182,2026-07-07 07:48:14,CLEANE BRANDAO,OVOS PODRES,20,0,120,0,v1-atual
18354,6146,18354 - 6146,120185,2026-07-07 07:49:27,IVANA PATRICIA,AVARIA NA ENTREGA,930,0,0,0,v1-atual
5528,172868,5528 - 172868,648183,2026-07-07 07:57:14,CLEANE BRANDAO,AVARIA NA ENTREGA,180,180,0,0,v1-atual
5528,172867,5528 - 172867,642183,2026-07-07 07:57:35,CLEANE BRANDAO,AVARIA NO PDV,20,0,0,0,v1-atual
22706,84457,22706 - 84457,585173,2026-07-07 07:57:57,GILERLESON FEQUES,AVARIA NA ENTREGA,520,0,0,0,v1-atual
5528,172866,5528 - 172866,636183,2026-07-07 07:58:04,CLEANE BRANDAO,AVARIA NO PDV,182,0,30,0,v1-atual
10769,41748,10769 - 41748,495183,2026-07-07 07:59:08,GILERLESON FEQUES,AVARIA NA ENTREGA,830,0,0,0,v1-atual
1303,19582,1303 - 19582,321182,2026-07-07 07:59:35,CLEANE BRANDAO,AVARIA NA ENTREGA,60,60,0,0,v1-atual
6676,120555,6676 - 120555,603183,2026-07-07 07:59:43,GILERLESON FEQUES,AVARIA NA ENTREGA,142,0,0,0,v1-atual
1303,19583,1303 - 19583,327182,2026-07-07 07:59:55,CLEANE BRANDAO,AVARIA NO PDV,20,0,0,0,v1-atual
17512,39962,17512 - 39962,345183,2026-07-07 08:00:25,GILERLESON FEQUES,AVARIA NA ENTREGA,30,0,0,0,v1-atual
12029,107673,12029 - 107673,561183,2026-07-07 08:00:35,CLEANE BRANDAO,AVARIA NO PDV,110,0,270,0,v1-atual
17512,39963,17512 - 39963,348183,2026-07-07 08:01:02,GILERLESON FEQUES,AVARIA NA ENTREGA,20,0,0,0,v1-atual
12029,107629,12029 - 107629,159182,2026-07-07 08:02:08,CLEANE BRANDAO,AVARIA NO PDV,70,0,0,0,v1-atual
12029,107631,12029 - 107631,213182,2026-07-07 08:02:28,CLEANE BRANDAO,AVARIA NO PDV,40,0,0,0,v1-atual
14465,21363,14465 - 21363,522183,2026-07-07 08:06:00,CLEANE BRANDAO,AVARIA NO PDV,270,0,0,0,v1-atual
14465,21362,14465 - 21362,519183,2026-07-07 08:06:20,CLEANE BRANDAO,AVARIA NO PDV,140,0,30,0,v1-atual
25357,552,25357 - 552,702183,2026-07-07 08:08:20,CLEANE BRANDAO,AVARIA NO PDV,40,0,0,0,v1-atual
25357,551,25357 - 551,699183,2026-07-07 08:08:40,CLEANE BRANDAO,AVARIA NO PDV,90,0,0,0,v1-atual
25357,538,25357 - 538,186182,2026-07-07 08:09:00,CLEANE BRANDAO,AVARIA NO PDV,150,0,0,0,v1-atual
25357,537,25357 - 537,174182,2026-07-07 08:09:20,CLEANE BRANDAO,AVARIA NO PDV,96,0,0,0,v1-atual
11605,175455,11605 - 175455,210185,2026-07-07 08:21:21,EVERTON DUARTE,AVARIA NA ENTREGA,380,280,0,0,v1-atual
11605,175456,11605 - 175456,240185,2026-07-07 08:21:41,EVERTON DUARTE,AVARIA NO PDV,80,80,0,0,v1-atual
17576,20271,17576 - 20271,"7,25551E+21",2026-07-07 08:47:35,ANDRESSA NEVES,AVARIA NA ENTREGA,332,294,120,0,v1-atual
23231,563750,23231 - 563750,300182,2026-07-07 08:50:08,MATEUS OLIVEIRA,AVARIA NO PDV,1440,0,30,0,v1-atual
22647,38402,22647 - 38402,720185,2026-07-07 09:07:57,SAMUEL AMARO,AVARIA NO PDV,420,0,540,0,v1-atual
23904,30401,23904 - 30401,348184,2026-07-07 09:12:06,LEONARDO HENRIQUE,OVOS PODRES,160,0,1200,0,v1-atual
21297,44952,21297 - 44952,108182,2026-07-07 09:15:24,BRENDO SILVA,AVARIA NO DEPÓSITO,540,540,0,0,v1-atual
21297,44951,21297 - 44951,105182,2026-07-07 09:15:37,BRENDO SILVA,AVARIA NO DEPÓSITO,150,0,240,0,v1-atual
2286,59421,2286 - 59421,510168,2026-07-07 09:37:40,GEISSON BRENER DA SILVA GOMES,AVARIA NO DEPÓSITO,2230,220,0,0,v1-atual
12562,67780,12562 - 67780,129185,2026-07-07 09:43:33,JEAN ARAUJO PEREIRA,AVARIA NO PDV,112,0,0,0,v1-atual
21896,8633,21896 - 8633,300185,2026-07-07 09:51:03,CAIO GABRIEL DA SILVA ROCHA,AVARIA NO PDV,80,80,30,0,v1-atual
20698,53585,20698 - 53585,306187,2026-07-07 10:03:36,OPERACOES,AVARIA DE VIAGEM,634,634,0,0,v1-atual
2046,19118,2046 - 19118,177187,2026-07-07 10:07:48,ALESSANDRA FARIAS NAZARETH,AVARIA NO PDV,362,0,210,0,v1-atual
17695,4410,17695 - 4410,123184,2026-07-07 10:09:18,ALESSANDRA FARIAS NAZARETH,AVARIA NO PDV,626,0,180,0,v1-atual
17050,90332,17050 - 90332,285181,2026-07-07 10:09:25,LETICIA,AVARIA NA ENTREGA,630,467,0,0,v1-atual
20506,49663,20506 - 49663,570185,2026-07-07 10:10:26,ALESSANDRA FARIAS NAZARETH,AVARIA NO PDV,218,0,0,0,v1-atual
301,143829,301 - 143829,840185,2026-07-07 10:11:23,ALESSANDRA FARIAS NAZARETH,AVARIA NO PDV,790,0,0,0,v1-atual
301,143828,301 - 143828,750185,2026-07-07 10:12:09,ALESSANDRA FARIAS NAZARETH,AVARIA NO PDV,720,0,480,0,v1-atual
3415,9649,3415 - 9649,360184,2026-07-07 10:15:26,PAULO ROBERTO FREIRES,AVARIA NO DEPÓSITO,416,331,0,0,v1-atual
14463,17608,14463 - 17608,282187,2026-07-07 10:38:09,RAIMUNDO,AVARIA NA ENTREGA,510,460,0,0,v1-atual
22299,23910,22299 - 23910,342184,2026-07-07 10:38:26,BRENDO SILVA,AVARIA NO DEPÓSITO,260,0,0,0,v1-atual
15550,66685,15550 - 66685,126187,2026-07-07 10:40:02,ALINE MAIARA SILVA,AVARIA NO PDV,10,0,0,0,v1-atual
1304,23776,1304 - 23776,717183,2026-07-07 10:40:23,DANIELE,NÃO LOCALIZADO,220,0,30,0,v1-atual
15550,66686,15550 - 66686,129187,2026-07-07 10:40:32,ALINE MAIARA SILVA,AVARIA NO PDV,310,0,0,0,v1-atual
1304,23778,1304 - 23778,723183,2026-07-07 10:41:10,DANIELE,AVARIA NO PDV,10,0,0,0,v1-atual
1304,23802,1304 - 23802,447187,2026-07-07 10:42:10,DANIELE,AVARIA NO PDV,310,310,0,0,v1-atual
22144,40683,22144 - 40683,306173,2026-07-07 10:43:11,BRENDO SILVA,OVOS PODRES,250,0,1410,0,v1-atual
22025,42591,22025 - 42591,201184,2026-07-07 10:43:29,BRENDO SILVA,AVARIA NO PDV,60,0,0,0,v1-atual
21416,48271,21416 - 48271,495187,2026-07-07 10:43:49,BRENDO SILVA,AVARIA NO PDV,30,0,0,0,v1-atual
12028,137404,12028 - 137404,540183,2026-07-07 10:44:00,DANIELE,AVARIA NO PDV,10,0,90,0,v1-atual
21416,48170,21416 - 48170,117182,2026-07-07 10:44:31,BRENDO SILVA,OVOS VENCIDOS,3900,0,60,0,v1-atual
12028,137486,12028 - 137486,240187,2026-07-07 10:44:40,DANIELE,AVARIA NO PDV,30,0,30,0,v1-atual
18495,5186,18495 - 5186,186187,2026-07-07 10:45:36,DANIELE,AVARIA NO PDV,300,300,0,0,v1-atual
12735,113698,12735 - 113698,210182,2026-07-07 10:45:51,BRENDO SILVA,AVARIA NA ENTREGA,340,0,0,0,v1-atual
12735,113697,12735 - 113697,201182,2026-07-07 10:46:29,BRENDO SILVA,AVARIA NA ENTREGA,1500,1500,0,0,v1-atual
18495,5187,18495 - 5187,189187,2026-07-07 10:46:31,DANIELE,AVARIA NO PDV,120,109,0,0,v1-atual
18495,5188,18495 - 5188,195187,2026-07-07 10:47:20,DANIELE,AVARIA NO PDV,80,0,0,0,v1-atual
18495,5207,18495 - 5207,615187,2026-07-07 10:48:24,DANIELE,AVARIA NO PDV,52,0,0,0,v1-atual
18495,5190,18495 - 5190,204187,2026-07-07 10:49:03,DANIELE,AVARIA NO PDV,230,0,0,0,v1-atual
12733,177055,12733 - 177055,930185,2026-07-07 10:50:07,BRENDO SILVA,AVARIA NA ENTREGA,1500,1500,0,0,v1-atual
12789,91991,12789 - 91991,153185,2026-07-07 10:50:27,BRENDO SILVA,AVARIA NO PDV,30,0,0,0,v1-atual
12733,177057,12733 - 177057,960185,2026-07-07 10:50:42,BRENDO SILVA,AVARIA NO PDV,150,0,0,0,v1-atual
12734,96440,12734 - 96440,105185,2026-07-07 10:50:58,BRENDO SILVA,AVARIA NO PDV,70,0,30,0,v1-atual
12733,177012,12733 - 177012,339182,2026-07-07 10:51:15,BRENDO SILVA,AVARIA NO DEPÓSITO,320,0,0,0,v1-atual
12030,175645,12030 - 175645,417183,2026-07-07 10:51:19,DANIELE,AVARIA NO PDV,200,0,0,0,v1-atual
12733,176995,12733 - 176995,255182,2026-07-07 10:51:43,BRENDO SILVA,OVOS PODRES,1260,0,0,0,v1-atual
12030,175646,12030 - 175646,435183,2026-07-07 10:52:05,DANIELE,AVARIA NO PDV,100,0,0,0,v1-atual
2585,1079674,2585 - 1079674,243187,2026-07-07 10:52:52,EDSON ALVES DA COSTA,AVARIA NO DEPÓSITO,320,0,0,0,v1-atual
12030,175647,12030 - 175647,444183,2026-07-07 10:53:22,DANIELE,AVARIA NO PDV,70,0,0,0,v1-atual
12030,175648,12030 - 175648,459183,2026-07-07 10:54:26,DANIELE,AVARIA NO PDV,40,0,0,0,v1-atual
12030,175649,12030 - 175649,465183,2026-07-07 10:55:27,DANIELE,AVARIA NO PDV,40,0,0,0,v1-atual
12030,175729,12030 - 175729,390187,2026-07-07 10:56:30,DANIELE,AVARIA NO PDV,20,0,0,0,v1-atual
12030,175730,12030 - 175730,393187,2026-07-07 10:59:36,DANIELE,AVARIA NO PDV,72,0,150,0,v1-atual
12026,52482,12026 - 52482,660187,2026-07-07 10:59:39,ELIABE LIMA MOURA,OVOS VENCIDOS,50,0,0,0,v1-atual
21271,10296,21271 - 10296,150184,2026-07-07 11:06:52,JULYANNA MACIEL,AVARIA NO DEPÓSITO,1050,330,0,0,v1-atual
20546,130640,20546 - 130640,900187,2026-07-07 11:10:34,KILDERLAN,AVARIA NA ENTREGA,720,720,0,0,v1-atual
20546,130639,20546 - 130639,600187,2026-07-07 11:13:04,KILDERLAN,AVARIA NA ENTREGA,940,940,0,0,v1-atual
23837,9536,23837 - 9536,156182,2026-07-07 11:13:41,RENAN,AVARIA NO PDV,210,0,0,0,v1-atual
7640,22277,7640 - 22277,237182,2026-07-07 11:15:15,RENAN,AVARIA NO PDV,245,0,0,0,v1-atual
20126,41944,20126 - 41944,213184,2026-07-07 11:17:39,KARINA COSTA,AVARIA NO PDV,460,170,300,0,v1-atual
21555,16831,21555 - 16831,423183,2026-07-07 11:18:44,RENAN,AVARIA NO PDV,350,0,480,0,v1-atual
9456,90178,9456 - 90178,450187,2026-07-07 11:21:05,CARLOS HENRIQUE,AVARIA NA ENTREGA,690,570,300,0,v1-atual
19243,106621,19243 - 106621,291182,2026-07-07 11:21:27,RENAN,AVARIA NO PDV,100,0,0,0,v1-atual
19243,106620,19243 - 106620,285182,2026-07-07 11:21:50,RENAN,AVARIA NO PDV,66,0,0,0,v1-atual
1283,111585,1283 - 111585,489187,2026-07-07 11:22:35,CARLOS HENRIQUE,AVARIA NA ENTREGA,240,200,0,0,v1-atual
1283,111584,1283 - 111584,486187,2026-07-07 11:23:01,CARLOS HENRIQUE,AVARIA NA ENTREGA,200,190,0,0,v1-atual
21547,13277,21547 - 13277,288187,2026-07-07 11:36:26,NATHANAEL CAVALCANTE,AVARIA NO DEPÓSITO,2738,2160,60,0,v1-atual
21498,62003,21498 - 62003,159187,2026-07-07 11:44:30,TIAGO ARAGÃO DE JESUS,AVARIA NA ENTREGA,710,0,0,0,v1-atual
21498,61892,21498 - 61892,216182,2026-07-07 11:46:30,TIAGO ARAGÃO DE JESUS,AVARIA NA ENTREGA,410,0,0,0,v1-atual
11603,183117,11603 - 183117,450185,2026-07-07 11:47:44,CARLOS JEAN,AVARIA NO DEPÓSITO,5000,1800,0,0,v1-atual
11603,183118,11603 - 183118,480185,2026-07-07 11:48:39,CARLOS JEAN,AVARIA NO DEPÓSITO,10,0,0,0,v1-atual
17513,66705,17513 - 66705,339187,2026-07-07 11:54:54,GILERLESON FEQUES,AVARIA NA ENTREGA,500,500,0,0,v1-atual
17513,66704,17513 - 66704,333187,2026-07-07 11:55:21,GILERLESON FEQUES,AVARIA NA ENTREGA,20,0,0,0,v1-atual
17513,66702,17513 - 66702,312187,2026-07-07 11:55:38,GILERLESON FEQUES,AVARIA NA ENTREGA,40,0,90,0,v1-atual
17513,66703,17513 - 66703,324187,2026-07-07 11:55:54,GILERLESON FEQUES,AVARIA NA ENTREGA,260,0,0,0,v1-atual
22314,20813,22314 - 20813,300187,2026-07-07 11:57:22,MIGUEL ABNER CARV,AVARIA NO PDV,240,0,0,0,v1-atual
1693,32683,1693 - 32683,270187,2026-07-07 12:02:25,MARIA IRANEIDE,AVARIA NO DEPÓSITO,352,0,0,0,v1-atual
20189,40842,20189 - 40842,990187,2026-07-07 12:07:37,ALBA,AVARIA NA ENTREGA,360,0,0,0,v1-atual
3141,535665,3141 - 535665,486181,2026-07-07 12:10:06,CAMILA LORENA,AVARIA NO PDV,220,203,0,0,v1-atual
16297,109002,16297 - 109002,471156,2026-07-07 12:17:29,WALDERLANEA,AVARIA NO PDV,240,200,0,0,v1-atual
16297,108930,16297 - 108930,183154,2026-07-07 12:21:09,WALDERLANEA,AVARIA NO PDV,800,750,0,0,v1-atual
25437,609,25437 - 609,240187,2026-07-07 12:49:43,CAIO GABRIEL DA SILVA ROCHA,AVARIA NO PDV,970,0,570,0,v1-atual
23231,563841,23231 - 563841,144185,2026-07-07 13:05:10,MATEUS OLIVEIRA,OVOS VENCIDOS,4240,0,90,0,v1-atual
1960,40017,1960 - 40017,240184,2026-07-07 13:18:35,ALYSON SOUSA,OVOS VENCIDOS,716,0,0,0,v1-atual
1960,40057,1960 - 40057,300187,2026-07-07 13:21:55,ALYSON SOUSA,OVOS VENCIDOS,772,0,0,0,v1-atual
7839,20718,7839 - 20718,780187,2026-07-07 13:23:05,ALYSON SOUSA,OVOS PODRES,152,0,0,0,v1-atual
7839,20682,7839 - 20682,300184,2026-07-07 13:23:23,ALYSON SOUSA,OVOS PODRES,60,0,0,0,v1-atual
21852,21403,21852 - 21403,720184,2026-07-07 13:25:00,ALYSON SOUSA,AVARIA NO PDV,100,100,0,0,v1-atual
15090,48780,15090 - 48780,630184,2026-07-07 13:26:02,ALYSON SOUSA,AVARIA NO DEPÓSITO,930,480,150,0,v1-atual
20981,11096,20981 - 11096,195183,2026-07-07 13:29:05,ANDRE PEREIRA,AVARIA NA ENTREGA,350,196,0,0,v1-atual
164,1820793,164 - 1820793,411183,2026-07-07 13:52:12,MICHAEL DOUGLAS,AVARIA NO DEPÓSITO,220,220,0,0,v1-atual
164,1820797,164 - 1820797,414183,2026-07-07 13:54:13,MICHAEL DOUGLAS,AVARIA NO DEPÓSITO,120,120,0,0,v1-atual
4363,38623,4363 - 38623,180185,2026-07-07 14:03:06,PAULO ROBERTO FREIRES,AVARIA NO PDV,130,0,0,0,v1-atual
7142,18841,7142 - 18841,120187,2026-07-07 14:48:59,ROBSON LIMA DOS SANTOS,AVARIA NA ENTREGA,360,290,0,0,v1-atual
11410,22450,11410 - 22450,165187,2026-07-07 14:51:46,ROBSON LIMA DOS SANTOS,AVARIA NA ENTREGA,270,180,0,0,v1-atual
20402,82641,20402 - 82641,156185,2026-07-07 15:34:03,ANDERSON BARBOSA,OVOS PODRES,700,0,1560,0,v1-atual
21297,44960,21297 - 44960,405182,2026-07-07 15:52:23,BRENDO SILVA,AVARIA NO DEPÓSITO,240,240,0,0,v1-atual
5007,152964,5007 - 152964,156175,2026-07-07 16:10:09,FLÁVIO,AVARIA DE VIAGEM,1800,720,0,0,v1-atual
12030,175590,12030 - 175590,453181,2026-07-07 16:12:29,FLÁVIO,AVARIA DE VIAGEM,180,0,0,0,v1-atual
22213,2852,22213 - 2852,138187,2026-07-07 16:17:29,RICARDO DE BRITO MAIA,OVOS PODRES,1466,0,300,0,v1-atual
22896,6644,22896 - 6644,321187,2026-07-07 16:21:48,RICARDO DE BRITO MAIA,OVOS PODRES,740,0,1500,0,v1-atual
20831,145154,20831 - 145154,573183,2026-07-07 16:40:34,ANGELA,AVARIA NO DEPÓSITO,600,0,0,0,v1-atual
20831,145148,20831 - 145148,468183,2026-07-07 16:41:14,ANGELA,AVARIA NO DEPÓSITO,330,0,0,0,v1-atual
20831,145143,20831 - 145143,402183,2026-07-07 16:41:44,ANGELA,AVARIA NO DEPÓSITO,148,0,0,0,v1-atual
21738,135191,21738 - 135191,588187,2026-07-07 16:42:25,ANGELA,AVARIA NO DEPÓSITO,1470,0,0,0,v1-atual
21738,135013,21738 - 135013,111185,2026-07-07 16:42:55,ANGELA,AVARIA NO DEPÓSITO,1080,0,60,0,v1-atual
21738,134830,21738 - 134830,489183,2026-07-07 16:43:25,ANGELA,AVARIA NO DEPÓSITO,1860,0,30,0,v1-atual
20831,145223,20831 - 145223,378187,2026-07-07 16:44:05,ANGELA,AVARIA NO DEPÓSITO,40,0,0,0,v1-atual
20831,145222,20831 - 145222,372187,2026-07-07 16:46:15,ANGELA,AVARIA NO DEPÓSITO,80,0,0,0,v1-atual
20831,145221,20831 - 145221,357187,2026-07-07 16:46:45,ANGELA,AVARIA NO DEPÓSITO,210,0,150,0,v1-atual
12560,259646,12560 - 259646,192187,2026-07-07 16:54:49,FLÁVIO,AVARIA DE VIAGEM,750,380,0,0,v1-atual
16066,127206,16066 - 127206,438183,2026-07-07 17:02:19,FLÁVIO,AVARIA DE VIAGEM,1200,520,0,0,v1-atual
1290,550349,1290 - 550349,270184,2026-07-07 17:12:49,FLÁVIO,AVARIA DE VIAGEM,2870,1400,0,0,v1-atual
22706,85575,22706 - 85575,378183,2026-07-07 17:17:49,FLÁVIO,AVARIA DE VIAGEM,800,330,0,0,v1-atual
19816,83847,19816 - 83847,102184,2026-07-07 17:21:21,WASHINGTON,AVARIA NO DEPÓSITO,760,660,600,0,v1-atual
18992,23284,18992 - 23284,276187,2026-07-07 17:23:09,SAOUSA RENATO,AVARIA NO DEPÓSITO,100,0,30,0,v1-atual
15741,106103,15741 - 106103,570187,2026-07-07 17:25:39,SAOUSA RENATO,AVARIA NO DEPÓSITO,610,0,0,0,v1-atual
15741,106102,15741 - 106102,567187,2026-07-07 17:26:39,SAOUSA RENATO,AVARIA NO DEPÓSITO,330,0,0,0,v1-atual
15741,106099,15741 - 106099,558187,2026-07-07 17:28:49,SAOUSA RENATO,AVARIA NO DEPÓSITO,550,0,90,0,v1-atual
12560,259673,12560 - 259673,336187,2026-07-07 17:46:51,RAYLLA SOUSA SANTOS,AVARIA NO DEPÓSITO,40,0,0,0,v1-atual
12560,259676,12560 - 259676,342187,2026-07-07 17:47:46,RAYLLA SOUSA SANTOS,AVARIA NO DEPÓSITO,200,0,0,0,v1-atual
19558,11549,19558 - 11549,180187,2026-07-07 19:23:29,RAFAEL DOS SANTOS,OVOS VENCIDOS,20,20,570,570,v1-atual
19558,11548,19558 - 11548,150187,2026-07-07 19:24:08,RAFAEL DOS SANTOS,AVARIA NA ENTREGA,1340,1340,0,0,v1-atual
21983,104169,21983 - 104169,750184,2026-07-07 19:57:44,RAFAEL DOS SANTOS,AVARIA NA ENTREGA,282,282,0,0,v1-atual
21983,104170,21983 - 104170,780184,2026-07-07 19:58:20,RAFAEL DOS SANTOS,AVARIA NA ENTREGA,40,30,210,0,v1-atual
11407,174779,11407 - 174779,216187,2026-07-08 06:58:27,JARDEL ARAUJO,AVARIA NO DEPÓSITO,6480,3600,300,0,v1-atual
11407,174776,11407 - 174776,213187,2026-07-08 06:58:47,JARDEL ARAUJO,AVARIA NO DEPÓSITO,1620,0,0,0,v1-atual
25224,1578,25224 - 1578,147187,2026-07-08 07:19:12,MARIA,OVOS PODRES,542,0,0,0,v1-atual
25224,1506,25224 - 1506,351183,2026-07-08 07:20:02,MARIA,NOTA RECUSADA,592,0,150,0,v1-atual
8105,54805,8105 - 54805,123187,2026-07-08 07:20:06,ENIO,AVARIA NO PDV,270,0,120,0,v1-atual
5009,137113,5009 - 137113,228187,2026-07-08 07:20:15,WILIANE GALVAO,AVARIA NA ENTREGA,310,0,0,0,v1-atual
16363,39938,16363 - 39938,327187,2026-07-08 07:25:13,JOEL LOBATO ALVES,AVARIA NO DEPÓSITO,110,0,180,0,v1-atual
8079,25635,8079 - 25635,459187,2026-07-08 07:26:00,THIEUDE,AVARIA NO DEPÓSITO,390,325,0,0,v1-atual
11607,237919,11607 - 237919,600187,2026-07-08 07:26:06,FRANCISCO JAMISON SOUSA DE MIRANDA,AVARIA NA ENTREGA,450,0,0,0,v1-atual
8079,25633,8079 - 25633,405187,2026-07-08 07:26:46,THIEUDE,OVOS VENCIDOS,140,118,0,0,v1-atual
11607,237918,11607 - 237918,570187,2026-07-08 07:27:43,FRANCISCO JAMISON SOUSA DE MIRANDA,AVARIA NA ENTREGA,550,550,0,0,v1-atual
8079,25634,8079 - 25634,426187,2026-07-08 07:28:00,THIEUDE,AVARIA NO DEPÓSITO,120,90,0,0,v1-atual
11607,237917,11607 - 237917,540187,2026-07-08 07:28:08,FRANCISCO JAMISON SOUSA DE MIRANDA,AVARIA NA ENTREGA,740,740,0,0,v1-atual
15403,94407,15403 - 94407,171187,2026-07-08 08:26:59,MEIRE ALBA,NÃO LOCALIZADO,270,0,2160,0,v1-atual
1695,28738,1695 - 28738,132187,2026-07-08 08:31:35,MEIRE ALBA,AVARIA NA ENTREGA,412,0,30,0,v1-atual
14545,154449,14545 - 154449,207187,2026-07-08 08:31:56,FABIANE RODRIGUES,AVARIA NO PDV,10,0,150,0,v1-atual
11517,46710,11517 - 46710,102187,2026-07-08 08:38:41,MARIA IRANEIDE,AVARIA NO DEPÓSITO,140,0,0,0,v1-atual
22119,58854,22119 - 58854,351187,2026-07-08 08:39:15,VILMENIA,AVARIA NA ENTREGA,450,270,60,0,v1-atual
6689,390056,6689 - 390056,249184,2026-07-08 08:57:53,VILMENIA,OVOS MOFADOS,960,430,0,0,v1-atual
6689,390057,6689 - 390057,255184,2026-07-08 08:59:53,VILMENIA,OVOS MOFADOS,160,100,0,0,v1-atual
6689,390066,6689 - 390066,333184,2026-07-08 09:05:22,VILMENIA,OVOS MOFADOS,150,100,0,0,v1-atual
17263,38126,17263 - 38126,4b7d5547-ea1e-408e-8939-1540ca81932f,2026-07-08 09:07:18,RUBENS ESCOCIO,AVARIA NA ENTREGA,290,183,60,0,v1-atual
18992,23208,18992 - 23208,720185,2026-07-08 09:10:34,SAOUSA RENATO,AVARIA NO DEPÓSITO,212,0,0,0,v1-atual
22860,19636,22860 - 19636,483187,2026-07-08 09:16:51,WENDY FERREIRA,AVARIA NO PDV,460,460,0,0,v1-atual
22860,19635,22860 - 19635,468187,2026-07-08 09:17:16,WENDY FERREIRA,AVARIA NO PDV,250,250,0,0,v1-atual
22860,19628,22860 - 19628,363187,2026-07-08 09:17:41,WENDY FERREIRA,AVARIA NO PDV,150,150,0,0,v1-atual
17265,34936,17265 - 34936,"9,45419E+19",2026-07-08 09:24:36,KLEVERTON FRAGOSO,AVARIA NO PDV,220,220,0,0,v1-atual
23753,31325,23753 - 31325,"2,7769E+18",2026-07-08 09:37:13,WESLEY MEDEIROS,AVARIA NO DEPÓSITO,240,150,60,0,v1-atual
15748,167367,15748 - 167367,285187,2026-07-08 09:45:31,RENAN,AVARIA NO PDV,306,0,60,0,v1-atual
15748,167366,15748 - 167366,279187,2026-07-08 09:46:28,RENAN,OVOS PODRES,400,0,0,0,v1-atual
1083,72486,1083 - 72486,318188,2026-07-08 09:54:27,JEAN ARAUJO PEREIRA,AVARIA NO PDV,170,0,0,0,v1-atual
3765,448856,3765 - 448856,177187,2026-07-08 09:55:02,JEAN ARAUJO PEREIRA,AVARIA NO PDV,230,0,150,0,v1-atual
21297,45189,21297 - 45189,276188,2026-07-08 10:00:37,BRENDO SILVA,AVARIA NO DEPÓSITO,140,0,0,0,v1-atual
21297,45190,21297 - 45190,279188,2026-07-08 10:00:46,BRENDO SILVA,AVARIA NO DEPÓSITO,140,0,0,0,v1-atual
20451,67246,20451 - 67246,270188,2026-07-08 10:02:47,BRENDO SILVA,AVARIA NO PDV,160,0,0,0,v1-atual
20451,67245,20451 - 67245,267188,2026-07-08 10:03:07,BRENDO SILVA,AVARIA NO PDV,50,0,150,0,v1-atual
18992,23320,18992 - 23320,381188,2026-07-08 10:03:19,SAOUSA RENATO,AVARIA NO DEPÓSITO,60,0,0,0,v1-atual
23682,26166,23682 - 26166,192188,2026-07-08 10:04:27,BRENDO SILVA,AVARIA NO DEPÓSITO,360,0,0,0,v1-atual
1079,114410,1079 - 114410,315187,2026-07-08 10:05:14,ANA SELMA DA SILVA REIS,AVARIA NO PDV,546,546,0,0,v1-atual
23836,9018,23836 - 9018,186188,2026-07-08 10:07:23,MATEUS FIGUEIREDO FERREIRA,AVARIA NO DEPÓSITO,310,200,0,0,v1-atual
4490,57910,4490 - 57910,207188,2026-07-08 10:09:47,MATEUS FIGUEIREDO FERREIRA,NÃO LOCALIZADO,460,300,30,0,v1-atual
12789,92024,12789 - 92024,168188,2026-07-08 10:10:11,BRENDO SILVA,AVARIA NO PDV,90,0,0,0,v1-atual
8291,243300,8291 - 243300,150188,2026-07-08 10:10:31,BRENDO SILVA,AVARIA NO DEPÓSITO,360,360,0,0,v1-atual
19225,97585,19225 - 97585,300184,2026-07-08 10:13:12,BRENDO SILVA,AVARIA NO PDV,160,0,0,0,v1-atual
19225,97584,19225 - 97584,297184,2026-07-08 10:13:20,BRENDO SILVA,AVARIA NO DEPÓSITO,180,0,0,0,v1-atual
12731,209853,12731 - 209853,363188,2026-07-08 10:13:36,MAIQUES ANTONIO MACHADO,AVARIA NA ENTREGA,650,0,0,0,v1-atual
23370,4856,23370 - 4856,342182,2026-07-08 10:16:39,BRENDO SILVA,AVARIA NO PDV,280,0,0,0,v1-atual
23370,4875,23370 - 4875,234184,2026-07-08 10:16:47,BRENDO SILVA,AVARIA NO DEPÓSITO,240,0,0,0,v1-atual
23370,4927,23370 - 4927,198187,2026-07-08 10:16:54,BRENDO SILVA,AVARIA NO PDV,110,0,0,0,v1-atual
15738,76519,15738 - 76519,117187,2026-07-08 10:26:31,PAULO FERNANDO SILVA,AVARIA NO PDV,0,0,90,0,v1-atual
15738,76518,15738 - 76518,114187,2026-07-08 10:27:17,PAULO FERNANDO SILVA,AVARIA NA ENTREGA,102,102,0,0,v1-atual
12553,108211,12553 - 108211,306187,2026-07-08 10:28:42,PAULO FERNANDO SILVA,AVARIA NA ENTREGA,20,20,0,0,v1-atual
22144,40689,22144 - 40689,327173,2026-07-08 10:33:50,BRENDO SILVA,AVARIA NO PDV,10,0,0,0,v1-atual
22144,40943,22144 - 40943,204184,2026-07-08 10:34:01,BRENDO SILVA,AVARIA NO DEPÓSITO,150,0,0,0,v1-atual
22144,40687,22144 - 40687,357173,2026-07-08 10:34:11,BRENDO SILVA,OVOS PODRES,1400,0,0,0,v1-atual
22144,40899,22144 - 40899,288182,2026-07-08 10:34:16,BRENDO SILVA,OVOS PODRES,960,0,60,0,v1-atual
22144,40900,22144 - 40900,294182,2026-07-08 10:34:25,BRENDO SILVA,AVARIA NO DEPÓSITO,764,0,0,0,v1-atual
21971,128711,21971 - 128711,591187,2026-07-08 10:37:28,JORSIRLAN,AVARIA NA ENTREGA,780,0,180,0,v1-atual
20924,46290,20924 - 46290,291187,2026-07-08 10:43:03,DOUGLAS CARVALHO,AVARIA NA ENTREGA,840,0,0,0,v1-atual
16022,454557,16022 - 454557,216188,2026-07-08 10:51:24,ANDERSON BARBOSA,OVOS PODRES,860,0,3780,0,v1-atual
16022,454624,16022 - 454624,249188,2026-07-08 10:57:36,ANDERSON BARBOSA,OVOS PODRES,780,0,2400,0,v1-atual
23484,38193,23484 - 38193,102188,2026-07-08 11:15:58,FRANCISCO ALEXANDRE,AVARIA NA ENTREGA,210,175,0,0,v1-atual
23484,38192,23484 - 38192,990188,2026-07-08 11:16:28,FRANCISCO ALEXANDRE,AVARIA NA ENTREGA,50,0,0,0,v1-atual
23484,38191,23484 - 38191,960188,2026-07-08 11:16:58,FRANCISCO ALEXANDRE,AVARIA NA ENTREGA,70,0,0,0,v1-atual
14254,44155,14254 - 44155,264187,2026-07-08 11:17:02,PAULO NATAN,AVARIA NO PDV,320,0,0,0,v1-atual
21529,95096,21529 - 95096,132188,2026-07-08 11:17:40,FRANCISCO CLEILSON,AVARIA NA ENTREGA,10,10,0,0,v1-atual
17262,26444,17262 - 26444,156184,2026-07-08 11:17:48,ALYSSON MARTINS,AVARIA NO DEPÓSITO,530,420,0,0,v1-atual
23484,38190,23484 - 38190,930188,2026-07-08 11:17:58,FRANCISCO ALEXANDRE,AVARIA NA ENTREGA,30,0,0,0,v1-atual
23484,38189,23484 - 38189,900188,2026-07-08 11:18:28,FRANCISCO ALEXANDRE,AVARIA NA ENTREGA,0,0,30,0,v1-atual
21529,95095,21529 - 95095,126188,2026-07-08 11:18:42,FRANCISCO CLEILSON,AVARIA NA ENTREGA,510,480,0,0,v1-atual
21529,95094,21529 - 95094,123188,2026-07-08 11:19:37,FRANCISCO CLEILSON,AVARIA NA ENTREGA,290,290,0,0,v1-atual
21529,95093,21529 - 95093,120188,2026-07-08 11:20:09,FRANCISCO CLEILSON,AVARIA NA ENTREGA,210,210,0,0,v1-atual
21529,95071,21529 - 95071,810188,2026-07-08 11:20:28,FRANCISCO CLEILSON,AVARIA NA ENTREGA,300,300,0,0,v1-atual
21530,90440,21530 - 90440,570188,2026-07-08 11:21:30,FRANCISCO CLEILSON,AVARIA NA ENTREGA,980,980,0,0,v1-atual
21530,90439,21530 - 90439,540188,2026-07-08 11:22:03,FRANCISCO CLEILSON,AVARIA NA ENTREGA,910,910,0,0,v1-atual
21530,90438,21530 - 90438,510188,2026-07-08 11:22:41,FRANCISCO CLEILSON,AVARIA NA ENTREGA,30,30,0,0,v1-atual
21530,90380,21530 - 90380,750187,2026-07-08 11:23:34,FRANCISCO CLEILSON,AVARIA NA ENTREGA,80,80,0,0,v1-atual
21530,90378,21530 - 90378,690187,2026-07-08 11:24:10,FRANCISCO CLEILSON,AVARIA NA ENTREGA,690,690,0,0,v1-atual
21530,90379,21530 - 90379,720187,2026-07-08 11:25:26,FRANCISCO CLEILSON,AVARIA NO DEPÓSITO,30,30,0,0,v1-atual
21816,5201,21816 - 5201,117188,2026-07-08 11:27:06,LETICIA ELLEN COSTA DA SILVA,AVARIA NA ENTREGA,280,120,0,0,v1-atual
21998,22830,21998 - 22830,300188,2026-07-08 11:28:06,LETICIA ELLEN COSTA DA SILVA,AVARIA NA ENTREGA,340,230,0,0,v1-atual
24391,4628,24391 - 4628,189184,2026-07-08 11:31:38,NATHANAEL CAVALCANTE,AVARIA NO PDV,376,0,30,0,v1-atual
25136,1729,25136 - 1729,333188,2026-07-08 11:42:44,SAOUSA RENATO,AVARIA NO DEPÓSITO,340,0,0,0,v1-atual
25136,1728,25136 - 1728,330188,2026-07-08 11:43:34,SAOUSA RENATO,AVARIA NO DEPÓSITO,150,0,0,0,v1-atual
15741,106135,15741 - 106135,324188,2026-07-08 11:44:54,SAOUSA RENATO,AVARIA NO DEPÓSITO,1040,0,0,0,v1-atual
22025,41783,22025 - 41783,156161,2026-07-08 11:47:51,BRENDO SILVA,AVARIA NO DEPÓSITO,300,0,0,0,v1-atual
22025,41974,22025 - 41974,621166,2026-07-08 11:47:57,BRENDO SILVA,AVARIA NO DEPÓSITO,590,0,0,0,v1-atual
22025,42590,22025 - 42590,198184,2026-07-08 11:48:05,BRENDO SILVA,OVOS PODRES,1030,0,0,0,v1-atual
9841,33586,9841 - 33586,360188,2026-07-08 11:48:06,ELIABE LIMA MOURA,AVARIA NA ENTREGA,520,520,0,0,v1-atual
21930,29661,21930 - 29661,510146,2026-07-08 11:48:14,BRENDO SILVA,OVOS PODRES,320,0,90,0,v1-atual
21930,29831,21930 - 29831,414153,2026-07-08 11:48:19,BRENDO SILVA,OVOS PODRES,1730,0,0,0,v1-atual
9841,33587,9841 - 33587,390188,2026-07-08 11:48:32,ELIABE LIMA MOURA,OVOS VENCIDOS,380,380,0,0,v1-atual
21417,46748,21417 - 46748,210187,2026-07-08 11:48:34,BRENDO SILVA,OVOS VENCIDOS,2060,0,0,0,v1-atual
11605,175599,11605 - 175599,180188,2026-07-08 11:48:52,ELIABE LIMA MOURA,AVARIA NA ENTREGA,250,250,0,0,v1-atual
23560,757326,23560 - 757326,153182,2026-07-08 11:55:26,BRENDO SILVA,OVOS VENCIDOS,2340,0,30,0,v1-atual
23560,763259,23560 - 763259,222188,2026-07-08 11:55:47,BRENDO SILVA,OVOS VENCIDOS,1530,0,180,0,v1-atual
22981,24108,22981 - 24108,237187,2026-07-08 11:56:04,BRENDO SILVA,AVARIA NO DEPÓSITO,210,0,1440,0,v1-atual
11517,46784,11517 - 46784,282188,2026-07-08 12:03:55,MARIA IRANEIDE,OVOS MOFADOS,0,0,4080,0,v1-atual
24703,11556,24703 - 11556,177188,2026-07-08 12:05:00,IRACILDA DA SILVA,OVOS PODRES,790,0,90,0,v1-atual
4487,251390,4487 - 251390,297187,2026-07-08 12:13:18,LEIS LEAL DOS SANTOS,AVARIA NA ENTREGA,852,808,150,0,v1-atual
23424,167,23424 - 167,393188,2026-07-08 12:15:48,LEIS LEAL DOS SANTOS,OVOS VENCIDOS,460,0,90,0,v1-atual
23424,163,23424 - 163,183188,2026-07-08 12:16:48,LEIS LEAL DOS SANTOS,AVARIA NO DEPÓSITO,170,0,0,0,v1-atual
13777,71623,13777 - 71623,870187,2026-07-08 12:35:05,FERNANDO,OVOS PODRES,580,0,0,0,v1-atual
19243,106752,19243 - 106752,294188,2026-07-08 12:35:44,FERNANDO,OVOS PODRES,32,0,120,0,v1-atual
19243,106753,19243 - 106753,300188,2026-07-08 12:36:00,FERNANDO,AVARIA NO PDV,40,0,0,0,v1-atual
19826,51400,19826 - 51400,228188,2026-07-08 12:37:16,FELIPE MARQUES,AVARIA NA ENTREGA,120,75,0,0,v1-atual
19826,51401,19826 - 51401,231188,2026-07-08 12:37:54,FELIPE MARQUES,AVARIA NA ENTREGA,640,640,0,0,v1-atual
25048,2151,25048 - 2151,486183,2026-07-08 12:43:09,THIEUDE,AVARIA NA ENTREGA,120,94,0,0,v1-atual
1284,245668,1284 - 245668,165184,2026-07-08 12:46:12,THIEUDE,AVARIA NO PDV,160,120,0,0,v1-atual
1284,245651,1284 - 245651,597183,2026-07-08 12:48:59,THIEUDE,AVARIA NO DEPÓSITO,330,240,0,0,v1-atual
17264,97828,17264 - 97828,342188,2026-07-08 12:51:34,OPERACOES,AVARIA DE VIAGEM,660,660,0,0,v1-atual
20699,73754,20699 - 73754,378188,2026-07-08 12:52:24,OPERACOES,AVARIA DE VIAGEM,1530,1530,0,0,v1-atual
21547,13274,21547 - 13274,168187,2026-07-08 12:53:14,OPERACOES,AVARIA DE VIAGEM,300,0,0,0,v1-atual
25615,156,25615 - 156,195170,2026-07-08 13:15:03,FLÁVIO,AVARIA DE VIAGEM,5040,5040,0,0,v1-atual
11604,221997,11604 - 221997,450187,2026-07-08 14:31:44,JOÃO VICTOR GOMES FERREIRA,AVARIA NO DEPÓSITO,50,0,0,0,v1-atual
11604,221999,11604 - 221999,510187,2026-07-08 14:32:08,JOÃO VICTOR GOMES FERREIRA,AVARIA NO DEPÓSITO,10,0,0,0,v1-atual
11604,221998,11604 - 221998,480187,2026-07-08 14:33:14,JOÃO VICTOR GOMES FERREIRA,AVARIA NO DEPÓSITO,1730,1320,0,0,v1-atual
20530,32118,20530 - 32118,267184,2026-07-08 14:36:28,NATHANAEL CAVALCANTE,AVARIA NA ENTREGA,1520,1080,0,0,v1-atual
15558,45955,15558 - 45955,555187,2026-07-08 14:48:56,JOSENILDO SILVA SOUSA,OVOS PODRES,110,0,0,0,v1-atual
1700,41290,1700 - 41290,144188,2026-07-08 15:08:03,MARIA IRANEIDE,AVARIA NA ENTREGA,840,0,0,0,v1-atual
20981,11133,20981 - 11133,501187,2026-07-08 15:17:43,CD JUAZEIRO,AVARIA DE VIAGEM,300,300,0,0,v1-atual
216,27062,216 - 27062,237188,2026-07-08 15:18:23,CD JUAZEIRO,AVARIA DE VIAGEM,600,600,0,0,v1-atual
21793,1597,21793 - 1597,327188,2026-07-08 15:19:36,CD JUAZEIRO,AVARIA DE VIAGEM,300,300,0,0,v1-atual
23096,14059,23096 - 14059,564187,2026-07-08 15:20:04,CD JUAZEIRO,AVARIA DE VIAGEM,300,300,0,0,v1-atual
11410,22453,11410 - 22453,504187,2026-07-08 15:20:29,CD JUAZEIRO,AVARIA DE VIAGEM,600,600,0,0,v1-atual
7142,18843,7142 - 18843,141187,2026-07-08 15:23:42,CD JUAZEIRO,AVARIA DE VIAGEM,300,300,0,0,v1-atual
25019,1345,25019 - 1345,960187,2026-07-08 15:24:10,CD JUAZEIRO,AVARIA DE VIAGEM,300,300,0,0,v1-atual
7140,51584,7140 - 51584,309187,2026-07-08 15:24:31,CD JUAZEIRO,AVARIA DE VIAGEM,600,600,0,0,v1-atual
15913,32866,15913 - 32866,372188,2026-07-08 15:24:44,AFONSO,AVARIA NA ENTREGA,530,0,60,0,v1-atual
23986,2821,23986 - 2821,201188,2026-07-08 15:24:53,CD JUAZEIRO,AVARIA DE VIAGEM,300,300,0,0,v1-atual
23383,5136,23383 - 5136,312188,2026-07-08 15:25:16,CD JUAZEIRO,AVARIA DE VIAGEM,300,300,0,0,v1-atual
15913,32849,15913 - 32849,522187,2026-07-08 15:26:54,AFONSO,AVARIA NA ENTREGA,360,0,0,0,v1-atual
15913,32848,15913 - 32848,519187,2026-07-08 15:28:14,AFONSO,AVARIA NA ENTREGA,360,0,0,0,v1-atual
15913,32846,15913 - 32846,516187,2026-07-08 15:32:13,AFONSO,AVARIA NA ENTREGA,70,0,0,0,v1-atual
15913,32847,15913 - 32847,513187,2026-07-08 15:40:15,AFONSO,AVARIA NA ENTREGA,360,0,150,0,v1-atual
15913,32845,15913 - 32845,510187,2026-07-08 15:48:08,AFONSO,AVARIA NA ENTREGA,310,0,0,0,v1-atual
23629,9495,23629 - 9495,402187,2026-07-08 15:57:38,ANDRESSA NEVES,AVARIA NO PDV,92,36,30,0,v1-atual
23629,9496,23629 - 9496,417187,2026-07-08 15:58:01,ANDRESSA NEVES,AVARIA NO PDV,54,36,0,0,v1-atual
23629,9499,23629 - 9499,453187,2026-07-08 15:59:37,ANDRESSA NEVES,AVARIA NA ENTREGA,108,35,0,0,v1-atual
23629,9497,23629 - 9497,435187,2026-07-08 16:00:01,ANDRESSA NEVES,AVARIA NA ENTREGA,160,100,0,0,v1-atual
6689,390222,6689 - 390222,318187,2026-07-08 16:14:13,VILMENIA,AVARIA NA ENTREGA,390,124,0,0,v1-atual
1145,99906,1145 - 99906,480188,2026-07-08 16:54:30,ALYSON SOUSA,OVOS PODRES,490,0,0,0,v1-atual
25155,6885,25155 - 6885,600188,2026-07-08 16:54:49,ALYSON SOUSA,OVOS PODRES,226,0,0,0,v1-atual
10653,30888,10653 - 30888,111183,2026-07-08 16:56:45,RENAN DE AZEVEDO OLIVEIRA,AVARIA NO PDV,530,0,0,0,v1-atual
20189,40910,20189 - 40910,339188,2026-07-08 16:58:58,EVELINE DE SOUSA,AVARIA NO PDV,240,240,0,0,v1-atual
20189,40909,20189 - 40909,336188,2026-07-08 17:00:24,EVELINE DE SOUSA,AVARIA NO PDV,20,0,0,0,v1-atual
4493,65620,4493 - 65620,273187,2026-07-08 17:04:36,LUHHE COSTA DA COSTA,AVARIA NO PDV,730,550,0,0,v1-atual
23837,9604,23837 - 9604,360188,2026-07-08 17:07:00,LUHHE COSTA DA COSTA,AVARIA NO PDV,335,316,0,0,v1-atual
20114,37592,20114 - 37592,534187,2026-07-08 17:07:25,PAULO FERNANDO SILVA,AVARIA NA ENTREGA,12,0,60,0,v1-atual
18967,795502,18967 - 795502,291188,2026-07-08 17:07:52,LUHHE COSTA DA COSTA,AVARIA NO PDV,310,288,0,0,v1-atual
16021,120607,16021 - 120607,150187,2026-07-08 17:14:23,PAULO HENRIQUE,AVARIA NO PDV,630,240,0,0,v1-atual
11606,181773,11606 - 181773,300188,2026-07-08 17:20:50,CAIO GABRIEL DA SILVA ROCHA,AVARIA NO PDV,810,810,0,0,v1-atual
14459,15816,14459 - 15816,240188,2026-07-08 17:34:39,CD JUAZEIRO,AVARIA DE VIAGEM,300,300,0,0,v1-atual
4487,251362,4487 - 251362,930187,2026-07-08 17:38:16,RODRIGO,AVARIA DE VIAGEM,930,0,0,0,v1-atual
1290,550499,1290 - 550499,612187,2026-07-08 17:42:12,JESSICA COSTA,AVARIA NA ENTREGA,640,640,0,0,v1-atual
1290,550498,1290 - 550498,609187,2026-07-08 17:43:51,JESSICA COSTA,AVARIA NA ENTREGA,180,0,0,0,v1-atual
21739,125078,21739 - 125078,156187,2026-07-08 17:44:54,KEWIN,OVOS PODRES,2040,0,90,0,v1-atual
25086,35252,25086 - 35252,309188,2026-07-08 17:45:46,KEWIN,AVARIA NO PDV,740,0,180,0,v1-atual
21735,162805,21735 - 162805,198188,2026-07-08 17:47:05,KEWIN,AVARIA NO PDV,340,0,0,0,v1-atual
7139,45628,7139 - 45628,546187,2026-07-08 18:04:07,CD JUAZEIRO,AVARIA DE VIAGEM,300,300,0,0,v1-atual
1288,58143,1288 - 58143,108184,2026-07-08 18:21:48,SILDIENY,AVARIA NO PDV,40,40,0,0,v1-atual
1288,58172,1288 - 58172,354187,2026-07-08 18:22:28,SILDIENY,AVARIA NO PDV,92,0,0,0,v1-atual
16661,167468,16661 - 167468,351188,2026-07-08 18:23:03,SILDIENY,AVARIA NO PDV,140,0,0,0,v1-atual
17030,127124,17030 - 127124,360187,2026-07-08 18:31:35,SILDIENY,AVARIA NO PDV,60,0,0,0,v1-atual
17030,127065,17030 - 127065,138185,2026-07-08 18:32:16,SILDIENY,AVARIA NO PDV,120,0,0,0,v1-atual
11606,181774,11606 - 181774,120188,2026-07-08 19:21:49,CAIO GABRIEL DA SILVA ROCHA,AVARIA NO PDV,470,470,90,0,v1-atual
1287,121067,1287 - 121067,369183,2026-07-08 19:51:54,JOICINARA,AVARIA NA ENTREGA,120,0,0,0,v1-atual
2088,44651,2088 - 44651,600184,2026-07-08 19:52:53,MATHEUS LAURENTINO,AVARIA NO DEPÓSITO,300,0,0,0,v1-atual
9698,54653,9698 - 54653,120185,2026-07-08 19:53:42,MATHEUS LAURENTINO,AVARIA NO DEPÓSITO,210,0,0,0,v1-atual
1287,121068,1287 - 121068,372183,2026-07-08 19:55:08,JOICINARA,AVARIA NA ENTREGA,52,0,60,0,v1-atual
1287,121069,1287 - 121069,375183,2026-07-08 19:58:03,JOICINARA,AVARIA NA ENTREGA,20,0,0,0,v1-atual
1287,121149,1287 - 121149,576187,2026-07-08 19:59:08,JOICINARA,AVARIA NO PDV,140,0,0,0,v1-atual
1287,121150,1287 - 121150,582187,2026-07-08 19:59:33,JOICINARA,AVARIA NO PDV,20,0,0,0,v1-atual
1287,121151,1287 - 121151,594187,2026-07-08 19:59:42,JOICINARA,AVARIA NO PDV,10,0,30,0,v1-atual
7316,137208,7316 - 137208,510183,2026-07-08 20:01:38,JOICINARA,AVARIA NO PDV,390,0,0,0,v1-atual
7316,137210,7316 - 137210,513183,2026-07-08 20:02:41,JOICINARA,AVARIA NO PDV,250,0,0,0,v1-atual
15925,34070,15925 - 34070,261182,2026-07-08 20:03:33,JOICINARA,AVARIA NO PDV,280,0,0,0,v1-atual
15925,34071,15925 - 34071,264182,2026-07-08 20:03:45,JOICINARA,AVARIA NO PDV,428,0,0,0,v1-atual
15925,34072,15925 - 34072,267182,2026-07-08 20:04:44,JOICINARA,AVARIA NO DEPÓSITO,300,0,0,0,v1-atual
15925,34108,15925 - 34108,528187,2026-07-08 20:05:30,JOICINARA,OVOS VENCIDOS,780,0,0,0,v1-atual
15925,34109,15925 - 34109,531187,2026-07-08 20:05:41,JOICINARA,AVARIA NA ENTREGA,30,0,60,0,v1-atual
24642,3712,24642 - 3712,168182,2026-07-08 20:06:26,JOICINARA,AVARIA NO PDV,220,0,0,0,v1-atual
24642,3746,24642 - 3746,219187,2026-07-08 20:07:30,JOICINARA,AVARIA NO DEPÓSITO,1370,0,180,0,v1-atual
24642,3747,24642 - 3747,222187,2026-07-08 20:07:44,JOICINARA,AVARIA NA ENTREGA,84,0,0,0,v1-atual
8155,51355,8155 - 51355,690188,2026-07-08 20:08:53,RAFAEL DOS SANTOS,AVARIA NO PDV,40,0,0,0,v1-atual
8155,51356,8155 - 51356,720188,2026-07-08 20:11:43,RAFAEL DOS SANTOS,AVARIA NO PDV,160,0,0,0,v1-atual
8155,51354,8155 - 51354,660188,2026-07-08 20:13:34,RAFAEL DOS SANTOS,AVARIA NO DEPÓSITO,270,0,0,0,v1-atual
8155,51357,8155 - 51357,750188,2026-07-08 20:14:40,RAFAEL DOS SANTOS,AVARIA NO DEPÓSITO,1050,500,0,0,v1-atual
8155,51360,8155 - 51360,780188,2026-07-08 20:15:13,RAFAEL DOS SANTOS,AVARIA NO DEPÓSITO,1138,508,0,0,v1-atual
11608,180330,11608 - 180330,390187,2026-07-08 20:17:29,RAFAEL DOS SANTOS,AVARIA NA ENTREGA,1470,1300,0,0,v1-atual
11608,180329,11608 - 180329,360187,2026-07-08 20:20:09,RAFAEL DOS SANTOS,AVARIA NA ENTREGA,40,40,0,0,v1-atual
23457,18400,23457 - 18400,900187,2026-07-08 20:20:20,JOÃO VICTOR MATOS,AVARIA DE VIAGEM,550,550,0,0,v1-atual
11608,180331,11608 - 180331,420187,2026-07-08 20:20:50,RAFAEL DOS SANTOS,AVARIA NA ENTREGA,40,40,0,0,v1-atual
11023,64017,11023 - 64017,120187,2026-07-08 20:25:52,BRUNO GOMES,AVARIA NO DEPÓSITO,310,0,30,0,v1-atual
11023,64024,11023 - 64024,210187,2026-07-08 20:26:13,BRUNO GOMES,OVOS PODRES,150,0,0,0,v1-atual
22528,31119,22528 - 31119,330188,2026-07-08 20:26:28,BRUNO GOMES,OVOS PODRES,200,0,0,0,v1-atual
13950,34876,13950 - 34876,630187,2026-07-08 20:26:38,JOSÉ JULIANO RODRIGUES,AVARIA NO DEPÓSITO,1150,1150,120,0,v1-atual
1138,77597,1138 - 77597,210188,2026-07-08 20:27:38,JOSÉ JULIANO RODRIGUES,AVARIA NO DEPÓSITO,360,130,0,0,v1-atual
17473,41135,17473 - 41135,840188,2026-07-08 20:28:21,JOSÉ JULIANO RODRIGUES,AVARIA NO PDV,150,0,0,0,v1-atual
17522,87010,17522 - 87010,267187,2026-07-08 21:09:49,RENAN,AVARIA NO PDV,390,0,75,0,v1-atual
23376,6578,23376 - 6578,420187,2026-07-08 21:42:22,JOICINARA,AVARIA NA ENTREGA,50,0,0,0,v1-atual
13515,1298821,13515 - 1298821,810187,2026-07-09 06:16:01,FRANCINETE VIANA,OVOS PODRES,3700,0,0,0,v1-atual
13515,1298832,13515 - 1298832,840187,2026-07-09 06:17:31,FRANCINETE VIANA,AVARIA NO PDV,1016,0,300,0,v1-atual
166,1628848,166 - 1628848,261187,2026-07-09 06:20:17,LEONARDO HENRIQUE,OVOS PODRES,0,0,2400,0,v1-atual
22099,24277,22099 - 24277,303184,2026-07-09 06:20:51,FRANCINETE VIANA,AVARIA NO PDV,164,0,0,0,v1-atual
11608,180442,11608 - 180442,138188,2026-07-09 06:24:05,GENESE PINHEIRO ALEXANDRE,AVARIA NO PDV,70,0,0,0,v1-atual
11608,180441,11608 - 180441,135188,2026-07-09 06:24:27,GENESE PINHEIRO ALEXANDRE,AVARIA NO PDV,20,0,0,0,v1-atual
11220,23966,11220 - 23966,114188,2026-07-09 06:41:30,RAFAEL DOS SANTOS,AVARIA NA ENTREGA,440,440,0,0,v1-atual
11220,23963,11220 - 23963,111188,2026-07-09 06:43:16,RAFAEL DOS SANTOS,OVOS VENCIDOS,260,260,3000,0,v1-atual
15500,488935,15500 - 488935,249187,2026-07-09 07:00:33,JULYANNA MACIEL,OVOS VENCIDOS,1280,0,0,0,v1-atual
15500,488934,15500 - 488934,246187,2026-07-09 07:01:23,JULYANNA MACIEL,OVOS PODRES,740,0,0,0,v1-atual
15500,488936,15500 - 488936,258187,2026-07-09 07:02:03,JULYANNA MACIEL,AVARIA NO DEPÓSITO,520,0,0,0,v1-atual
15500,488937,15500 - 488937,255187,2026-07-09 07:02:36,JULYANNA MACIEL,AVARIA NO DEPÓSITO,1450,0,180,0,v1-atual
2043,20209,2043 - 20209,375188,2026-07-09 07:05:16,WILIANE GALVAO,OVOS PODRES,60,0,0,0,v1-atual
2043,20208,2043 - 20208,369188,2026-07-09 07:05:55,WILIANE GALVAO,OVOS PODRES,530,0,0,0,v1-atual
1302,19975,1302 - 19975,303188,2026-07-09 07:44:29,GUILHERME,AVARIA NA ENTREGA,52,0,0,0,v1-atual
7315,290564,7315 - 290564,537187,2026-07-09 07:46:33,RAYARA OLIVEIRA,AVARIA NA ENTREGA,100,0,0,0,v1-atual
7315,290565,7315 - 290565,540187,2026-07-09 07:47:37,RAYARA OLIVEIRA,AVARIA NA ENTREGA,60,0,0,0,v1-atual
1302,19976,1302 - 19976,306188,2026-07-09 07:48:06,GUILHERME,AVARIA NO PDV,10,0,60,0,v1-atual
7315,290566,7315 - 290566,543187,2026-07-09 07:48:22,RAYARA OLIVEIRA,AVARIA NA ENTREGA,10,0,0,0,v1-atual
7315,290608,7315 - 290608,366188,2026-07-09 07:49:07,RAYARA OLIVEIRA,AVARIA NA ENTREGA,80,0,0,0,v1-atual
7315,290607,7315 - 290607,354188,2026-07-09 07:49:56,RAYARA OLIVEIRA,AVARIA NA ENTREGA,70,0,0,0,v1-atual
5008,101321,5008 - 101321,423187,2026-07-09 07:50:17,GUILHERME,AVARIA NA ENTREGA,80,80,0,0,v1-atual
7315,290606,7315 - 290606,348188,2026-07-09 07:51:03,RAYARA OLIVEIRA,AVARIA NO PDV,40,0,0,0,v1-atual
5008,101323,5008 - 101323,444187,2026-07-09 07:51:25,GUILHERME,OVOS PODRES,140,140,0,0,v1-atual
5007,153184,5007 - 153184,144187,2026-07-09 07:51:45,RAYARA OLIVEIRA,AVARIA NA ENTREGA,40,0,0,0,v1-atual
24034,1646,24034 - 1646,330187,2026-07-09 07:52:15,RAYARA OLIVEIRA,AVARIA NA ENTREGA,100,0,120,0,v1-atual
5008,101324,5008 - 101324,456187,2026-07-09 07:52:23,GUILHERME,OVOS PODRES,40,40,0,0,v1-atual
23811,1970,23811 - 1970,465187,2026-07-09 07:52:47,RAYARA OLIVEIRA,AVARIA NO PDV,140,0,0,0,v1-atual
5008,101325,5008 - 101325,474187,2026-07-09 07:53:08,GUILHERME,AVARIA NA ENTREGA,60,0,0,0,v1-atual
5008,101326,5008 - 101326,477187,2026-07-09 07:53:49,GUILHERME,OVOS PODRES,60,0,0,0,v1-atual
12027,173326,12027 - 173326,369187,2026-07-09 07:54:40,GUILHERME,AVARIA NA ENTREGA,180,180,0,0,v1-atual
12027,173327,12027 - 173327,381187,2026-07-09 07:55:36,GUILHERME,AVARIA NO PDV,60,60,0,0,v1-atual
12027,173328,12027 - 173328,396187,2026-07-09 07:56:27,GUILHERME,AVARIA NO PDV,146,0,0,0,v1-atual
12027,173330,12027 - 173330,411187,2026-07-09 07:57:00,GUILHERME,AVARIA NO PDV,188,0,30,0,v1-atual
22912,8456,22912 - 8456,414187,2026-07-09 07:58:14,GUILHERME,AVARIA NO PDV,190,0,0,0,v1-atual
22912,8457,22912 - 8457,432187,2026-07-09 07:58:58,GUILHERME,AVARIA NO PDV,40,0,0,0,v1-atual
22912,8458,22912 - 8458,441187,2026-07-09 07:59:52,GUILHERME,AVARIA NO PDV,20,0,0,0,v1-atual
11012,26865,11012 - 26865,300188,2026-07-09 08:31:50,FRANCISCO DANIZETE MACIEL DE SOUSA,AVARIA NA ENTREGA,600,380,180,0,v1-atual
11012,26866,11012 - 26866,240188,2026-07-09 08:33:11,FRANCISCO DANIZETE MACIEL DE SOUSA,OVOS VENCIDOS,580,580,0,0,v1-atual
10650,360357,10650 - 360357,108188,2026-07-09 08:35:30,FRANCISCO DANIZETE MACIEL DE SOUSA,AVARIA NO DEPÓSITO,220,80,720,0,v1-atual
10650,360355,10650 - 360355,105188,2026-07-09 08:37:50,FRANCISCO DANIZETE MACIEL DE SOUSA,AVARIA NA ENTREGA,340,180,0,0,v1-atual
20546,130778,20546 - 130778,150188,2026-07-09 08:41:10,KILDERLAN,AVARIA NA ENTREGA,270,270,0,0,v1-atual
4856,671145,4856 - 671145,630188,2026-07-09 08:59:23,FRANCISCO ROSCI,NÃO LOCALIZADO,450,394,0,0,v1-atual
19817,126542,19817 - 126542,450188,2026-07-09 09:00:23,FRANCISCO ROSCI,AVARIA NA ENTREGA,400,360,0,0,v1-atual
17264,97864,17264 - 97864,"2,6981E+17",2026-07-09 09:05:18,JOSE CLAUDIO,AVARIA NO DEPÓSITO,610,360,240,0,v1-atual
21200,15197,21200 - 15197,900180,2026-07-09 09:18:02,CAIO GABRIEL DA SILVA ROCHA,AVARIA NO PDV,390,0,0,0,v1-atual
21200,15292,21200 - 15292,270187,2026-07-09 09:18:16,CAIO GABRIEL DA SILVA ROCHA,AVARIA NO PDV,1600,0,0,0,v1-atual
23485,48588,23485 - 48588,180189,2026-07-09 09:57:32,JOAQUIM BORGES DA SILVA NETO,AVARIA NA ENTREGA,3080,2480,60,0,v1-atual
19561,11272,19561 - 11272,450189,2026-07-09 10:09:49,CAIO GABRIEL DA SILVA ROCHA,AVARIA NO PDV,160,0,60,0,v1-atual
21793,1594,21793 - 1594,261188,2026-07-09 10:34:31,ROBSON LIMA DOS SANTOS,AVARIA NA ENTREGA,210,150,0,0,v1-atual
23096,14072,23096 - 14072,255188,2026-07-09 10:35:42,ROBSON LIMA DOS SANTOS,AVARIA NA ENTREGA,270,136,0,0,v1-atual
17263,38134,17263 - 38134,228189,2026-07-09 10:41:41,OPERACOES,AVARIA DE VIAGEM,20,0,0,0,v1-atual
23484,37934,23484 - 37934,510184,2026-07-09 11:18:18,FABIO SOUSA,AVARIA NA ENTREGA,200,200,0,0,v1-atual
25117,62958,25117 - 62958,312189,2026-07-09 11:25:33,MAURICIO PINHEIRO MIRANDA,OVOS PODRES,220,0,90,0,v1-atual
4519,63003,4519 - 63003,156188,2026-07-09 11:33:03,MAURICIO PINHEIRO MIRANDA,AVARIA NO PDV,837,337,0,0,v1-atual
11777,413405,11777 - 413405,321188,2026-07-09 11:35:11,JEAN ARAUJO PEREIRA,AVARIA NO PDV,60,0,120,0,v1-atual
12800,195670,12800 - 195670,264188,2026-07-09 11:36:10,EDNELSON MENDONCA DA CRUZ,AVARIA NO PDV,40,0,0,0,v1-atual
4486,23781,4486 - 23781,345188,2026-07-09 11:38:03,MAURICIO PINHEIRO MIRANDA,AVARIA NO PDV,130,120,0,0,v1-atual
13777,71640,13777 - 71640,111189,2026-07-09 11:38:04,FERNANDO,AVARIA NO PDV,46,0,0,0,v1-atual
13777,71639,13777 - 71639,102189,2026-07-09 11:38:42,FERNANDO,OVOS PODRES,240,0,0,0,v1-atual
13777,71638,13777 - 71638,960189,2026-07-09 11:38:59,FERNANDO,OVOS PODRES,380,0,270,0,v1-atual
19233,61108,19233 - 61108,285184,2026-07-09 11:38:59,FABIO SOUSA,AVARIA NA ENTREGA,500,500,0,0,v1-atual
24703,11445,24703 - 11445,177184,2026-07-09 11:39:30,FABIO SOUSA,AVARIA NA ENTREGA,20,20,0,0,v1-atual
25349,3199307,25349 - 3199307,126184,2026-07-09 11:40:03,FABIO SOUSA,AVARIA NA ENTREGA,2110,2110,0,0,v1-atual
4491,56092,4491 - 56092,288188,2026-07-09 11:40:03,MAURICIO PINHEIRO MIRANDA,AVARIA NO PDV,467,367,0,0,v1-atual
13777,71637,13777 - 71637,930189,2026-07-09 11:40:28,FERNANDO,OVOS PODRES,210,0,0,0,v1-atual
25137,1756,25137 - 1756,168184,2026-07-09 11:40:34,FABIO SOUSA,AVARIA NA ENTREGA,200,200,0,0,v1-atual
15550,66612,15550 - 66612,147184,2026-07-09 11:41:04,FABIO SOUSA,AVARIA NA ENTREGA,50,50,0,0,v1-atual
4494,40028,4494 - 40028,309189,2026-07-09 11:41:13,MAURICIO PINHEIRO MIRANDA,AVARIA NO PDV,725,425,0,0,v1-atual
15550,66613,15550 - 66613,150184,2026-07-09 11:41:33,FABIO SOUSA,AVARIA NA ENTREGA,30,30,0,0,v1-atual
17561,25422,17561 - 25422,189188,2026-07-09 11:42:13,MAURICIO PINHEIRO MIRANDA,AVARIA NO DEPÓSITO,505,170,390,0,v1-atual
15701,7876467,15701 - 7876467,105187,2026-07-09 11:42:14,FABIO SOUSA,AVARIA NA ENTREGA,4544,4544,540,540,v1-atual
15701,7876478,15701 - 7876478,108187,2026-07-09 11:42:49,FABIO SOUSA,AVARIA NA ENTREGA,2600,2600,0,0,v1-atual
15701,7876479,15701 - 7876479,111187,2026-07-09 11:43:25,FABIO SOUSA,AVARIA NA ENTREGA,150,150,0,0,v1-atual
25349,3199836,25349 - 3199836,375187,2026-07-09 11:43:53,FABIO SOUSA,AVARIA NA ENTREGA,3000,3000,0,0,v1-atual
25349,3199841,25349 - 3199841,384187,2026-07-09 11:44:19,FABIO SOUSA,AVARIA NA ENTREGA,10,10,0,0,v1-atual
12617,55322,12617 - 55322,195188,2026-07-09 12:19:18,RICARDO DE BRITO MAIA,OVOS PODRES,1250,0,420,0,v1-atual
22538,1347,22538 - 1347,162189,2026-07-09 12:19:49,RICARDO DE BRITO MAIA,AVARIA NO PDV,172,0,60,0,v1-atual
15450,45973,15450 - 45973,120189,2026-07-09 12:49:13,ALAN,AVARIA NO DEPÓSITO,440,232,0,0,v1-atual
17090,48303,17090 - 48303,180188,2026-07-09 12:51:57,ALAN,AVARIA NO DEPÓSITO,394,220,0,0,v1-atual
13015,61807,13015 - 61807,990189,2026-07-09 13:07:25,LUIZ RICARDO SILVA DE ARAUJO,AVARIA NO DEPÓSITO,170,0,210,0,v1-atual
216,27061,216 - 27061,234188,2026-07-09 13:11:21,WELTON OLIVEIRA DOS SANTOS,OVOS PODRES,80,0,180,0,v1-atual
15170,17747,15170 - 17747,390188,2026-07-09 13:15:37,WELTON OLIVEIRA DOS SANTOS,OVOS PODRES,300,200,0,0,v1-atual
15170,17754,15170 - 17754,144189,2026-07-09 13:16:01,WELTON OLIVEIRA DOS SANTOS,OVOS PODRES,120,0,0,0,v1-atual
23986,2820,23986 - 2820,171188,2026-07-09 13:16:36,WELTON OLIVEIRA DOS SANTOS,OVOS PODRES,310,0,0,0,v1-atual
15550,66778,15550 - 66778,117189,2026-07-09 13:32:16,ALINE MAIARA SILVA,AVARIA NO PDV,560,0,0,0,v1-atual
15558,45995,15558 - 45995,219189,2026-07-09 13:53:44,JOSENILDO SILVA SOUSA,OVOS PODRES,60,0,0,0,v1-atual
20370,166924,20370 - 166924,150189,2026-07-09 14:24:00,AFONSO,AVARIA NA ENTREGA,380,0,0,0,v1-atual
3415,9681,3415 - 9681,540189,2026-07-09 14:34:50,PAULO ROBERTO FREIRES,AVARIA NO DEPÓSITO,310,195,0,0,v1-atual
14830,17249,14830 - 17249,300189,2026-07-09 14:37:20,PAULO ROBERTO FREIRES,AVARIA NO DEPÓSITO,200,170,240,195,v1-atual
19978,36648,19978 - 36648,300189,2026-07-09 14:39:10,PAULO ROBERTO FREIRES,AVARIA NO DEPÓSITO,670,260,0,0,v1-atual
21906,12108,21906 - 12108,321189,2026-07-09 14:47:41,FELIPE MARQUES,AVARIA NA ENTREGA,30,30,0,0,v1-atual
21906,12107,21906 - 12107,288189,2026-07-09 14:48:14,FELIPE MARQUES,AVARIA NA ENTREGA,110,30,0,0,v1-atual
21914,19340,21914 - 19340,810189,2026-07-09 14:48:58,FELIPE MARQUES,AVARIA NA ENTREGA,100,90,30,0,v1-atual
22055,17384,22055 - 17384,780189,2026-07-09 14:49:44,FELIPE MARQUES,AVARIA NA ENTREGA,330,150,0,0,v1-atual
22759,270475,22759 - 270475,315188,2026-07-09 14:55:42,NÃO LOCALIZADO,AVARIA NA ENTREGA,2520,2520,0,0,v1-atual
21971,129022,21971 - 129022,345189,2026-07-09 15:14:20,JORSIRLAN,AVARIA NA ENTREGA,200,0,0,0,v1-atual
13331,218670,13331 - 218670,210189,2026-07-09 15:16:20,JORSIRLAN,AVARIA NA ENTREGA,500,0,0,0,v1-atual
13331,218669,13331 - 218669,207189,2026-07-09 15:16:43,JORSIRLAN,AVARIA NA ENTREGA,20,0,0,0,v1-atual
13331,218668,13331 - 218668,204189,2026-07-09 15:17:00,JORSIRLAN,AVARIA NA ENTREGA,600,0,120,0,v1-atual
15938,50747,15938 - 50747,201189,2026-07-09 16:38:59,DOMINIQUE MARTINS,OVOS VENCIDOS,1780,0,0,0,v1-atual
11207,45762,11207 - 45762,132189,2026-07-09 16:55:06,JOÃO VITOR DE ALCANTARA FURTADO,AVARIA NO PDV,200,0,270,0,v1-atual
4488,158768,4488 - 158768,225188,2026-07-09 16:55:53,JOÃO VITOR DE ALCANTARA FURTADO,AVARIA NO PDV,480,80,150,0,v1-atual
23767,15116,23767 - 15116,114189,2026-07-09 16:56:13,JOÃO VITOR DE ALCANTARA FURTADO,AVARIA NO PDV,370,20,60,0,v1-atual
12560,259813,12560 - 259813,315189,2026-07-09 16:59:11,RAYLLA SOUSA SANTOS,AVARIA NO DEPÓSITO,120,120,0,0,v1-atual
7316,137313,7316 - 137313,249189,2026-07-09 18:27:26,JOICINARA,AVARIA NA ENTREGA,160,0,0,0,v1-atual
7316,137314,7316 - 137314,255189,2026-07-09 18:28:34,JOICINARA,AVARIA NA ENTREGA,120,0,0,0,v1-atual
7316,137315,7316 - 137315,264189,2026-07-09 18:28:44,JOICINARA,AVARIA NA ENTREGA,30,0,0,0,v1-atual
7316,137316,7316 - 137316,267189,2026-07-09 18:29:52,JOICINARA,AVARIA NA ENTREGA,200,0,0,0,v1-atual
2044,17677,2044 - 17677,633183,2026-07-09 18:30:22,JOICINARA,AVARIA NO DEPÓSITO,1000,0,0,0,v1-atual
9125,157607,9125 - 157607,189189,2026-07-09 18:42:08,WILIANE GALVAO,AVARIA NA ENTREGA,130,128,0,0,v1-atual
9125,157606,9125 - 157606,186189,2026-07-09 18:43:07,WILIANE GALVAO,OVOS PODRES,156,0,90,0,v1-atual
9125,157605,9125 - 157605,183189,2026-07-09 18:43:49,WILIANE GALVAO,AVARIA NO PDV,120,0,0,0,v1-atual
9125,157604,9125 - 157604,180189,2026-07-09 18:44:27,WILIANE GALVAO,AVARIA NO PDV,160,0,0,0,v1-atual
9125,157603,9125 - 157603,177189,2026-07-09 18:45:06,WILIANE GALVAO,AVARIA NA ENTREGA,310,0,0,0,v1-atual
14715,16774,14715 - 16774,300189,2026-07-09 18:46:01,WILIANE GALVAO,AVARIA NO PDV,280,0,0,0,v1-atual
14715,16773,14715 - 16773,294189,2026-07-09 18:46:48,WILIANE GALVAO,AVARIA NA ENTREGA,200,190,0,0,v1-atual
24137,3816,24137 - 3816,291189,2026-07-09 18:47:33,WILIANE GALVAO,AVARIA NA ENTREGA,100,0,0,0,v1-atual
24137,3815,24137 - 3815,285189,2026-07-09 18:48:15,WILIANE GALVAO,AVARIA NA ENTREGA,484,480,0,0,v1-atual
24137,3814,24137 - 3814,279189,2026-07-09 18:49:01,WILIANE GALVAO,OVOS PODRES,280,0,0,0,v1-atual
23231,563912,23231 - 563912,204188,2026-07-09 20:05:14,MATEUS OLIVEIRA,AVARIA NO PDV,430,0,30,0,v1-atual
12729,4109,12729 - 4109,192189,2026-07-09 20:10:24,MATEUS OLIVEIRA,AVARIA NO PDV,540,0,30,0,v1-atual
19609,160376,19609 - 160376,d33a8f4e-40ef-43e3-88d0-c634b2b57684,2026-07-10 05:33:39,ANDEROSN DOS SANTOS,OVOS PODRES,940,250,1200,0,v1-atual
11517,46818,11517 - 46818,195189,2026-07-10 07:21:35,MARIA IRANEIDE,AVARIA NA ENTREGA,240,0,0,0,v1-atual
21531,99782,21531 - 99782,510189,2026-07-10 07:31:00,FRANCISCO ALEXANDRE,AVARIA NA ENTREGA,2420,1920,0,0,v1-atual
21531,99781,21531 - 99781,480189,2026-07-10 07:31:50,FRANCISCO ALEXANDRE,AVARIA NA ENTREGA,800,0,0,0,v1-atual
21531,99786,21531 - 99786,660189,2026-07-10 07:34:10,FRANCISCO ALEXANDRE,AVARIA NA ENTREGA,2150,2000,0,0,v1-atual
12575,169227,12575 - 169227,243189,2026-07-10 07:34:15,PAULO NOVAES,OVOS PODRES,20,0,0,0,v1-atual
12575,169226,12575 - 169226,240189,2026-07-10 07:34:31,PAULO NOVAES,OVOS PODRES,70,0,120,0,v1-atual
12575,169225,12575 - 169225,237189,2026-07-10 07:34:40,PAULO NOVAES,OVOS PODRES,100,0,0,0,v1-atual
21531,99785,21531 - 99785,630189,2026-07-10 07:35:20,FRANCISCO ALEXANDRE,AVARIA NA ENTREGA,240,0,0,0,v1-atual
21531,99802,21531 - 99802,720189,2026-07-10 07:41:57,FRANCISCO ALEXANDRE,AVARIA NO DEPÓSITO,400,340,0,0,v1-atual
21531,99801,21531 - 99801,690189,2026-07-10 07:42:37,FRANCISCO ALEXANDRE,AVARIA NO DEPÓSITO,250,0,0,0,v1-atual
21875,129045,21875 - 129045,219188,2026-07-10 08:02:23,EDUARDO ALEXANDRE,OVOS PODRES,410,0,60,0,v1-atual
25357,570,25357 - 570,345187,2026-07-10 08:04:30,CLEANE BRANDAO,AVARIA NO PDV,110,0,0,0,v1-atual
12029,107742,12029 - 107742,549187,2026-07-10 08:06:10,CLEANE BRANDAO,AVARIA NO PDV,120,120,0,0,v1-atual
12029,107744,12029 - 107744,561187,2026-07-10 08:06:30,CLEANE BRANDAO,AVARIA NA ENTREGA,30,0,0,0,v1-atual
12029,107745,12029 - 107745,573187,2026-07-10 08:07:00,CLEANE BRANDAO,AVARIA NO PDV,68,0,0,0,v1-atual
1303,19610,1303 - 19610,618187,2026-07-10 08:07:40,CLEANE BRANDAO,AVARIA NO PDV,108,0,0,0,v1-atual
23590,15165,23590 - 15165,600189,2026-07-10 08:08:36,RENAN DE AZEVEDO OLIVEIRA,AVARIA NO PDV,60,0,30,0,v1-atual
5528,172956,5528 - 172956,606187,2026-07-10 08:09:01,CLEANE BRANDAO,AVARIA NO PDV,122,0,0,0,v1-atual
23590,15167,23590 - 15167,900189,2026-07-10 08:10:21,RENAN DE AZEVEDO OLIVEIRA,AVARIA NO PDV,520,490,0,0,v1-atual
25357,581,25357 - 581,165189,2026-07-10 08:11:34,CLEANE BRANDAO,AVARIA NO PDV,120,0,0,0,v1-atual
21155,31181,21155 - 31181,507187,2026-07-10 08:12:25,CLEANE BRANDAO,AVARIA NO PDV,50,0,60,0,v1-atual
21155,31180,21155 - 31180,498187,2026-07-10 08:13:16,CLEANE BRANDAO,AVARIA NO DEPÓSITO,60,0,0,0,v1-atual
21155,31178,21155 - 31178,480187,2026-07-10 08:13:57,CLEANE BRANDAO,AVARIA NO PDV,60,0,0,0,v1-atual
21155,31177,21155 - 31177,471187,2026-07-10 08:15:18,CLEANE BRANDAO,AVARIA NO PDV,12,0,0,0,v1-atual
21155,31176,21155 - 31176,462187,2026-07-10 08:16:09,CLEANE BRANDAO,AVARIA NO PDV,110,0,60,0,v1-atual
21155,31179,21155 - 31179,492187,2026-07-10 08:16:50,CLEANE BRANDAO,AVARIA NO DEPÓSITO,90,0,0,0,v1-atual
21155,31175,21155 - 31175,438187,2026-07-10 08:17:41,CLEANE BRANDAO,AVARIA NO DEPÓSITO,120,120,0,0,v1-atual
21155,31174,21155 - 31174,429187,2026-07-10 08:18:32,CLEANE BRANDAO,AVARIA NO DEPÓSITO,30,30,0,0,v1-atual
21155,31173,21155 - 31173,408187,2026-07-10 08:19:13,CLEANE BRANDAO,AVARIA NO DEPÓSITO,140,0,0,0,v1-atual
17030,127063,17030 - 127063,129185,2026-07-10 08:25:39,SILDIENY,AVARIA NO PDV,90,0,30,0,v1-atual
17030,127064,17030 - 127064,135185,2026-07-10 08:26:12,SILDIENY,AVARIA NO PDV,102,0,0,0,v1-atual
17030,127125,17030 - 127125,366187,2026-07-10 08:27:01,SILDIENY,AVARIA NO PDV,60,0,0,0,v1-atual
21811,12602,21811 - 12602,159183,2026-07-10 08:28:33,SILDIENY,AVARIA NO PDV,160,0,0,0,v1-atual
23525,5630,23525 - 5630,225187,2026-07-10 08:29:12,SILDIENY,AVARIA NO PDV,72,0,0,0,v1-atual
17512,40011,17512 - 40011,294187,2026-07-10 08:29:43,GILERLESON FEQUES,AVARIA NO PDV,28,0,0,0,v1-atual
17512,40012,17512 - 40012,300187,2026-07-10 08:30:17,GILERLESON FEQUES,AVARIA NO PDV,20,0,0,0,v1-atual
6676,120605,6676 - 120605,399187,2026-07-10 08:30:53,GILERLESON FEQUES,AVARIA NO PDV,80,0,0,0,v1-atual
1282,59455,1282 - 59455,387187,2026-07-10 08:45:31,RARIEL,AVARIA NA ENTREGA,262,106,0,0,v1-atual
2645,184457,2645 - 184457,552187,2026-07-10 08:48:54,RARIEL,AVARIA NA ENTREGA,320,141,0,0,v1-atual
12385,213051,12385 - 213051,153188,2026-07-10 08:49:23,WALDERLANEA,AVARIA NO PDV,1020,750,150,0,v1-atual
16297,110394,16297 - 110394,105189,2026-07-10 08:52:02,WALDERLANEA,AVARIA NO PDV,720,690,0,0,v1-atual
5765,352465,5765 - 352465,180187,2026-07-10 08:53:31,RARIEL,AVARIA NA ENTREGA,610,420,0,0,v1-atual
3897,68116,3897 - 68116,336189,2026-07-10 09:17:10,WILKENIA,AVARIA NO PDV,10,0,60,0,v1-atual
3897,68115,3897 - 68115,330189,2026-07-10 09:17:40,WILKENIA,AVARIA NA ENTREGA,80,0,0,0,v1-atual
3897,68085,3897 - 68085,585187,2026-07-10 09:18:22,WILKENIA,AVARIA NO PDV,50,0,30,0,v1-atual
3897,68079,3897 - 68079,234187,2026-07-10 09:19:01,WILKENIA,AVARIA NO PDV,434,100,60,0,v1-atual
3897,68084,3897 - 68084,579187,2026-07-10 09:20:22,WILKENIA,AVARIA NA ENTREGA,270,240,360,0,v1-atual
5765,352466,5765 - 352466,183187,2026-07-10 09:22:42,RARIEL,AVARIA NO PDV,92,90,180,0,v1-atual
19561,11271,19561 - 11271,390189,2026-07-10 09:47:36,CAIO GABRIEL DA SILVA ROCHA,AVARIA NO PDV,280,0,420,0,v1-atual
2661,32202,2661 - 32202,420189,2026-07-10 09:48:36,CAIO GABRIEL DA SILVA ROCHA,AVARIA NO PDV,110,0,0,0,v1-atual
16996,44775,16996 - 44775,297189,2026-07-10 09:51:18,JOSENILDO SILVA SOUSA,OVOS PODRES,320,0,0,0,v1-atual
17266,25389,17266 - 25389,393190,2026-07-10 10:18:22,OPERACOES,AVARIA DE VIAGEM,40,0,0,0,v1-atual
24391,4695,24391 - 4695,390190,2026-07-10 10:18:52,OPERACOES,AVARIA DE VIAGEM,190,0,0,0,v1-atual
21547,13326,21547 - 13326,303190,2026-07-10 10:24:11,OPERACOES,AVARIA DE VIAGEM,640,640,0,0,v1-atual
16296,84558,16296 - 84558,171189,2026-07-10 10:25:34,CAMILA LORENA,AVARIA NO PDV,200,131,90,0,v1-atual
17050,90532,17050 - 90532,603187,2026-07-10 10:35:59,LETICIA,AVARIA NA ENTREGA,76,70,0,0,v1-atual
17050,90531,17050 - 90531,597187,2026-07-10 10:36:39,LETICIA,AVARIA NA ENTREGA,1254,987,0,0,v1-atual
10821,16686,10821 - 16686,180183,2026-07-10 10:42:43,SUPERVISOR MERCHAN,AVARIA NO PDV,340,0,0,0,v1-atual
22442,15872,22442 - 15872,384188,2026-07-10 10:43:45,SUPERVISOR MERCHAN,AVARIA NA ENTREGA,330,0,0,0,v1-atual
20029,183256,20029 - 183256,285190,2026-07-10 10:49:45,EVELINE DE SOUSA,AVARIA NO PDV,400,0,0,0,v1-atual
1284,245781,1284 - 245781,153187,2026-07-10 10:52:06,WILLIAM,AVARIA NO PDV,100,100,0,0,v1-atual
20029,183220,20029 - 183220,132190,2026-07-10 10:53:24,EVELINE DE SOUSA,AVARIA NO PDV,60,0,0,0,v1-atual
1284,245782,1284 - 245782,162187,2026-07-10 10:53:30,WILLIAM,AVARIA NO PDV,202,120,0,0,v1-atual
24183,9658,24183 - 9658,183184,2026-07-10 10:53:57,GLAUCIA,AVARIA NO DEPÓSITO,160,0,0,0,v1-atual
22981,23903,22981 - 23903,123182,2026-07-10 10:59:53,IURY SANTOS,AVARIA NO DEPÓSITO,540,0,0,0,v1-atual
24183,9619,24183 - 9619,219182,2026-07-10 10:59:57,GLAUCIA,AVARIA NO DEPÓSITO,550,0,0,0,v1-atual
3141,536288,3141 - 536288,132189,2026-07-10 11:01:58,CAMILA LORENA,AVARIA NO PDV,0,0,600,0,v1-atual
22702,4712,22702 - 4712,690190,2026-07-10 11:12:31,FRANCISCO DANIZETE MACIEL DE SOUSA,OVOS VENCIDOS,550,550,0,0,v1-atual
22702,4713,22702 - 4713,720190,2026-07-10 11:13:51,FRANCISCO DANIZETE MACIEL DE SOUSA,AVARIA NA ENTREGA,400,200,0,0,v1-atual
22702,4697,22702 - 4697,120189,2026-07-10 11:17:21,FRANCISCO DANIZETE MACIEL DE SOUSA,AVARIA NA ENTREGA,270,200,0,0,v1-atual
23429,9965,23429 - 9965,480190,2026-07-10 11:29:50,ANA LUIZA GOMES DO AMARAL,AVARIA NO PDV,80,77,0,0,v1-atual
23429,9949,23429 - 9949,291190,2026-07-10 11:30:30,ANA LUIZA GOMES DO AMARAL,AVARIA NO PDV,20,14,0,0,v1-atual
23429,9948,23429 - 9948,288190,2026-07-10 11:31:27,ANA LUIZA GOMES DO AMARAL,AVARIA NO PDV,60,58,0,0,v1-atual
25048,2196,25048 - 2196,525187,2026-07-10 11:48:09,WILLIAM,OVOS VENCIDOS,20,0,0,0,v1-atual
16007,77919,16007 - 77919,243188,2026-07-10 11:48:29,ALAN,AVARIA NO DEPÓSITO,600,360,150,0,v1-atual
16007,77920,16007 - 77920,246188,2026-07-10 11:49:09,ALAN,AVARIA NO DEPÓSITO,20,0,0,0,v1-atual
22119,59079,22119 - 59079,201190,2026-07-10 12:30:40,VILMENIA,AVARIA NA ENTREGA,650,510,0,0,v1-atual
16006,279488,16006 - 279488,600188,2026-07-10 12:34:25,FABIO SOUSA,AVARIA NA ENTREGA,350,350,0,0,v1-atual
23590,15158,23590 - 15158,141188,2026-07-10 12:34:52,FABIO SOUSA,AVARIA NA ENTREGA,300,299,0,0,v1-atual
20545,121714,20545 - 121714,300185,2026-07-10 12:35:19,FABIO SOUSA,AVARIA NA ENTREGA,80,80,0,0,v1-atual
20545,121716,20545 - 121716,900185,2026-07-10 12:36:36,FABIO SOUSA,AVARIA NA ENTREGA,70,70,0,0,v1-atual
1682,34624,1682 - 34624,780182,2026-07-10 12:37:20,FABIO SOUSA,AVARIA NA ENTREGA,150,150,0,0,v1-atual
21271,10319,21271 - 10319,420188,2026-07-10 12:39:11,FABIO SOUSA,AVARIA NA ENTREGA,220,220,0,0,v1-atual
22648,38592,22648 - 38592,252188,2026-07-10 12:41:19,FABIO SOUSA,AVARIA NA ENTREGA,300,300,0,0,v1-atual
8079,25602,8079 - 25602,546183,2026-07-10 12:41:57,FABIO SOUSA,AVARIA NA ENTREGA,150,150,0,0,v1-atual
15500,488330,15500 - 488330,528183,2026-07-10 12:42:25,FABIO SOUSA,AVARIA NA ENTREGA,0,0,2160,2160,v1-atual
4818,90666,4818 - 90666,870188,2026-07-10 12:43:48,CHARLES SANTOS GON,PROXIMO AO VENCIMENTO,750,689,0,0,v1-atual
15777,46506,15777 - 46506,270188,2026-07-10 12:44:28,CHARLES SANTOS GON,PROXIMO AO VENCIMENTO,150,128,0,0,v1-atual
19299,47685,19299 - 47685,306184,2026-07-10 12:59:41,FABIO REDLOG,AVARIA DE VIAGEM,3600,3080,0,0,v1-atual
12026,52518,12026 - 52518,270190,2026-07-10 13:13:49,RENAN DE AZEVEDO OLIVEIRA,OVOS VENCIDOS,280,0,0,0,v1-atual
22530,36057,22530 - 36057,"1,88157E+18",2026-07-10 13:22:21,RENAN DE AZEVEDO OLIVEIRA,OVOS VENCIDOS,340,340,0,0,v1-atual
22530,36059,22530 - 36059,bec11f5e-43af-4dec-9072-d4cce4f2a24f,2026-07-10 13:31:27,RENAN DE AZEVEDO OLIVEIRA,AVARIA NA ENTREGA,90,90,0,0,v1-atual
22530,36060,22530 - 36060,"1,94481E+18",2026-07-10 13:32:32,RENAN DE AZEVEDO OLIVEIRA,AVARIA NA ENTREGA,200,154,0,0,v1-atual
22530,36061,22530 - 36061,"2,86345E+19",2026-07-10 13:33:27,RENAN DE AZEVEDO OLIVEIRA,AVARIA NA ENTREGA,100,73,0,0,v1-atual
14460,17432,14460 - 17432,258184,2026-07-10 13:38:58,GUILHERME,AVARIA NO PDV,110,0,0,0,v1-atual
14460,17454,14460 - 17454,273188,2026-07-10 13:40:20,GUILHERME,AVARIA NA ENTREGA,80,0,0,0,v1-atual
23467,6986,23467 - 6986,306190,2026-07-10 13:41:21,GUILHERME,AVARIA NO PDV,60,60,0,0,v1-atual
23467,6987,23467 - 6987,315190,2026-07-10 13:42:18,GUILHERME,AVARIA NO PDV,90,90,0,0,v1-atual
12564,147469,12564 - 147469,297190,2026-07-10 14:03:20,FABIANE RODRIGUES,AVARIA NO PDV,20,0,0,0,v1-atual
14545,154530,14545 - 154530,330190,2026-07-10 14:08:48,FABIANE RODRIGUES,OVOS PODRES,266,0,150,0,v1-atual
14545,154531,14545 - 154531,333190,2026-07-10 14:09:35,FABIANE RODRIGUES,OVOS PODRES,80,0,0,0,v1-atual
2251,5440878,2251 - 5440878,120190,2026-07-10 14:21:26,GEISSON BRENER DA SILVA GOMES,AVARIA NO DEPÓSITO,460,0,30,0,v1-atual
2251,5440877,2251 - 5440877,300190,2026-07-10 14:22:07,GEISSON BRENER DA SILVA GOMES,AVARIA NO DEPÓSITO,270,0,0,0,v1-atual
17253,157425,17253 - 157425,"8,26922E+20",2026-07-10 14:23:49,RUBENS ESCOCIO,AVARIA NA ENTREGA,752,567,0,0,v1-atual
15591,49809,15591 - 49809,384190,2026-07-10 15:35:14,JOÃO MARCOS,AVARIA NA ENTREGA,380,300,0,0,v1-atual
25137,1847,25137 - 1847,243190,2026-07-10 15:37:34,JOÃO MARCOS,OVOS VENCIDOS,1700,1700,0,0,v1-atual
25137,1846,25137 - 1846,237190,2026-07-10 15:39:14,JOÃO MARCOS,AVARIA NA ENTREGA,216,165,0,0,v1-atual
25137,1845,25137 - 1845,228190,2026-07-10 15:42:24,JOÃO MARCOS,ERRO CARREGAMENTO CD,200,200,0,0,v1-atual
11605,175776,11605 - 175776,240190,2026-07-10 16:19:52,ELIABE LIMA MOURA,AVARIA NA ENTREGA,240,240,0,0,v1-atual
17030,127322,17030 - 127322,"7,04819E+20",2026-07-10 16:31:05,SILDIENY,AVARIA NO PDV,74,0,0,0,v1-atual
17030,127321,17030 - 127321,"7,56531E+19",2026-07-10 16:31:55,SILDIENY,AVARIA NO PDV,240,0,0,0,v1-atual
15545,55730,15545 - 55730,174188,2026-07-10 18:43:38,LUIZ RICARDO SILVA DE ARAUJO,AVARIA NO PDV,20,0,0,0,v1-atual
15545,55728,15545 - 55728,162188,2026-07-10 18:45:58,LUIZ RICARDO SILVA DE ARAUJO,AVARIA NO PDV,40,0,0,0,v1-atual
1142,83020,1142 - 83020,780190,2026-07-10 20:04:32,RAFAEL DOS SANTOS,OVOS VENCIDOS,250,0,0,0,v1-atual
13800,164173,13800 - 164173,438190,2026-07-10 20:20:57,FELIPE MARQUES,AVARIA NA ENTREGA,150,150,0,0,v1-atual
168,1784128,168 - 1784128,228189,2026-07-10 20:32:12,SAMUEL AMARO,AVARIA NA ENTREGA,1900,1240,0,0,v1-atual
168,1784129,168 - 1784129,231189,2026-07-10 20:36:33,SAMUEL AMARO,AVARIA NA ENTREGA,240,180,0,0,v1-atual
22946,76323,22946 - 76323,420190,2026-07-10 20:37:21,GENESE PINHEIRO ALEXANDRE,AVARIA NA ENTREGA,600,600,0,0,v1-atual
22946,76322,22946 - 76322,390190,2026-07-10 20:38:34,GENESE PINHEIRO ALEXANDRE,AVARIA NA ENTREGA,780,780,0,0,v1-atual
168,1784336,168 - 1784336,252190,2026-07-10 20:40:43,SAMUEL AMARO,AVARIA NA ENTREGA,200,200,0,0,v1-atual
168,1784337,168 - 1784337,255190,2026-07-10 20:41:16,SAMUEL AMARO,AVARIA NA ENTREGA,1000,1000,0,0,v1-atual
22946,76321,22946 - 76321,360190,2026-07-10 20:41:55,GENESE PINHEIRO ALEXANDRE,AVARIA NO DEPÓSITO,510,410,0,0,v1-atual
22946,76320,22946 - 76320,330190,2026-07-10 20:43:41,GENESE PINHEIRO ALEXANDRE,AVARIA NA ENTREGA,240,240,0,0,v1-atual
11608,180547,11608 - 180547,570189,2026-07-10 20:49:43,GENESE PINHEIRO ALEXANDRE,AVARIA NA ENTREGA,570,460,0,0,v1-atual
11608,180548,11608 - 180548,600189,2026-07-10 20:52:21,GENESE PINHEIRO ALEXANDRE,AVARIA NA ENTREGA,20,20,0,0,v1-atual
12560,259839,12560 - 259839,153190,2026-07-10 21:00:03,RAYLLA SOUSA SANTOS,AVARIA NO DEPÓSITO,50,0,0,0,v1-atual
12560,259843,12560 - 259843,156190,2026-07-10 21:01:22,RAYLLA SOUSA SANTOS,AVARIA NO DEPÓSITO,60,0,0,0,v1-atual
12560,259844,12560 - 259844,159190,2026-07-10 21:01:54,RAYLLA SOUSA SANTOS,AVARIA NO DEPÓSITO,20,0,0,0,v1-atual
12560,259845,12560 - 259845,168190,2026-07-10 21:02:35,RAYLLA SOUSA SANTOS,AVARIA NO DEPÓSITO,40,0,60,0,v1-atual
12560,259846,12560 - 259846,171190,2026-07-10 21:03:25,RAYLLA SOUSA SANTOS,AVARIA NO DEPÓSITO,20,0,0,0,v1-atual
21292,40380,21292 - 40380,246190,2026-07-10 22:34:51,THALYS PABLO RODRIGUES LIMA,AVARIA NO DEPÓSITO,400,0,30,0,v1-atual
21292,40378,21292 - 40378,231190,2026-07-10 22:35:07,THALYS PABLO RODRIGUES LIMA,AVARIA NO DEPÓSITO,690,0,90,0,v1-atual
21292,40379,21292 - 40379,240190,2026-07-10 22:35:41,THALYS PABLO RODRIGUES LIMA,AVARIA NO DEPÓSITO,100,0,0,0,v1-atual
21530,90591,21530 - 90591,510190,2026-07-10 22:58:33,FRANCISCO CLEILSON,AVARIA NO DEPÓSITO,10,10,0,0,v1-atual
21530,90590,21530 - 90590,480190,2026-07-10 22:59:13,FRANCISCO CLEILSON,AVARIA NO DEPÓSITO,630,630,0,0,v1-atual
12735,113834,12735 - 113834,243189,2026-07-11 04:49:55,ADRIANA LIMA,OVOS VENCIDOS,400,400,30,30,v1-atual
25155,6913,25155 - 6913,300190,2026-07-11 06:30:09,ALYSON SOUSA,OVOS VENCIDOS,170,0,90,0,v1-atual
25155,6914,25155 - 6914,450190,2026-07-11 06:30:49,ALYSON SOUSA,NÃO LOCALIZADO,120,0,0,0,v1-atual
25468,50,25468 - 50,330187,2026-07-11 06:32:19,ALYSON SOUSA,OVOS PODRES,60,0,0,0,v1-atual
1697,119015,1697 - 119015,267190,2026-07-11 07:10:39,DOMINIQUE MARTINS,OVOS VENCIDOS,240,0,0,0,v1-atual
1697,119016,1697 - 119016,270190,2026-07-11 07:11:21,DOMINIQUE MARTINS,AVARIA NO DEPÓSITO,834,0,150,0,v1-atual
25286,1195,25286 - 1195,900190,2026-07-11 07:22:34,MATHEUS LAURENTINO,AVARIA NO DEPÓSITO,780,500,0,0,v1-atual
9698,54683,9698 - 54683,270189,2026-07-11 07:24:14,MATHEUS LAURENTINO,FALTA DE PRODUTO,400,0,0,0,v1-atual
23710,39947,23710 - 39947,294190,2026-07-11 08:01:39,EVANDRO CORREIA,AVARIA NO PDV,10,0,0,0,v1-atual
23710,39894,23710 - 39894,123190,2026-07-11 08:02:49,EVANDRO CORREIA,AVARIA NO DEPÓSITO,460,429,870,0,v1-atual
20546,131096,20546 - 131096,750190,2026-07-11 08:29:04,KILDERLAN,AVARIA NA ENTREGA,600,600,0,0,v1-atual
20546,131027,20546 - 131027,180190,2026-07-11 08:32:49,KILDERLAN,AVARIA NA ENTREGA,730,730,0,0,v1-atual
20546,131026,20546 - 131026,150190,2026-07-11 08:34:22,KILDERLAN,AVARIA NA ENTREGA,940,300,0,0,v1-atual
16362,49707,16362 - 49707,279191,2026-07-11 09:02:45,JOEL LOBATO ALVES,AVARIA NO DEPÓSITO,40,0,0,0,v1-atual
21734,252011,21734 - 252011,273189,2026-07-11 09:23:45,KEWIN,AVARIA NO PDV,20,0,0,0,v1-atual
21734,252010,21734 - 252010,270189,2026-07-11 09:24:45,KEWIN,AVARIA NO PDV,400,0,0,0,v1-atual
21734,252009,21734 - 252009,267189,2026-07-11 09:25:16,KEWIN,AVARIA NO PDV,100,0,0,0,v1-atual
21739,125444,21739 - 125444,189190,2026-07-11 09:26:07,KEWIN,AVARIA NO PDV,910,0,0,0,v1-atual
21740,118732,21740 - 118732,261190,2026-07-11 09:26:50,KEWIN,AVARIA NO PDV,440,0,30,0,v1-atual
21740,118733,21740 - 118733,264190,2026-07-11 09:27:36,KEWIN,AVARIA NO PDV,220,0,0,0,v1-atual
11517,46929,11517 - 46929,219191,2026-07-11 09:56:36,MARIA IRANEIDE,AVARIA NA ENTREGA,120,0,0,0,v1-atual
20530,32251,20530 - 32251,339191,2026-07-11 09:57:38,OPERACOES,AVARIA DE VIAGEM,712,712,0,0,v1-atual
17263,38170,17263 - 38170,381191,2026-07-11 09:58:58,OPERACOES,AVARIA DE VIAGEM,770,770,0,0,v1-atual
11517,46919,11517 - 46919,207191,2026-07-11 09:59:26,MARIA IRANEIDE,OVOS PODRES,0,0,720,0,v1-atual
20698,53649,20698 - 53649,258191,2026-07-11 10:02:48,OPERACOES,AVARIA DE VIAGEM,600,600,0,0,v1-atual
17265,34976,17265 - 34976,168191,2026-07-11 10:09:58,OPERACOES,AVARIA DE VIAGEM,600,600,0,0,v1-atual
17576,20305,17576 - 20305,303191,2026-07-11 10:12:47,ANDRESSA NEVES,AVARIA NA ENTREGA,144,115,30,28,v1-atual
21998,22879,21998 - 22879,660190,2026-07-11 10:16:16,LETICIA ELLEN COSTA DA SILVA,AVARIA NA ENTREGA,450,390,0,0,v1-atual
15938,50816,15938 - 50816,213191,2026-07-11 10:19:30,DOMINIQUE MARTINS,OVOS VENCIDOS,944,0,0,0,v1-atual
19233,61174,19233 - 61174,183191,2026-07-11 10:20:46,DOMINIQUE MARTINS,OVOS VENCIDOS,280,0,0,0,v1-atual
19233,61173,19233 - 61173,180191,2026-07-11 10:21:16,DOMINIQUE MARTINS,AVARIA NO PDV,840,0,0,0,v1-atual
613,82226,613 - 82226,540190,2026-07-11 10:24:51,CAIO GABRIEL DA SILVA ROCHA,AVARIA NO PDV,100,0,0,0,v1-atual
613,82227,613 - 82227,570190,2026-07-11 10:26:14,CAIO GABRIEL DA SILVA ROCHA,AVARIA NO PDV,270,0,60,0,v1-atual
23111,11843,23111 - 11843,165191,2026-07-11 10:34:58,OPERACOES,AVARIA DE VIAGEM,400,0,0,0,v1-atual
17253,157456,17253 - 157456,312191,2026-07-11 11:21:58,OPERACOES,AVARIA DE VIAGEM,1860,1860,0,0,v1-atual
14254,44225,14254 - 44225,225191,2026-07-11 11:42:38,PAULO NATAN,AVARIA NO PDV,580,300,0,0,v1-atual
14254,44226,14254 - 44226,231191,2026-07-11 11:44:08,PAULO NATAN,AVARIA NO PDV,92,0,90,0,v1-atual
15403,94685,15403 - 94685,327190,2026-07-11 12:01:11,MEIRE ALBA,OVOS VENCIDOS,690,0,150,0,v1-atual
1086,141555,1086 - 141555,error,2026-07-11 18:17:45,BRUNO AUGUSTO COSTA DE CARVALHO,AVARIA NO CLIENTE,154,0,390,0,v1-atual
23342,4292,23342 - 4292,23342 - 4292,2026-07-11 18:18:25,BRUNO AUGUSTO COSTA DE CARVALHO,AVARIA NA ENTREGA,90,0,30,0,v1-atual
23342,4460,23342 - 4460,error,2026-07-11 18:18:45,BRUNO AUGUSTO COSTA DE CARVALHO,AVARIA NO CLIENTE,206,0,30,0,v1-atual
1699,49676,1699 - 49676,810189,2026-07-11 20:29:28,MEIRE ALBA,NÃO LOCALIZADO,704,0,60,0,v1-atual
21003,21443,21003 - 21443,234190,2026-07-12 14:53:04,PEDRO HENRIQUE TEIXEIRA DE SOUZA,AVARIA NA ENTREGA,20,0,0,0,v1-atual
21003,21442,21003 - 21442,225190,2026-07-12 14:54:34,PEDRO HENRIQUE TEIXEIRA DE SOUZA,AVARIA NA ENTREGA,160,0,60,0,v1-atual
16006,279762,16006 - 279762,840190,2026-07-12 20:38:06,RAFAEL DOS SANTOS,AVARIA NA ENTREGA,840,840,0,0,v1-atual
16006,279761,16006 - 279761,810190,2026-07-12 20:39:54,RAFAEL DOS SANTOS,AVARIA NA ENTREGA,650,650,0,0,v1-atual
2144,41592,2144 - 41592,600191,2026-07-12 21:30:06,ELIABE LIMA MOURA,AVARIA NA ENTREGA,900,900,0,0,v1-atual
10126,338066,10126 - 338066,156191,2026-07-13 05:50:30,MARCOS ALBERTO,AVARIA NO DEPÓSITO,1200,0,0,0,v1-atual
22530,36058,22530 - 36058,420191,2026-07-13 06:24:16,RENAN DE AZEVEDO OLIVEIRA,AVARIA NO PDV,120,0,60,0,v1-atual
21270,10550,21270 - 10550,870190,2026-07-13 06:36:06,JOSÉ JULIANO RODRIGUES,FALTA DE PRODUTO,240,240,0,0,v1-atual
22111,8855,22111 - 8855,189191,2026-07-13 06:53:37,WELTON OLIVEIRA DOS SANTOS,OVOS PODRES,160,0,0,0,v1-atual
1285,119274,1285 - 119274,468190,2026-07-13 06:55:52,WILIANE GALVAO,OVOS PODRES,180,0,0,0,v1-atual
1285,119272,1285 - 119272,465190,2026-07-13 06:56:27,WILIANE GALVAO,AVARIA NA ENTREGA,50,0,0,0,v1-atual
1285,119271,1285 - 119271,459190,2026-07-13 06:57:12,WILIANE GALVAO,OVOS PODRES,380,0,0,0,v1-atual
24137,3838,24137 - 3838,240191,2026-07-13 06:58:27,WILIANE GALVAO,AVARIA NA ENTREGA,40,0,0,0,v1-atual
24137,3837,24137 - 3837,234191,2026-07-13 06:59:16,WILIANE GALVAO,OVOS PODRES,80,0,0,0,v1-atual
24137,3836,24137 - 3836,228191,2026-07-13 07:00:04,WILIANE GALVAO,AVARIA NO DEPÓSITO,110,0,0,0,v1-atual
21254,6173,21254 - 6173,240191,2026-07-13 07:26:07,FRANCISCO JAMISON SOUSA DE MIRANDA,AVARIA NA ENTREGA,40,0,0,0,v1-atual
21254,6174,21254 - 6174,270191,2026-07-13 07:26:35,FRANCISCO JAMISON SOUSA DE MIRANDA,AVARIA NA ENTREGA,60,0,0,0,v1-atual
21254,6175,21254 - 6175,300191,2026-07-13 07:26:50,FRANCISCO JAMISON SOUSA DE MIRANDA,AVARIA NA ENTREGA,60,0,0,0,v1-atual
1698,45422,1698 - 45422,261191,2026-07-13 07:29:37,IRACILDA DA SILVA,PROXIMO AO VENCIMENTO,1650,0,0,0,v1-atual
23383,5135,23383 - 5135,297188,2026-07-13 07:32:40,RAMON DE SOUZA JUCA,AVARIA NO PDV,270,105,60,0,v1-atual
22109,10613,22109 - 10613,222191,2026-07-13 07:33:40,RAMON DE SOUZA JUCA,AVARIA NO PDV,80,54,0,0,v1-atual
25136,1807,25136 - 1807,198191,2026-07-13 07:41:26,SAOUSA RENATO,AVARIA NO DEPÓSITO,190,0,0,0,v1-atual
22314,20907,22314 - 20907,810191,2026-07-13 08:23:34,MIGUEL ABNER CARV,AVARIA NO PDV,320,0,30,0,v1-atual
12466,171744,12466 - 171744,312190,2026-07-13 08:27:08,ANGELA,AVARIA NO DEPÓSITO,530,330,0,0,v1-atual
12466,171682,12466 - 171682,303189,2026-07-13 08:27:38,ANGELA,AVARIA NO DEPÓSITO,1820,1714,0,0,v1-atual
12466,171743,12466 - 171743,309190,2026-07-13 08:40:26,ANGELA,AVARIA NO DEPÓSITO,10,0,120,0,v1-atual
12466,171681,12466 - 171681,300189,2026-07-13 08:41:17,ANGELA,AVARIA NO DEPÓSITO,100,0,0,0,v1-atual
12466,171673,12466 - 171673,258189,2026-07-13 08:41:47,ANGELA,AVARIA NO DEPÓSITO,240,0,0,0,v1-atual
12466,171672,12466 - 171672,255189,2026-07-13 08:42:21,ANGELA,AVARIA NO DEPÓSITO,512,0,150,0,v1-atual
20924,46424,20924 - 46424,318190,2026-07-13 08:42:47,DOUGLAS CARVALHO,AVARIA NA ENTREGA,1010,0,0,0,v1-atual
12466,171671,12466 - 171671,249189,2026-07-13 08:42:58,ANGELA,AVARIA NO DEPÓSITO,220,0,0,0,v1-atual
21377,133682,21377 - 133682,483190,2026-07-13 08:48:02,PAULO NOVAES,OVOS PODRES,180,0,0,0,v1-atual
21377,133681,21377 - 133681,480190,2026-07-13 08:48:16,PAULO NOVAES,OVOS PODRES,30,0,30,0,v1-atual
10567,164196,10567 - 164196,339190,2026-07-13 08:51:28,ISABELLA,AVARIA NA ENTREGA,540,300,0,0,v1-atual
10567,164195,10567 - 164195,336190,2026-07-13 08:51:57,ISABELLA,AVARIA NO PDV,220,140,0,0,v1-atual
10566,119687,10566 - 119687,363190,2026-07-13 08:52:22,ISABELLA,AVARIA NO PDV,60,0,0,0,v1-atual
10566,119685,10566 - 119685,354190,2026-07-13 08:52:38,ISABELLA,AVARIA NO PDV,120,0,0,0,v1-atual
10566,119684,10566 - 119684,351190,2026-07-13 08:54:01,ISABELLA,AVARIA NO PDV,60,0,0,0,v1-atual
10566,119681,10566 - 119681,342190,2026-07-13 08:54:24,ISABELLA,AVARIA NA ENTREGA,600,450,0,0,v1-atual
10566,119686,10566 - 119686,360190,2026-07-13 08:54:44,ISABELLA,AVARIA NO DEPÓSITO,176,100,0,0,v1-atual
12730,225611,12730 - 225611,810192,2026-07-13 09:01:20,ELAINA DE OLIVEIRA,AVARIA NA ENTREGA,900,0,0,0,v1-atual
1139,74332,1139 - 74332,135189,2026-07-13 09:03:33,KARINA COSTA,AVARIA NO PDV,240,0,0,0,v1-atual
22527,35706,22527 - 35706,213189,2026-07-13 09:05:03,KARINA COSTA,AVARIA NO PDV,100,40,0,0,v1-atual
22529,23266,22529 - 23266,120191,2026-07-13 09:05:42,ANA CAROLLINE SOUSA CARVALHO,AVARIA NA ENTREGA,300,195,0,0,v1-atual
22527,35705,22527 - 35705,210189,2026-07-13 09:06:13,KARINA COSTA,AVARIA NO PDV,160,40,0,0,v1-atual
15150,124924,15150 - 124924,117190,2026-07-13 09:08:41,FRANCISCO JHONATAN NUNES GOMES,AVARIA NO DEPÓSITO,50,50,0,0,v1-atual
15150,124922,15150 - 124922,114190,2026-07-13 09:08:53,FRANCISCO JHONATAN NUNES GOMES,AVARIA NO DEPÓSITO,1090,880,0,0,v1-atual
15150,124920,15150 - 124920,111190,2026-07-13 09:09:15,FRANCISCO JHONATAN NUNES GOMES,AVARIA NO DEPÓSITO,228,228,60,0,v1-atual
1094,70751,1094 - 70751,300191,2026-07-13 09:12:15,GEISSON BRENER DA SILVA GOMES,AVARIA NO DEPÓSITO,180,78,0,0,v1-atual
16006,279943,16006 - 279943,600192,2026-07-13 09:15:09,ANA JAMILLY SOUSA,AVARIA NA ENTREGA,470,400,0,0,v1-atual
16006,279942,16006 - 279942,300192,2026-07-13 09:16:09,ANA JAMILLY SOUSA,AVARIA NA ENTREGA,220,179,0,0,v1-atual
12569,123384,12569 - 123384,471190,2026-07-13 09:21:24,FERNANDO,OVOS PODRES,316,0,0,0,v1-atual
13777,71654,13777 - 71654,249190,2026-07-13 09:22:01,FERNANDO,AVARIA NO PDV,160,0,0,0,v1-atual
19243,106818,19243 - 106818,420190,2026-07-13 09:22:33,FERNANDO,AVARIA NO PDV,20,0,30,0,v1-atual
18354,6258,18354 - 6258,126190,2026-07-13 09:23:10,IVANA PATRICIA,AVARIA NO DEPÓSITO,30,0,0,0,v1-atual
20207,97055,20207 - 97055,327191,2026-07-13 09:23:31,FERNANDO,OVOS PODRES,80,0,60,0,v1-atual
1699,49780,1699 - 49780,900192,2026-07-13 09:23:59,MEIRE ALBA,OVOS VENCIDOS,1072,0,0,0,v1-atual
20207,97025,20207 - 97025,429190,2026-07-13 09:24:09,FERNANDO,AVARIA NO PDV,40,0,0,0,v1-atual
20207,97024,20207 - 97024,426190,2026-07-13 09:24:56,FERNANDO,OVOS PODRES,140,0,0,0,v1-atual
18354,6259,18354 - 6259,129190,2026-07-13 09:25:09,IVANA PATRICIA,AVARIA NO DEPÓSITO,120,0,0,0,v1-atual
20443,88643,20443 - 88643,102190,2026-07-13 09:26:36,EVERTON DUARTE,AVARIA NO DEPÓSITO,960,860,90,0,v1-atual
20443,88645,20443 - 88645,105190,2026-07-13 09:27:06,EVERTON DUARTE,AVARIA NO PDV,40,0,0,0,v1-atual
20443,88642,20443 - 88642,990190,2026-07-13 09:27:21,EVERTON DUARTE,AVARIA NO PDV,100,0,0,0,v1-atual
20443,88640,20443 - 88640,960190,2026-07-13 09:27:39,EVERTON DUARTE,AVARIA NO PDV,20,0,0,0,v1-atual
20443,88639,20443 - 88639,930190,2026-07-13 09:28:01,EVERTON DUARTE,NÃO LOCALIZADO,84,0,0,0,v1-atual
2667,21711,2667 - 21711,360189,2026-07-13 09:29:41,CAIO GABRIEL DA SILVA ROCHA,AVARIA NO PDV,150,0,0,0,v1-atual
2667,21710,2667 - 21710,330189,2026-07-13 09:30:23,CAIO GABRIEL DA SILVA ROCHA,AVARIA NO PDV,420,0,0,0,v1-atual
2661,32204,2661 - 32204,600190,2026-07-13 09:32:15,CAIO GABRIEL DA SILVA ROCHA,AVARIA NO PDV,200,200,0,0,v1-atual
1142,83058,1142 - 83058,780191,2026-07-13 09:34:59,RAFAEL DOS SANTOS,AVARIA NA ENTREGA,410,268,0,0,v1-atual
20545,122215,20545 - 122215,630190,2026-07-13 09:35:16,EVERTON DUARTE,AVARIA NO DEPÓSITO,2560,1254,0,0,v1-atual
20545,122214,20545 - 122214,600190,2026-07-13 09:35:44,EVERTON DUARTE,AVARIA NA ENTREGA,270,0,0,0,v1-atual
20545,122349,20545 - 122349,840191,2026-07-13 09:36:00,EVERTON DUARTE,AVARIA NA ENTREGA,20,0,0,0,v1-atual
20545,122322,20545 - 122322,390191,2026-07-13 09:36:52,EVERTON DUARTE,AVARIA NO PDV,10,0,0,0,v1-atual
23484,38226,23484 - 38226,150189,2026-07-13 09:38:31,FRANCISCO ALEXANDRE,AVARIA NO DEPÓSITO,100,0,0,0,v1-atual
23754,83030,23754 - 83030,342191,2026-07-13 09:44:52,WESLEY MEDEIROS,AVARIA NO DEPÓSITO,790,420,210,0,v1-atual
8105,55202,8105 - 55202,270191,2026-07-13 09:50:15,ENIO,AVARIA NO PDV,230,0,30,0,v1-atual
8105,55203,8105 - 55203,285191,2026-07-13 09:51:25,ENIO,AVARIA NO PDV,20,0,0,0,v1-atual
11602,246599,11602 - 246599,126191,2026-07-13 09:53:44,CD JUAZEIRO,AVARIA DE VIAGEM,1800,1800,0,0,v1-atual
22097,17464,22097 - 17464,318191,2026-07-13 09:54:28,CD JUAZEIRO,AVARIA DE VIAGEM,1200,1200,0,0,v1-atual
22098,13238,22098 - 13238,201191,2026-07-13 09:55:03,CD JUAZEIRO,AVARIA DE VIAGEM,1200,1200,0,0,v1-atual
20189,40982,20189 - 40982,243191,2026-07-13 09:56:52,EVELINE DE SOUSA,AVARIA NO PDV,40,0,0,0,v1-atual
20189,40983,20189 - 40983,249191,2026-07-13 09:59:12,EVELINE DE SOUSA,AVARIA NO PDV,194,194,0,0,v1-atual
8156,32735,8156 - 32735,930191,2026-07-13 10:22:36,JOAQUIM BORGES DA SILVA NETO,AVARIA NA ENTREGA,540,380,0,0,v1-atual
8156,32734,8156 - 32734,900191,2026-07-13 10:22:57,JOAQUIM BORGES DA SILVA NETO,AVARIA NA ENTREGA,160,40,0,0,v1-atual
8156,32733,8156 - 32733,870191,2026-07-13 10:23:11,JOAQUIM BORGES DA SILVA NETO,AVARIA NA ENTREGA,60,0,30,0,v1-atual
4486,23790,4486 - 23790,135190,2026-07-13 10:32:29,RODRIGO,AVARIA DE VIAGEM,160,0,0,0,v1-atual
19234,53888,19234 - 53888,123189,2026-07-13 10:32:47,EDSON ALVES DA COSTA,AVARIA NO DEPÓSITO,390,0,30,0,v1-atual
4487,251463,4487 - 251463,258190,2026-07-13 10:39:21,RODRIGO,AVARIA DE VIAGEM,1200,0,0,0,v1-atual
19825,64366,19825 - 64366,174190,2026-07-13 10:50:33,JARDEL ARAUJO,AVARIA NO DEPÓSITO,330,0,0,0,v1-atual
21971,129255,21971 - 129255,315191,2026-07-13 10:51:14,JORSIRLAN,AVARIA NA ENTREGA,270,0,0,0,v1-atual
1139,74360,1139 - 74360,402190,2026-07-13 11:01:00,CD JUAZEIRO,AVARIA DE VIAGEM,300,300,0,0,v1-atual
24871,9422,24871 - 9422,216190,2026-07-13 11:14:56,ERICLES CAMILO ALVES CRUZ,AVARIA NO DEPÓSITO,210,0,0,0,v1-atual
17755,128948,17755 - 128948,102191,2026-07-13 11:15:46,EDUARDO JOSÉ,AVARIA NO DEPÓSITO,0,0,6600,0,v1-atual
21498,62102,21498 - 62102,210191,2026-07-13 12:06:33,TIAGO ARAGÃO DE JESUS,AVARIA NA ENTREGA,900,0,0,0,v1-atual
14569,134482,14569 - 134482,408190,2026-07-13 12:07:00,DIEGO,AVARIA NO PDV,336,0,0,0,v1-atual
14569,134481,14569 - 134481,399190,2026-07-13 12:07:49,DIEGO,AVARIA NO PDV,120,0,0,0,v1-atual
14569,134480,14569 - 134480,396190,2026-07-13 12:10:03,DIEGO,AVARIA NO PDV,20,0,270,0,v1-atual
24566,8298,24566 - 8298,450190,2026-07-13 12:11:32,DIEGO,AVARIA NO PDV,380,0,0,0,v1-atual
24566,8296,24566 - 8296,444190,2026-07-13 12:12:00,DIEGO,AVARIA NA ENTREGA,60,0,360,0,v1-atual
24566,8297,24566 - 8297,447190,2026-07-13 12:12:15,DIEGO,AVARIA NO PDV,32,0,0,0,v1-atual
23042,4641,23042 - 4641,144189,2026-07-13 12:12:35,LEIS LEAL DOS SANTOS,AVARIA NA ENTREGA,522,457,0,0,v1-atual
23231,564060,23231 - 564060,204191,2026-07-13 12:25:52,MATEUS OLIVEIRA,AVARIA NO PDV,530,0,0,0,v1-atual
17522,87262,17522 - 87262,345191,2026-07-13 12:36:32,EDNELSON MENDONCA DA CRUZ,AVARIA NO PDV,120,0,30,0,v1-atual
10023,395220,10023 - 395220,690192,2026-07-13 12:37:29,SAMUEL AMARO,OVOS PODRES,240,0,0,0,v1-atual
10023,395218,10023 - 395218,660192,2026-07-13 12:37:51,SAMUEL AMARO,OVOS PODRES,660,0,1740,0,v1-atual
23661,51786,23661 - 51786,360192,2026-07-13 12:39:12,EDNELSON MENDONCA DA CRUZ,AVARIA NO PDV,70,0,90,0,v1-atual
24183,9734,24183 - 9734,126189,2026-07-13 12:45:53,GLAUCIA,AVARIA NO PDV,190,0,60,0,v1-atual
17048,59867,17048 - 59867,153191,2026-07-13 13:09:56,LUIZ RICARDO SILVA DE ARAUJO,AVARIA NA ENTREGA,156,0,30,0,v1-atual
25136,1827,25136 - 1827,450192,2026-07-13 13:46:10,SAOUSA RENATO,AVARIA NO DEPÓSITO,20,0,30,0,v1-atual
25136,1828,25136 - 1828,480192,2026-07-13 13:46:50,SAOUSA RENATO,AVARIA NO DEPÓSITO,72,0,0,0,v1-atual
18992,23397,18992 - 23397,165190,2026-07-13 13:48:00,SAOUSA RENATO,AVARIA NO DEPÓSITO,90,0,0,0,v1-atual
23904,30621,23904 - 30621,411190,2026-07-13 13:49:34,LEONARDO HENRIQUE,OVOS PODRES,100,0,0,0,v1-atual
24565,7413,24565 - 7413,417190,2026-07-13 13:50:32,DIEGO,AVARIA NO PDV,100,0,60,0,v1-atual
23904,30675,23904 - 30675,330191,2026-07-13 13:53:34,LEONARDO HENRIQUE,OVOS PODRES,240,0,1200,0,v1-atual
12419,40843,12419 - 40843,219189,2026-07-13 13:58:13,MATEUS FIGUEIREDO FERREIRA,AVARIA NO DEPÓSITO,710,600,0,0,v1-atual
20439,10108,20439 - 10108,600191,2026-07-13 14:08:00,CHARLES SANTOS GON,AVARIA NA ENTREGA,1350,857,30,0,v1-atual
4242,81473,4242 - 81473,900191,2026-07-13 14:08:40,CHARLES SANTOS GON,AVARIA NA ENTREGA,520,476,30,0,v1-atual
2777,9714,2777 - 9714,120189,2026-07-13 14:42:53,ANA SELMA DA SILVA REIS,AVARIA NO PDV,1300,0,0,0,v1-atual
664,35630,664 - 35630,321189,2026-07-13 14:43:23,ANA SELMA DA SILVA REIS,AVARIA NO PDV,160,0,0,0,v1-atual
1084,377426,1084 - 377426,177190,2026-07-13 14:44:07,ANA SELMA DA SILVA REIS,AVARIA NO PDV,132,0,390,0,v1-atual
2088,44767,2088 - 44767,180191,2026-07-13 15:07:32,MATHEUS LAURENTINO,AVARIA NO DEPÓSITO,170,0,0,0,v1-atual
25615,290,25615 - 290,345190,2026-07-13 15:09:06,LILIANE,AVARIA NO PDV,92,0,0,0,v1-atual
11023,64130,11023 - 64130,960191,2026-07-13 15:15:00,BRUNO GOMES,AVARIA NO DEPÓSITO,160,0,0,0,v1-atual
23488,58634,23488 - 58634,246191,2026-07-13 15:50:02,OPERACOES,AVARIA DE VIAGEM,2390,2390,0,0,v1-atual
23510,13359,23510 - 13359,840192,2026-07-13 16:14:46,BRENDO SILVA,AVARIA NO PDV,170,0,60,0,v1-atual
23510,13360,23510 - 13360,870192,2026-07-13 16:14:55,BRENDO SILVA,AVARIA NO PDV,20,0,0,0,v1-atual
23510,13361,23510 - 13361,930192,2026-07-13 16:15:04,BRENDO SILVA,AVARIA NO PDV,60,0,0,0,v1-atual
21930,30753,21930 - 30753,453190,2026-07-13 16:15:28,BRENDO SILVA,AVARIA NO DEPÓSITO,330,0,0,0,v1-atual
21416,48343,21416 - 48343,300190,2026-07-13 16:17:46,BRENDO SILVA,AVARIA NO DEPÓSITO,40,0,0,0,v1-atual
23370,4981,23370 - 4981,279189,2026-07-13 16:19:37,BRENDO SILVA,AVARIA NO PDV,80,0,0,0,v1-atual
12789,92088,12789 - 92088,960192,2026-07-13 16:21:40,BRENDO SILVA,AVARIA NO PDV,150,0,0,0,v1-atual
12789,92058,12789 - 92058,162191,2026-07-13 16:22:00,BRENDO SILVA,AVARIA NO PDV,50,0,0,0,v1-atual
12789,92051,12789 - 92051,144190,2026-07-13 16:22:11,BRENDO SILVA,AVARIA NO PDV,80,0,0,0,v1-atual
15748,167429,15748 - 167429,387188,2026-07-13 16:26:49,FABIO REDLOG,AVARIA DE VIAGEM,480,420,0,0,v1-atual
21736,128628,21736 - 128628,258188,2026-07-13 16:27:16,FABIO REDLOG,AVARIA DE VIAGEM,3000,2880,0,0,v1-atual
14545,154476,14545 - 154476,396188,2026-07-13 16:27:41,FABIO REDLOG,AVARIA DE VIAGEM,1400,1260,0,0,v1-atual
14545,154477,14545 - 154477,399188,2026-07-13 16:28:07,FABIO REDLOG,AVARIA DE VIAGEM,1000,930,0,0,v1-atual
21734,251983,21734 - 251983,165189,2026-07-13 16:28:32,FABIO REDLOG,AVARIA DE VIAGEM,3000,2720,0,0,v1-atual
21739,125349,21739 - 125349,222189,2026-07-13 16:29:12,FABIO REDLOG,AVARIA DE VIAGEM,3000,2880,0,0,v1-atual
11604,222476,11604 - 222476,750191,2026-07-13 16:29:30,JOÃO VICTOR GOMES FERREIRA,AVARIA NO DEPÓSITO,120,120,0,0,v1-atual
11604,222475,11604 - 222475,720191,2026-07-13 16:29:55,JOÃO VICTOR GOMES FERREIRA,AVARIA NO DEPÓSITO,300,300,0,0,v1-atual
17522,87119,17522 - 87119,195189,2026-07-13 16:30:10,FABIO REDLOG,AVARIA DE VIAGEM,2360,2107,1440,1320,v1-atual
11604,222474,11604 - 222474,690191,2026-07-13 16:30:24,JOÃO VICTOR GOMES FERREIRA,AVARIA NO DEPÓSITO,340,140,0,0,v1-atual
1078,690836,1078 - 690836,405190,2026-07-13 16:30:49,FABIO REDLOG,AVARIA DE VIAGEM,1020,810,0,0,v1-atual
11604,222472,11604 - 222472,630191,2026-07-13 16:31:00,JOÃO VICTOR GOMES FERREIRA,AVARIA NO DEPÓSITO,220,0,0,0,v1-atual
1086,141557,1086 - 141557,222190,2026-07-13 16:31:47,FABIO REDLOG,AVARIA DE VIAGEM,1330,1330,0,0,v1-atual
12789,92072,12789 - 92072,354191,2026-07-13 16:32:02,BRENDO SILVA,AVARIA NA ENTREGA,3000,3000,0,0,v1-atual
16384,39736,16384 - 39736,423190,2026-07-13 16:32:24,FABIO REDLOG,AVARIA DE VIAGEM,1280,1190,0,0,v1-atual
12733,177162,12733 - 177162,237191,2026-07-13 16:32:37,BRENDO SILVA,AVARIA NA ENTREGA,5900,5900,0,0,v1-atual
20506,49832,20506 - 49832,198190,2026-07-13 16:32:52,FABIO REDLOG,AVARIA DE VIAGEM,1960,1770,720,712,v1-atual
11303,41517,11303 - 41517,150189,2026-07-13 16:33:37,FABIO REDLOG,AVARIA DE VIAGEM,360,330,0,0,v1-atual
22860,19719,22860 - 19719,123191,2026-07-13 16:34:24,WENDY FERREIRA,AVARIA NO PDV,260,260,60,0,v1-atual
12734,96506,12734 - 96506,360191,2026-07-13 16:34:28,BRENDO SILVA,AVARIA NO DEPÓSITO,410,0,0,0,v1-atual
12562,67927,12562 - 67927,144191,2026-07-13 16:34:42,FABIO REDLOG,AVARIA DE VIAGEM,2200,1800,0,0,v1-atual
166,1629564,166 - 1629564,132191,2026-07-13 16:35:40,BRENDO SILVA,OVOS PODRES,0,0,600,0,v1-atual
11604,222473,11604 - 222473,660191,2026-07-13 16:37:00,JOÃO VICTOR GOMES FERREIRA,AVARIA NO DEPÓSITO,30,0,0,0,v1-atual
22648,38727,22648 - 38727,138191,2026-07-13 16:38:28,ANDERSON BARBOSA,AVARIA DE VIAGEM,460,0,300,0,v1-atual
20402,82889,20402 - 82889,273190,2026-07-13 16:43:16,ANDERSON BARBOSA,AVARIA DE VIAGEM,810,0,1110,0,v1-atual
23560,764691,23560 - 764691,156189,2026-07-13 16:44:22,JORGE TELES,AVARIA NA ENTREGA,200,0,0,0,v1-atual
16022,455936,16022 - 455936,300192,2026-07-13 16:44:38,ANDERSON BARBOSA,AVARIA DE VIAGEM,390,0,1200,0,v1-atual
20370,167327,20370 - 167327,570192,2026-07-13 16:47:41,AFONSO,AVARIA NA ENTREGA,1200,0,60,0,v1-atual
23560,766255,23560 - 766255,276190,2026-07-13 16:48:18,JORGE TELES,AVARIA NO DEPÓSITO,710,0,30,0,v1-atual
23560,766264,23560 - 766264,279190,2026-07-13 16:49:33,JORGE TELES,AVARIA NO DEPÓSITO,10,0,0,0,v1-atual
22981,23213,22981 - 23213,141152,2026-07-13 16:50:36,BRENDO SILVA,OVOS PODRES,480,0,0,0,v1-atual
22981,23835,22981 - 23835,147177,2026-07-13 16:50:50,BRENDO SILVA,AVARIA NO PDV,30,0,0,0,v1-atual
22981,23239,22981 - 23239,312153,2026-07-13 16:51:19,BRENDO SILVA,AVARIA NO PDV,40,0,0,0,v1-atual
22981,23834,22981 - 23834,141177,2026-07-13 16:51:38,BRENDO SILVA,AVARIA NO PDV,20,0,0,0,v1-atual
22981,23236,22981 - 23236,297153,2026-07-13 16:52:04,BRENDO SILVA,AVARIA NO PDV,40,0,0,0,v1-atual
22981,23243,22981 - 23243,327153,2026-07-13 16:52:54,BRENDO SILVA,AVARIA NO PDV,180,0,0,0,v1-atual
22981,23833,22981 - 23833,135177,2026-07-13 16:53:03,BRENDO SILVA,AVARIA NO PDV,80,0,0,0,v1-atual
22981,23240,22981 - 23240,498153,2026-07-13 16:53:44,BRENDO SILVA,AVARIA NO PDV,144,0,0,0,v1-atual
22981,23480,22981 - 23480,141162,2026-07-13 16:53:57,BRENDO SILVA,AVARIA NO DEPÓSITO,300,0,0,0,v1-atual
22981,23574,22981 - 23574,444166,2026-07-13 16:54:04,BRENDO SILVA,AVARIA NO DEPÓSITO,0,0,240,0,v1-atual
22981,23867,22981 - 23867,234180,2026-07-13 16:56:57,BRENDO SILVA,AVARIA NO DEPÓSITO,160,0,0,0,v1-atual
22981,23235,22981 - 23235,456153,2026-07-13 16:57:09,BRENDO SILVA,OVOS PODRES,790,0,0,0,v1-atual
22981,23256,22981 - 23256,198154,2026-07-13 16:57:17,BRENDO SILVA,OVOS PODRES,2520,0,0,0,v1-atual
22981,23573,22981 - 23573,222166,2026-07-13 16:57:23,BRENDO SILVA,OVOS PODRES,512,0,0,0,v1-atual
23488,58450,23488 - 58450,219190,2026-07-13 17:14:15,KLEVERTON FRAGOSO,AVARIA NO PDV,320,0,150,0,v1-atual
3811,537188,3811 - 537188,150191,2026-07-13 17:25:29,ALISSON GONÇALVES CRUZ,AVARIA NO PDV,430,300,0,0,v1-atual
3811,537187,3811 - 537187,147191,2026-07-13 17:27:29,ALISSON GONÇALVES CRUZ,AVARIA NO PDV,60,0,13410,0,v1-atual
11602,246747,11602 - 246747,111192,2026-07-13 17:29:45,ALISSON GONÇALVES CRUZ,AVARIA NO PDV,580,0,0,0,v1-atual
11602,246746,11602 - 246746,108192,2026-07-13 17:30:15,ALISSON GONÇALVES CRUZ,AVARIA NO PDV,70,0,0,0,v1-atual
22119,59174,22119 - 59174,369191,2026-07-13 17:34:12,VILMENIA,AVARIA NA ENTREGA,260,260,0,0,v1-atual
21983,105142,21983 - 105142,900192,2026-07-13 17:52:33,GENESE PINHEIRO ALEXANDRE,NÃO LOCALIZADO,60,60,0,0,v1-atual
21983,105143,21983 - 105143,120192,2026-07-13 17:53:38,GENESE PINHEIRO ALEXANDRE,AVARIA NA ENTREGA,400,300,0,0,v1-atual
21983,105144,21983 - 105144,150192,2026-07-13 17:54:11,GENESE PINHEIRO ALEXANDRE,AVARIA NA ENTREGA,834,370,0,0,v1-atual
11608,180622,11608 - 180622,120190,2026-07-13 17:55:26,GENESE PINHEIRO ALEXANDRE,AVARIA NO DEPÓSITO,200,0,0,0,v1-atual
19371,26043,19371 - 26043,216191,2026-07-13 22:03:56,FELIPE MARQUES,AVARIA NA ENTREGA,100,100,0,0,v1-atual
12027,173542,12027 - 173542,273191,2026-07-14 07:02:42,GUILHERME,AVARIA NA ENTREGA,240,240,0,0,v1-atual
12027,173543,12027 - 173543,282191,2026-07-14 07:03:31,GUILHERME,OVOS PODRES,40,0,0,0,v1-atual
12027,173545,12027 - 173545,294191,2026-07-14 07:05:37,GUILHERME,AVARIA NO PDV,20,0,0,0,v1-atual
12027,173546,12027 - 173546,300191,2026-07-14 07:05:59,GUILHERME,AVARIA NO PDV,0,0,60,0,v1-atual
12027,173547,12027 - 173547,306191,2026-07-14 07:06:59,GUILHERME,AVARIA NA ENTREGA,80,80,0,0,v1-atual
12027,173548,12027 - 173548,309191,2026-07-14 07:07:54,GUILHERME,AVARIA NA ENTREGA,40,0,0,0,v1-atual
12027,173544,12027 - 173544,291191,2026-07-14 07:08:21,GUILHERME,AVARIA NO PDV,24,24,0,0,v1-atual
1302,20003,1302 - 20003,540192,2026-07-14 07:09:14,GUILHERME,AVARIA NA ENTREGA,40,0,0,0,v1-atual
9456,90261,9456 - 90261,186190,2026-07-14 07:16:01,CARLOS HENRIQUE,OVOS PODRES,440,375,0,0,v1-atual
21875,129621,21875 - 129621,288191,2026-07-14 07:30:21,EDUARDO ALEXANDRE,OVOS PODRES,760,0,0,0,v1-atual
21875,129619,21875 - 129619,267191,2026-07-14 07:30:51,EDUARDO ALEXANDRE,OVOS PODRES,40,0,0,0,v1-atual
20071,124560,20071 - 124560,321190,2026-07-14 07:34:13,EDUARDO ALEXANDRE,AVARIA NA ENTREGA,280,0,120,0,v1-atual
15550,66844,15550 - 66844,105191,2026-07-14 08:14:48,ALINE MAIARA SILVA,AVARIA NO PDV,120,0,0,0,v1-atual
15697,154320,15697 - 154320,420192,2026-07-14 08:31:07,DOUGLAS CARVALHO,AVARIA NA ENTREGA,140,0,0,0,v1-atual
15697,154318,15697 - 154318,390192,2026-07-14 08:33:20,DOUGLAS CARVALHO,AVARIA NA ENTREGA,390,173,660,0,v1-atual
1288,58231,1288 - 58231,348191,2026-07-14 08:39:40,SILDIENY,AVARIA NO PDV,372,0,0,0,v1-atual
1288,58232,1288 - 58232,351191,2026-07-14 08:40:23,SILDIENY,AVARIA NO PDV,166,0,0,0,v1-atual
12560,259911,12560 - 259911,177191,2026-07-14 08:51:05,RAYLLA SOUSA SANTOS,AVARIA NO DEPÓSITO,24,0,0,0,v1-atual
22546,9912,22546 - 9912,363191,2026-07-14 08:52:09,RAYLLA SOUSA SANTOS,AVARIA NO DEPÓSITO,60,0,0,0,v1-atual
15697,153981,15697 - 153981,147190,2026-07-14 08:52:50,DOUGLAS CARVALHO,AVARIA NA ENTREGA,140,0,0,0,v1-atual
15697,153982,15697 - 153982,150190,2026-07-14 08:53:07,DOUGLAS CARVALHO,AVARIA NA ENTREGA,280,80,0,0,v1-atual
15697,153978,15697 - 153978,141190,2026-07-14 08:53:18,DOUGLAS CARVALHO,AVARIA NA ENTREGA,110,0,660,0,v1-atual
21600,23101,21600 - 23101,141191,2026-07-14 09:05:26,SABRINA RODRIGUES BARBOSA,AVARIA NO DEPÓSITO,300,144,120,0,v1-atual
10650,360687,10650 - 360687,330191,2026-07-14 09:21:36,FRANCISCO DANIZETE MACIEL DE SOUSA,AVARIA NA ENTREGA,560,280,60,0,v1-atual
1304,23832,1304 - 23832,456190,2026-07-14 09:28:02,DANIELE,AVARIA NO PDV,120,0,0,0,v1-atual
20831,145335,20831 - 145335,324190,2026-07-14 09:50:51,ANGELA,AVARIA NO DEPÓSITO,600,580,0,0,v1-atual
12553,108416,12553 - 108416,780192,2026-07-14 09:58:03,PAULO FERNANDO SILVA,AVARIA NO PDV,30,30,0,0,v1-atual
12553,108415,12553 - 108415,750192,2026-07-14 09:58:43,PAULO FERNANDO SILVA,AVARIA NO PDV,20,0,0,0,v1-atual
20114,37728,20114 - 37728,630192,2026-07-14 09:59:43,PAULO FERNANDO SILVA,AVARIA NO PDV,202,202,0,0,v1-atual
8105,55329,8105 - 55329,237194,2026-07-14 10:23:14,ENIO,AVARIA NO PDV,130,0,30,0,v1-atual
1281,470057,1281 - 470057,222194,2026-07-14 11:39:22,VILMENIA,AVARIA NA ENTREGA,382,360,60,0,v1-atual
1281,469973,1281 - 469973,432190,2026-07-14 11:42:27,VILMENIA,AVARIA NA ENTREGA,190,110,30,0,v1-atual
8480,342532,8480 - 342532,150191,2026-07-14 11:45:52,CAMILA LIMA,AVARIA NO DEPÓSITO,240,240,0,0,v1-atual
8480,342531,8480 - 342531,120191,2026-07-14 11:46:42,CAMILA LIMA,AVARIA NO PDV,280,280,720,0,v1-atual
21971,129495,21971 - 129495,291194,2026-07-14 11:50:21,JORSIRLAN,AVARIA NA ENTREGA,290,0,30,0,v1-atual
14459,15903,14459 - 15903,528194,2026-07-14 11:51:12,ANDRE PEREIRA,AVARIA NO PDV,470,335,30,0,v1-atual
6689,390750,6689 - 390750,390194,2026-07-14 11:54:31,VILMENIA,AVARIA NA ENTREGA,80,50,0,0,v1-atual
6689,390747,6689 - 390747,363194,2026-07-14 11:56:22,VILMENIA,AVARIA NA ENTREGA,150,100,0,0,v1-atual
13000,65745,13000 - 65745,144194,2026-07-14 12:00:02,CARLOS JEAN,AVARIA NO DEPÓSITO,420,0,960,0,v1-atual
10533,237956,10533 - 237956,315189,2026-07-14 12:33:02,RENAN,AVARIA NO PDV,30,0,0,0,v1-atual
19495,309964,19495 - 309964,366190,2026-07-14 12:37:22,RENAN,AVARIA NO PDV,22,0,15,0,v1-atual
17081,32005,17081 - 32005,162190,2026-07-14 12:43:34,WILLIAN DIAS DOS SANTOS,OVOS PODRES,172,0,0,0,v1-atual
25116,147726,25116 - 147726,672194,2026-07-14 12:45:35,JOÃO VITOR DE ALCANTARA FURTADO,AVARIA NO PDV,430,0,150,0,v1-atual
25116,147597,25116 - 147597,114192,2026-07-14 12:45:44,JOÃO VITOR DE ALCANTARA FURTADO,AVARIA NO PDV,270,0,30,0,v1-atual
23803,10869,23803 - 10869,408194,2026-07-14 12:46:00,JOÃO VITOR DE ALCANTARA FURTADO,AVARIA NO PDV,250,0,30,0,v1-atual
1700,41384,1700 - 41384,120194,2026-07-14 13:15:40,MARIA IRANEIDE,AVARIA NO DEPÓSITO,520,0,30,0,v1-atual
22099,24482,22099 - 24482,159191,2026-07-14 13:19:04,FRANCINETE VIANA,AVARIA NA ENTREGA,246,0,0,0,v1-atual
5677,118911,5677 - 118911,810153,2026-07-14 13:26:49,THIAGO DEYVID LIMA DA SILVA,AVARIA NA ENTREGA,350,350,0,0,v1-atual
13515,1302529,13515 - 1302529,108194,2026-07-14 13:44:14,FRANCINETE VIANA,AVARIA NO DEPÓSITO,2100,0,0,0,v1-atual
3944,78355,3944 - 78355,396194,2026-07-14 13:53:15,EVELINE DE SOUSA,AVARIA NO PDV,122,0,0,0,v1-atual
11407,175289,11407 - 175289,183194,2026-07-14 13:53:55,LEO JAIME,AVARIA NA ENTREGA,5630,3300,2010,0,v1-atual
11501,25161,11501 - 25161,207194,2026-07-14 14:20:40,EVELINE DE SOUSA,AVARIA NO PDV,422,0,0,0,v1-atual
20029,183585,20029 - 183585,192194,2026-07-14 14:23:45,EVELINE DE SOUSA,AVARIA NO PDV,86,0,0,0,v1-atual
20189,41022,20189 - 41022,285194,2026-07-14 14:25:36,EVELINE DE SOUSA,AVARIA NO PDV,50,0,0,0,v1-atual
20189,41021,20189 - 41021,279194,2026-07-14 14:27:25,EVELINE DE SOUSA,AVARIA NO PDV,110,110,0,0,v1-atual
25117,63287,25117 - 63287,204194,2026-07-14 14:37:26,MAURICIO PINHEIRO MIRANDA,AVARIA NO PDV,130,0,0,0,v1-atual
15591,49862,15591 - 49862,135194,2026-07-14 15:26:39,JOÃO MARCOS,ERRO CARREGAMENTO CD,110,85,0,0,v1-atual
7071,5961,7071 - 5961,210194,2026-07-14 15:37:07,LETICIA ELLEN COSTA DA SILVA,AVARIA NA ENTREGA,0,0,720,0,v1-atual
7071,5959,7071 - 5959,300194,2026-07-14 15:37:33,LETICIA ELLEN COSTA DA SILVA,AVARIA NA ENTREGA,540,80,0,0,v1-atual
21816,5229,21816 - 5229,450194,2026-07-14 15:38:24,LETICIA ELLEN COSTA DA SILVA,AVARIA NA ENTREGA,660,630,0,0,v1-atual
21998,22935,21998 - 22935,960194,2026-07-14 15:39:15,LETICIA ELLEN COSTA DA SILVA,AVARIA NA ENTREGA,320,290,0,0,v1-atual
11599,33051,11599 - 33051,900194,2026-07-14 15:40:11,LETICIA ELLEN COSTA DA SILVA,AVARIA NA ENTREGA,0,0,480,0,v1-atual
20506,49914,20506 - 49914,195194,2026-07-14 16:23:24,ALESSANDRA FARIAS NAZARETH,AVARIA NO PDV,102,0,15,0,v1-atual
14463,17638,14463 - 17638,327194,2026-07-14 16:43:43,RAIMUNDO,AVARIA NA ENTREGA,114,90,0,0,v1-atual
14463,17639,14463 - 17639,330194,2026-07-14 16:45:43,RAIMUNDO,AVARIA NA ENTREGA,60,50,0,0,v1-atual
17518,15912,17518 - 15912,990192,2026-07-14 16:52:47,RAIMUNDO,AVARIA NA ENTREGA,66,49,0,0,v1-atual
17518,15913,17518 - 15913,102192,2026-07-14 16:55:48,RAIMUNDO,AVARIA NA ENTREGA,100,90,0,0,v1-atual
17518,15914,17518 - 15914,105192,2026-07-14 16:57:46,RAIMUNDO,AVARIA NA ENTREGA,40,35,0,0,v1-atual
21530,90771,21530 - 90771,180192,2026-07-14 17:00:02,RAFAEL DOS SANTOS,AVARIA NO PDV,20,0,0,0,v1-atual
19590,11643,19590 - 11643,108191,2026-07-14 17:56:54,RAIMUNDO,AVARIA NA ENTREGA,66,60,0,0,v1-atual
19590,11644,19590 - 11644,111191,2026-07-14 17:59:46,RAIMUNDO,AVARIA NA ENTREGA,60,55,0,0,v1-atual
19590,11645,19590 - 11645,114191,2026-07-14 18:02:38,RAIMUNDO,AVARIA NA ENTREGA,100,95,0,0,v1-atual
17512,40070,17512 - 40070,297191,2026-07-14 18:47:16,GILERLESON FEQUES,AVARIA NA ENTREGA,62,0,0,0,v1-atual
17512,40068,17512 - 40068,276191,2026-07-14 18:47:52,GILERLESON FEQUES,AVARIA NA ENTREGA,220,0,0,0,v1-atual
23370,5137,23370 - 5137,576194,2026-07-14 20:29:37,VALDEREI SANTOS,AVARIA NO DEPÓSITO,40,0,0,0,v1-atual
21377,133774,21377 - 133774,633194,2026-07-14 21:47:41,PAULO NOVAES,OVOS PODRES,200,0,0,0,v1-atual
21377,133757,21377 - 133757,492194,2026-07-14 21:50:47,PAULO NOVAES,OVOS PODRES,80,0,0,0,v1-atual
21377,133773,21377 - 133773,624194,2026-07-14 21:51:35,PAULO NOVAES,OVOS PODRES,516,0,0,0,v1-atual
21377,133755,21377 - 133755,483194,2026-07-14 21:52:51,PAULO NOVAES,OVOS PODRES,70,0,0,0,v1-atual
22025,42865,22025 - 42865,180194,2026-07-14 22:56:49,BRENDO SILVA,AVARIA NO PDV,60,0,0,0,v1-atual
22025,42864,22025 - 42864,177194,2026-07-14 22:57:05,BRENDO SILVA,AVARIA NO DEPÓSITO,510,0,60,0,v1-atual
12789,92112,12789 - 92112,339194,2026-07-14 22:57:25,BRENDO SILVA,AVARIA NO PDV,170,0,0,0,v1-atual
4519,63060,4519 - 63060,336194,2026-07-15 01:35:40,MAURICIO PINHEIRO MIRANDA,AVARIA NO PDV,125,116,30,0,v1-atual
12731,209981,12731 - 209981,507194,2026-07-15 06:16:32,MAIQUES ANTONIO MACHADO,AVARIA NA ENTREGA,940,0,0,0,v1-atual
23589,29459,23589 - 29459,360194,2026-07-15 07:19:59,LEUJUAN DIAS VIEIRA,AVARIA NO DEPÓSITO,130,0,0,0,v1-atual
23589,29458,23589 - 29458,300194,2026-07-15 07:20:14,LEUJUAN DIAS VIEIRA,AVARIA NO DEPÓSITO,190,0,0,0,v1-atual
23589,29457,23589 - 29457,270194,2026-07-15 07:21:13,LEUJUAN DIAS VIEIRA,AVARIA NA ENTREGA,680,675,0,0,v1-atual
21531,100332,21531 - 100332,105194,2026-07-15 07:41:41,FRANCISCO ALEXANDRE,AVARIA NA ENTREGA,850,430,0,0,v1-atual
4818,90781,4818 - 90781,660194,2026-07-15 07:49:48,CHARLES SANTOS GON,PROXIMO AO VENCIMENTO,590,387,60,0,v1-atual
5007,153368,5007 - 153368,660194,2026-07-15 07:54:18,RAYARA OLIVEIRA,AVARIA NO PDV,64,0,0,0,v1-atual
5007,153367,5007 - 153367,657194,2026-07-15 07:54:58,RAYARA OLIVEIRA,OVOS PODRES,150,0,0,0,v1-atual
5007,153366,5007 - 153366,654194,2026-07-15 07:55:39,RAYARA OLIVEIRA,AVARIA NO PDV,270,0,0,0,v1-atual
25615,309,25615 - 309,129194,2026-07-15 07:56:55,JOICINARA,AVARIA NO PDV,100,0,0,0,v1-atual
5007,153369,5007 - 153369,663194,2026-07-15 07:57:26,RAYARA OLIVEIRA,AVARIA NO PDV,12,0,0,0,v1-atual
5007,153365,5007 - 153365,648194,2026-07-15 07:58:01,RAYARA OLIVEIRA,AVARIA NA ENTREGA,40,0,0,0,v1-atual
5007,153285,5007 - 153285,441190,2026-07-15 07:58:32,RAYARA OLIVEIRA,AVARIA NO PDV,178,0,0,0,v1-atual
7315,290782,7315 - 290782,348190,2026-07-15 07:59:20,RAYARA OLIVEIRA,OVOS VENCIDOS,60,60,0,0,v1-atual
7315,290785,7315 - 290785,357190,2026-07-15 07:59:51,RAYARA OLIVEIRA,AVARIA NO PDV,70,0,0,0,v1-atual
7315,290786,7315 - 290786,369190,2026-07-15 08:00:19,RAYARA OLIVEIRA,AVARIA NO PDV,20,0,0,0,v1-atual
7315,290788,7315 - 290788,378190,2026-07-15 08:00:58,RAYARA OLIVEIRA,AVARIA NO PDV,40,0,0,0,v1-atual
7315,290973,7315 - 290973,171194,2026-07-15 08:01:27,RAYARA OLIVEIRA,AVARIA NO PDV,160,0,0,0,v1-atual
23811,2003,23811 - 2003,174191,2026-07-15 08:01:57,RAYARA OLIVEIRA,AVARIA NO PDV,160,0,60,0,v1-atual
23811,2031,23811 - 2031,372194,2026-07-15 08:02:27,RAYARA OLIVEIRA,AVARIA NO PDV,130,0,0,0,v1-atual
24034,1678,24034 - 1678,375191,2026-07-15 08:03:03,RAYARA OLIVEIRA,AVARIA NO PDV,70,0,0,0,v1-atual
24034,1679,24034 - 1679,378191,2026-07-15 08:03:36,RAYARA OLIVEIRA,AVARIA NO PDV,0,0,120,0,v1-atual
24034,1707,24034 - 1707,612194,2026-07-15 08:04:01,RAYARA OLIVEIRA,AVARIA NO PDV,50,0,0,0,v1-atual
11606,182163,11606 - 182163,300194,2026-07-15 08:04:27,CAIO GABRIEL DA SILVA ROCHA,AVARIA NO PDV,350,350,0,0,v1-atual
24034,1709,24034 - 1709,627194,2026-07-15 08:07:23,RAYARA OLIVEIRA,AVARIA NA ENTREGA,100,0,0,0,v1-atual
24034,1708,24034 - 1708,618194,2026-07-15 08:07:57,RAYARA OLIVEIRA,AVARIA NO DEPÓSITO,150,0,0,0,v1-atual
24034,1680,24034 - 1680,384191,2026-07-15 08:08:26,RAYARA OLIVEIRA,AVARIA NA ENTREGA,20,0,0,0,v1-atual
2251,5440893,2251 - 5440893,540194,2026-07-15 08:10:26,GEISSON BRENER DA SILVA GOMES,AVARIA NO DEPÓSITO,260,220,0,0,v1-atual
21270,10566,21270 - 10566,390194,2026-07-15 08:34:11,JOSÉ JULIANO RODRIGUES,OVOS VENCIDOS,992,960,0,0,v1-atual
21270,10567,21270 - 10567,420194,2026-07-15 08:35:48,JOSÉ JULIANO RODRIGUES,AVARIA NA ENTREGA,760,760,0,0,v1-atual
11606,182165,11606 - 182165,120194,2026-07-15 08:38:18,CAIO GABRIEL DA SILVA ROCHA,AVARIA NA ENTREGA,100,0,0,0,v1-atual
11606,182164,11606 - 182164,900194,2026-07-15 08:39:30,CAIO GABRIEL DA SILVA ROCHA,AVARIA NO PDV,200,200,0,0,v1-atual
2667,21742,2667 - 21742,930194,2026-07-15 08:41:36,CAIO GABRIEL DA SILVA ROCHA,AVARIA NO PDV,200,0,0,0,v1-atual
25437,659,25437 - 659,180194,2026-07-15 08:42:38,CAIO GABRIEL DA SILVA ROCHA,AVARIA NO PDV,280,0,0,0,v1-atual
2661,32220,2661 - 32220,600194,2026-07-15 08:43:00,CAIO GABRIEL DA SILVA ROCHA,AVARIA NO PDV,270,0,0,0,v1-atual
18354,6354,18354 - 6354,147194,2026-07-15 09:17:20,IVANA PATRICIA,AVARIA NA ENTREGA,460,0,0,0,v1-atual
25468,90,25468 - 90,990194,2026-07-15 09:29:24,ALYSON SOUSA,OVOS PODRES,120,0,60,0,v1-atual
21292,40080,21292 - 40080,390176,2026-07-15 09:55:41,THALYS PABLO RODRIGUES LIMA,AVARIA NO DEPÓSITO,120,0,0,0,v1-atual
21547,13356,21547 - 13356,153194,2026-07-15 10:02:44,OPERACOES,AVARIA DE VIAGEM,900,900,0,0,v1-atual
23429,9975,23429 - 9975,264191,2026-07-15 10:07:02,ANA LUIZA GOMES DO AMARAL,AVARIA NO PDV,20,16,0,0,v1-atual
20530,32297,20530 - 32297,486194,2026-07-15 10:14:04,OPERACOES,AVARIA DE VIAGEM,1650,1650,0,0,v1-atual
10967,10468,10967 - 10468,210195,2026-07-15 10:37:19,IRACILDA DA SILVA,AVARIA NO PDV,240,0,120,0,v1-atual
20699,73865,20699 - 73865,399195,2026-07-15 10:45:49,OPERACOES,AVARIA DE VIAGEM,1540,1540,0,0,v1-atual
20530,32293,20530 - 32293,321194,2026-07-15 10:47:19,NATHANAEL CAVALCANTE,OVOS VENCIDOS,1594,850,0,0,v1-atual
20530,32295,20530 - 32295,384194,2026-07-15 10:47:54,NATHANAEL CAVALCANTE,AVARIA NO DEPÓSITO,1650,850,0,0,v1-atual
20698,53713,20698 - 53713,294195,2026-07-15 10:48:39,OPERACOES,AVARIA DE VIAGEM,1200,1200,0,0,v1-atual
21498,62153,21498 - 62153,201194,2026-07-15 10:52:04,TIAGO ARAGÃO DE JESUS,AVARIA NA ENTREGA,420,0,0,0,v1-atual
17263,38212,17263 - 38212,426195,2026-07-15 10:52:37,OPERACOES,AVARIA DE VIAGEM,620,620,0,0,v1-atual
21498,62152,21498 - 62152,189194,2026-07-15 10:53:31,TIAGO ARAGÃO DE JESUS,AVARIA NA ENTREGA,150,0,30,0,v1-atual
14698,73297,14698 - 73297,417195,2026-07-15 10:54:05,BRENDO SILVA,AVARIA NO DEPÓSITO,220,200,0,0,v1-atual
8291,243960,8291 - 243960,339195,2026-07-15 10:54:25,BRENDO SILVA,AVARIA NO PDV,30,0,0,0,v1-atual
21297,45415,21297 - 45415,408195,2026-07-15 10:55:48,BRENDO SILVA,OVOS PODRES,360,0,0,0,v1-atual
21297,45414,21297 - 45414,405195,2026-07-15 10:55:55,BRENDO SILVA,OVOS PODRES,100,0,0,0,v1-atual
21299,41892,21299 - 41892,309195,2026-07-15 10:56:05,BRENDO SILVA,OVOS PODRES,90,0,750,0,v1-atual
15550,66957,15550 - 66957,171195,2026-07-15 10:56:55,ALINE MAIARA SILVA,AVARIA NO PDV,190,0,0,0,v1-atual
11517,47045,11517 - 47045,261195,2026-07-15 11:01:24,MARIA IRANEIDE,OVOS PODRES,220,0,150,0,v1-atual
1138,77737,1138 - 77737,720195,2026-07-15 11:07:36,JOSÉ JULIANO RODRIGUES,FALTA DE PRODUTO,1350,1350,0,0,v1-atual
16006,280193,16006 - 280193,330195,2026-07-15 11:31:06,ANA JAMILLY SOUSA,AVARIA NA ENTREGA,660,300,0,0,v1-atual
16006,280194,16006 - 280194,360195,2026-07-15 11:31:52,ANA JAMILLY SOUSA,AVARIA NA ENTREGA,390,200,0,0,v1-atual
11608,180870,11608 - 180870,600195,2026-07-15 11:41:21,GENESE PINHEIRO ALEXANDRE,AVARIA NA ENTREGA,920,920,0,0,v1-atual
11608,180871,11608 - 180871,660195,2026-07-15 11:45:54,GENESE PINHEIRO ALEXANDRE,AVARIA NA ENTREGA,20,20,0,0,v1-atual
11607,238485,11607 - 238485,690194,2026-07-15 11:55:39,FRANCISCO JAMISON SOUSA DE MIRANDA,AVARIA NA ENTREGA,710,400,0,0,v1-atual
11607,238486,11607 - 238486,720194,2026-07-15 11:55:53,FRANCISCO JAMISON SOUSA DE MIRANDA,AVARIA NA ENTREGA,760,760,0,0,v1-atual
11607,238487,11607 - 238487,750194,2026-07-15 11:56:06,FRANCISCO JAMISON SOUSA DE MIRANDA,AVARIA NA ENTREGA,180,180,0,0,v1-atual
11607,238488,11607 - 238488,780194,2026-07-15 11:56:28,FRANCISCO JAMISON SOUSA DE MIRANDA,AVARIA NA ENTREGA,100,100,0,0,v1-atual
23485,49181,23485 - 49181,900195,2026-07-15 12:03:27,JOAQUIM BORGES DA SILVA NETO,AVARIA NA ENTREGA,1432,1400,0,0,v1-atual
23485,49182,23485 - 49182,930195,2026-07-15 12:04:01,JOAQUIM BORGES DA SILVA NETO,AVARIA NA ENTREGA,180,80,210,0,v1-atual
23485,49180,23485 - 49180,870195,2026-07-15 12:04:42,JOAQUIM BORGES DA SILVA NETO,AVARIA NA ENTREGA,150,93,0,0,v1-atual
16996,44852,16996 - 44852,471194,2026-07-15 12:08:50,JOSENILDO SILVA SOUSA,OVOS PODRES,160,0,0,0,v1-atual
20831,145449,20831 - 145449,429194,2026-07-15 12:22:28,RENAN,AVARIA NO PDV,100,0,0,0,v1-atual
20831,145448,20831 - 145448,423194,2026-07-15 12:22:49,RENAN,AVARIA NO PDV,690,0,210,0,v1-atual
16363,40125,16363 - 40125,186195,2026-07-15 12:31:54,JOEL LOBATO ALVES,AVARIA NO PDV,40,0,0,0,v1-atual
1083,72555,1083 - 72555,342194,2026-07-15 12:36:57,JEAN ARAUJO PEREIRA,AVARIA NO PDV,160,0,90,0,v1-atual
12562,68022,12562 - 68022,180195,2026-07-15 12:37:21,JEAN ARAUJO PEREIRA,AVARIA NO PDV,60,0,15,0,v1-atual
164,1821868,164 - 1821868,183190,2026-07-15 12:37:45,MICHAEL DOUGLAS,AVARIA NO DEPÓSITO,420,420,0,0,v1-atual
3765,449393,3765 - 449393,420195,2026-07-15 12:38:05,JEAN ARAUJO PEREIRA,AVARIA NO PDV,300,0,0,0,v1-atual
164,1821865,164 - 1821865,180190,2026-07-15 12:38:54,MICHAEL DOUGLAS,FALTA DE PRODUTO,300,300,0,0,v1-atual
11777,413838,11777 - 413838,423195,2026-07-15 12:39:20,JEAN ARAUJO PEREIRA,AVARIA NO PDV,122,0,0,0,v1-atual
19575,1418,19575 - 1418,243195,2026-07-15 12:42:55,JEAN ARAUJO PEREIRA,AVARIA NO PDV,298,0,0,0,v1-atual
23905,29888,23905 - 29888,429195,2026-07-15 12:48:48,MICHAEL DOUGLAS,OVOS PODRES,170,0,600,0,v1-atual
23906,34653,23906 - 34653,387190,2026-07-15 13:10:24,MICHAEL DOUGLAS,OVOS PODRES,620,0,900,0,v1-atual
23661,51958,23661 - 51958,354195,2026-07-15 13:14:45,EDNELSON MENDONCA DA CRUZ,AVARIA NO PDV,156,0,135,0,v1-atual
21895,104473,21895 - 104473,123194,2026-07-15 13:15:25,EDNELSON MENDONCA DA CRUZ,AVARIA NO PDV,160,0,0,0,v1-atual
2144,41614,2144 - 41614,390195,2026-07-15 13:19:01,ELIABE LIMA MOURA,AVARIA NA ENTREGA,660,660,30,0,v1-atual
2144,41619,2144 - 41619,111195,2026-07-15 13:19:55,ELIABE LIMA MOURA,OVOS VENCIDOS,560,560,0,0,v1-atual
1288,58250,1288 - 58250,396194,2026-07-15 13:56:57,SILDIENY,AVARIA NO PDV,230,0,0,0,v1-atual
1288,58251,1288 - 58251,402194,2026-07-15 13:57:59,SILDIENY,AVARIA NO PDV,104,0,0,0,v1-atual
23525,5685,23525 - 5685,234194,2026-07-15 13:58:56,SILDIENY,AVARIA NO PDV,0,0,270,0,v1-atual
23525,5686,23525 - 5686,240194,2026-07-15 13:59:26,SILDIENY,AVARIA NO PDV,70,0,0,0,v1-atual
23525,5687,23525 - 5687,243194,2026-07-15 13:59:53,SILDIENY,AVARIA NO PDV,70,0,0,0,v1-atual
18992,23577,18992 - 23577,141194,2026-07-15 14:05:15,SAOUSA RENATO,AVARIA NO DEPÓSITO,20,0,0,0,v1-atual
18992,23576,18992 - 23576,138194,2026-07-15 14:06:05,SAOUSA RENATO,AVARIA NO DEPÓSITO,162,0,0,0,v1-atual
20546,131334,20546 - 131334,210192,2026-07-15 14:31:57,KILDERLAN,AVARIA NO DEPÓSITO,450,450,0,0,v1-atual
20546,131335,20546 - 131335,240192,2026-07-15 14:32:36,KILDERLAN,AVARIA NO DEPÓSITO,360,360,0,0,v1-atual
12731,210009,12731 - 210009,267195,2026-07-15 14:32:44,BRENDO SILVA,AVARIA NO DEPÓSITO,240,0,0,0,v1-atual
20546,131336,20546 - 131336,270192,2026-07-15 14:33:04,KILDERLAN,AVARIA NO DEPÓSITO,60,0,0,0,v1-atual
20924,46568,20924 - 46568,276195,2026-07-15 14:33:17,BRENDO SILVA,AVARIA NO PDV,90,0,30,0,v1-atual
20546,131518,20546 - 131518,150195,2026-07-15 14:33:41,KILDERLAN,AVARIA NA ENTREGA,260,260,0,0,v1-atual
20546,131519,20546 - 131519,180195,2026-07-15 14:34:01,KILDERLAN,AVARIA NA ENTREGA,20,0,0,0,v1-atual
20546,131520,20546 - 131520,210195,2026-07-15 14:34:24,KILDERLAN,AVARIA NA ENTREGA,240,240,0,0,v1-atual
20546,131521,20546 - 131521,240195,2026-07-15 14:34:48,KILDERLAN,AVARIA NA ENTREGA,840,840,0,0,v1-atual
23370,5141,23370 - 5141,603194,2026-07-15 14:45:22,BRENDO SILVA,AVARIA NO DEPÓSITO,320,0,0,0,v1-atual
9088,30384,9088 - 30384,240194,2026-07-15 14:52:54,BRUNO GOMES,AVARIA NA ENTREGA,200,151,30,0,v1-atual
11023,64156,11023 - 64156,330194,2026-07-15 14:54:49,BRUNO GOMES,AVARIA NO DEPÓSITO,140,0,0,0,v1-atual
17266,25416,17266 - 25416,378194,2026-07-15 15:06:32,JOSE CLAUDIO,AVARIA NO DEPÓSITO,342,240,30,0,v1-atual
25086,35727,25086 - 35727,435195,2026-07-15 15:16:44,KEWIN,AVARIA NO PDV,540,0,60,0,v1-atual
21983,105539,21983 - 105539,168195,2026-07-15 15:20:47,GENESE PINHEIRO ALEXANDRE,AVARIA NA ENTREGA,60,60,0,0,v1-atual
21983,105538,21983 - 105538,165195,2026-07-15 15:21:16,GENESE PINHEIRO ALEXANDRE,AVARIA NA ENTREGA,30,30,300,0,v1-atual
21983,105537,21983 - 105537,162195,2026-07-15 15:21:59,GENESE PINHEIRO ALEXANDRE,AVARIA NA ENTREGA,400,300,0,0,v1-atual
21983,105536,21983 - 105536,159195,2026-07-15 15:22:42,GENESE PINHEIRO ALEXANDRE,AVARIA NA ENTREGA,720,435,0,0,v1-atual
22647,38692,22647 - 38692,231195,2026-07-15 15:24:36,SAMUEL AMARO,OVOS PODRES,120,0,0,0,v1-atual
22528,31297,22528 - 31297,870194,2026-07-15 15:24:40,BRUNO GOMES,AVARIA NA ENTREGA,120,120,0,0,v1-atual
22647,38690,22647 - 38690,225195,2026-07-15 15:25:06,SAMUEL AMARO,OVOS PODRES,380,0,300,0,v1-atual
22528,31295,22528 - 31295,810194,2026-07-15 15:25:15,BRUNO GOMES,AVARIA NO PDV,200,0,0,0,v1-atual
22528,31296,22528 - 31296,840194,2026-07-15 15:25:34,BRUNO GOMES,AVARIA NO PDV,10,0,0,0,v1-atual
23096,14169,23096 - 14169,213195,2026-07-15 15:41:56,ROBSON LIMA DOS SANTOS,AVARIA NA ENTREGA,220,194,0,0,v1-atual
7142,18949,7142 - 18949,162194,2026-07-15 15:43:05,ROBSON LIMA DOS SANTOS,AVARIA NA ENTREGA,410,270,0,0,v1-atual
4486,23827,4486 - 23827,234195,2026-07-15 15:49:13,MAURICIO PINHEIRO MIRANDA,AVARIA NO PDV,290,260,0,0,v1-atual
17264,97990,17264 - 97990,447195,2026-07-15 15:54:52,OPERACOES,AVARIA DE VIAGEM,854,854,180,0,v1-atual
11380,49732,11380 - 49732,279195,2026-07-15 15:57:55,EVELINE DE SOUSA,AVARIA NO PDV,234,0,0,0,v1-atual
12599,31425,12599 - 31425,291195,2026-07-15 16:00:05,EVELINE DE SOUSA,AVARIA NO PDV,432,0,0,0,v1-atual
2614,234190,2614 - 234190,363195,2026-07-15 16:02:36,EVELINE DE SOUSA,AVARIA NO PDV,154,0,90,0,v1-atual
2614,234192,2614 - 234192,369195,2026-07-15 16:05:22,EVELINE DE SOUSA,AVARIA NO PDV,200,200,0,0,v1-atual
12735,113973,12735 - 113973,414195,2026-07-15 16:39:35,ADRIANA LIMA,AVARIA NA ENTREGA,1490,0,0,0,v1-atual
13515,1302530,13515 - 1302530,111194,2026-07-15 17:09:51,FRANCINETE VIANA,AVARIA NO DEPÓSITO,674,0,270,0,v1-atual
21529,95359,21529 - 95359,450191,2026-07-15 17:09:56,RAFAEL DOS SANTOS,AVARIA NA ENTREGA,460,430,0,0,v1-atual
21529,95360,21529 - 95360,480191,2026-07-15 17:10:39,RAFAEL DOS SANTOS,AVARIA NA ENTREGA,480,450,0,0,v1-atual
21530,90958,21530 - 90958,960195,2026-07-15 17:11:34,RAFAEL DOS SANTOS,AVARIA NA ENTREGA,960,960,0,0,v1-atual
21530,90959,21530 - 90959,990195,2026-07-15 17:12:19,RAFAEL DOS SANTOS,AVARIA NA ENTREGA,390,390,0,0,v1-atual
1144,101306,1144 - 101306,570194,2026-07-15 19:06:23,EVERTON DUARTE,NÃO LOCALIZADO,350,0,0,0,v1-atual
20545,122656,20545 - 122656,147195,2026-07-15 19:12:22,EVERTON DUARTE,AVARIA NO DEPÓSITO,1610,1510,0,0,v1-atual
20545,122658,20545 - 122658,153195,2026-07-15 19:12:43,EVERTON DUARTE,AVARIA NA ENTREGA,790,0,0,0,v1-atual
20545,122657,20545 - 122657,150195,2026-07-15 19:12:58,EVERTON DUARTE,AVARIA NO DEPÓSITO,950,0,0,0,v1-atual
20545,122652,20545 - 122652,141195,2026-07-15 19:13:22,EVERTON DUARTE,AVARIA NO DEPÓSITO,300,0,0,0,v1-atual
20545,122526,20545 - 122526,480194,2026-07-15 19:15:02,EVERTON DUARTE,AVARIA NO DEPÓSITO,1090,830,0,0,v1-atual
20545,122633,20545 - 122633,570195,2026-07-15 19:15:36,EVERTON DUARTE,AVARIA NO DEPÓSITO,130,0,0,0,v1-atual
20545,122527,20545 - 122527,510194,2026-07-15 19:15:48,EVERTON DUARTE,AVARIA NO DEPÓSITO,1250,0,0,0,v1-atual
19826,51516,19826 - 51516,204195,2026-07-15 20:04:33,FELIPE MARQUES,AVARIA NA ENTREGA,240,145,30,0,v1-atual
24691,4203,24691 - 4203,237195,2026-07-15 20:06:07,RAIMUNDO,AVARIA NA ENTREGA,362,321,0,0,v1-atual
22648,38895,22648 - 38895,462195,2026-07-15 20:51:54,ANDERSON BARBOSA,AVARIA NO DEPÓSITO,680,0,150,0,v1-atual
25155,6973,25155 - 6973,900195,2026-07-15 21:32:54,ALYSON SOUSA,AVARIA NA ENTREGA,350,220,30,0,v1-atual
15683,5640,15683 - 5640,156195,2026-07-15 21:35:24,ALYSON SOUSA,OVOS PODRES,60,0,90,0,v1-atual
1145,100050,1145 - 100050,630195,2026-07-15 21:36:40,ALYSON SOUSA,OVOS PODRES,150,0,0,0,v1-atual
15738,76787,15738 - 76787,219194,2026-07-16 06:47:19,PAULO FERNANDO SILVA,AVARIA NO PDV,10,0,30,0,v1-atual
15738,76786,15738 - 76786,213194,2026-07-16 06:48:02,PAULO FERNANDO SILVA,AVARIA NA ENTREGA,32,32,0,0,v1-atual
15738,76792,15738 - 76792,252194,2026-07-16 06:51:18,PAULO FERNANDO SILVA,AVARIA NA ENTREGA,40,40,0,0,v1-atual
4856,671783,4856 - 671783,105195,2026-07-16 06:51:22,FRANCISCO ROSCI,NÃO LOCALIZADO,20,20,0,0,v1-atual
4856,671782,4856 - 671782,102195,2026-07-16 06:53:12,FRANCISCO ROSCI,AVARIA NA ENTREGA,370,340,0,0,v1-atual
21852,21567,21852 - 21567,150194,2026-07-16 06:54:36,ALYSON SOUSA,AVARIA NO DEPÓSITO,600,520,0,0,v1-atual
19817,127056,19817 - 127056,300195,2026-07-16 06:54:42,FRANCISCO ROSCI,NÃO LOCALIZADO,220,220,0,0,v1-atual
19817,127055,19817 - 127055,270195,2026-07-16 06:56:52,FRANCISCO ROSCI,AVARIA NA ENTREGA,670,602,0,0,v1-atual
22912,8496,22912 - 8496,366194,2026-07-16 07:02:17,GUILHERME,AVARIA NA ENTREGA,20,0,0,0,v1-atual
22912,8497,22912 - 8497,372194,2026-07-16 07:03:14,GUILHERME,AVARIA NO PDV,60,0,0,0,v1-atual
22912,8498,22912 - 8498,381194,2026-07-16 07:04:35,GUILHERME,OVOS PODRES,90,90,0,0,v1-atual
22912,8499,22912 - 8499,390194,2026-07-16 07:04:59,GUILHERME,OVOS PODRES,20,20,0,0,v1-atual
12027,173663,12027 - 173663,459194,2026-07-16 07:05:53,GUILHERME,AVARIA NO PDV,40,0,0,0,v1-atual
12027,173664,12027 - 173664,465194,2026-07-16 07:06:07,GUILHERME,AVARIA NO PDV,0,0,30,0,v1-atual
5008,101483,5008 - 101483,597194,2026-07-16 07:06:48,GUILHERME,AVARIA NO PDV,102,0,0,0,v1-atual
5008,101484,5008 - 101484,600194,2026-07-16 07:07:36,GUILHERME,AVARIA NO PDV,20,0,0,0,v1-atual
1280,133723,1280 - 133723,291194,2026-07-16 07:08:15,GUILHERME,AVARIA NO PDV,162,0,0,0,v1-atual
1280,133724,1280 - 133724,306194,2026-07-16 07:08:48,GUILHERME,AVARIA NO PDV,70,0,0,0,v1-atual
1280,133725,1280 - 133725,309194,2026-07-16 07:09:40,GUILHERME,AVARIA NO PDV,40,0,0,0,v1-atual
1280,133726,1280 - 133726,318194,2026-07-16 07:09:56,GUILHERME,OVOS PODRES,0,0,420,0,v1-atual
8480,342919,8480 - 342919,120195,2026-07-16 07:15:52,CAMILA LIMA,AVARIA NO PDV,410,300,0,0,v1-atual
8480,342918,8480 - 342918,117195,2026-07-16 07:16:47,CAMILA LIMA,AVARIA NO DEPÓSITO,370,138,0,0,v1-atual
1684,54885,1684 - 54885,990191,2026-07-16 07:17:28,MATHEUS LAURENTINO,AVARIA NA ENTREGA,160,140,0,0,v1-atual
10650,361041,10650 - 361041,138195,2026-07-16 07:18:20,FRANCISCO DANIZETE MACIEL DE SOUSA,AVARIA NA ENTREGA,430,280,0,0,v1-atual
10650,361040,10650 - 361040,135195,2026-07-16 07:18:50,FRANCISCO DANIZETE MACIEL DE SOUSA,AVARIA NA ENTREGA,200,98,60,0,v1-atual
20297,84575,20297 - 84575,840195,2026-07-16 07:20:41,MATHEUS LAURENTINO,AVARIA NO DEPÓSITO,120,80,0,0,v1-atual
22702,4732,22702 - 4732,750195,2026-07-16 07:20:43,FRANCISCO DANIZETE MACIEL DE SOUSA,OVOS VENCIDOS,480,480,0,0,v1-atual
22702,4733,22702 - 4733,780195,2026-07-16 07:23:00,FRANCISCO DANIZETE MACIEL DE SOUSA,AVARIA NA ENTREGA,520,280,0,0,v1-atual
11605,176057,11605 - 176057,600195,2026-07-16 07:37:12,RENAN DE AZEVEDO OLIVEIRA,AVARIA NA ENTREGA,820,820,0,0,v1-atual
11605,176056,11605 - 176056,300195,2026-07-16 07:37:24,RENAN DE AZEVEDO OLIVEIRA,AVARIA NA ENTREGA,20,20,0,0,v1-atual
4487,251562,4487 - 251562,333195,2026-07-16 08:08:59,LEIS LEAL DOS SANTOS,AVARIA NA ENTREGA,388,358,0,0,v1-atual
23424,172,23424 - 172,177195,2026-07-16 08:11:29,LEIS LEAL DOS SANTOS,OVOS VENCIDOS,405,325,120,120,v1-atual
17473,41237,17473 - 41237,123195,2026-07-16 08:26:02,JOSÉ JULIANO RODRIGUES,AVARIA NO DEPÓSITO,870,0,210,0,v1-atual
18994,11495,18994 - 11495,630194,2026-07-16 08:31:08,JOSÉ JULIANO RODRIGUES,AVARIA NO DEPÓSITO,690,120,150,0,v1-atual
13950,34951,13950 - 34951,102194,2026-07-16 08:32:38,JOSÉ JULIANO RODRIGUES,AVARIA NO DEPÓSITO,1000,340,0,0,v1-atual
4484,25642,4484 - 25642,357188,2026-07-16 08:39:26,LEIS LEAL DOS SANTOS,OVOS VENCIDOS,124,124,0,0,v1-atual
11606,182243,11606 - 182243,120195,2026-07-16 08:48:39,CAIO GABRIEL DA SILVA ROCHA,AVARIA NA ENTREGA,300,300,0,0,v1-atual
165,1483217,165 - 1483217,192195,2026-07-16 09:40:41,EDUARDO ALEXANDRE,OVOS PODRES,680,0,0,0,v1-atual
21875,130026,21875 - 130026,222195,2026-07-16 09:42:15,EDUARDO ALEXANDRE,OVOS PODRES,90,0,420,0,v1-atual
21875,129936,21875 - 129936,303194,2026-07-16 09:42:38,EDUARDO ALEXANDRE,OVOS PODRES,260,0,0,0,v1-atual
15500,490432,15500 - 490432,318195,2026-07-16 10:01:20,JULYANNA MACIEL,OVOS VENCIDOS,320,0,0,0,v1-atual
15500,490413,15500 - 490413,312195,2026-07-16 10:01:57,JULYANNA MACIEL,OVOS PODRES,80,0,30,0,v1-atual
22759,270740,22759 - 270740,264195,2026-07-16 10:02:08,NÃO LOCALIZADO,AVARIA NA ENTREGA,2160,2160,0,0,v1-atual
15500,490433,15500 - 490433,321195,2026-07-16 10:02:36,JULYANNA MACIEL,AVARIA NO DEPÓSITO,770,0,0,0,v1-atual
23376,6620,23376 - 6620,486194,2026-07-16 10:21:47,ELENILDE,AVARIA NO DEPÓSITO,150,0,0,0,v1-atual
23376,6619,23376 - 6619,477194,2026-07-16 10:22:55,ELENILDE,AVARIA NO PDV,40,0,0,0,v1-atual
23376,6618,23376 - 6618,474194,2026-07-16 10:24:07,ELENILDE,AVARIA NO PDV,20,0,0,0,v1-atual
23376,6617,23376 - 6617,444194,2026-07-16 10:25:05,ELENILDE,AVARIA NO PDV,160,0,0,0,v1-atual
23376,6592,23376 - 6592,213190,2026-07-16 10:26:15,ELENILDE,AVARIA NA ENTREGA,20,0,0,0,v1-atual
23376,6591,23376 - 6591,210190,2026-07-16 10:28:23,ELENILDE,AVARIA NA ENTREGA,130,0,0,0,v1-atual
1316,43262,1316 - 43262,210169,2026-07-16 10:31:21,LETICIA ELLEN COSTA DA SILVA,OVOS VENCIDOS,110,0,0,0,v1-atual
24642,3816,24642 - 3816,300194,2026-07-16 10:32:02,ELENILDE,AVARIA NO PDV,344,0,0,0,v1-atual
15550,67024,15550 - 67024,960196,2026-07-16 10:35:15,ALINE MAIARA SILVA,AVARIA NO PDV,640,0,0,0,v1-atual
24642,3815,24642 - 3815,294194,2026-07-16 10:36:30,ELENILDE,AVARIA NO PDV,80,0,0,0,v1-atual
20699,73866,20699 - 73866,402195,2026-07-16 10:38:03,JOSE CLAUDIO,AVARIA NO DEPÓSITO,1642,720,150,0,v1-atual
17264,98009,17264 - 98009,"6,31164E+16",2026-07-16 10:45:03,JOSE CLAUDIO,AVARIA NO DEPÓSITO,180,0,120,0,v1-atual
12026,52625,12026 - 52625,"3,75929E+24",2026-07-16 10:55:25,RENAN DE AZEVEDO OLIVEIRA,AVARIA NA ENTREGA,340,201,0,0,v1-atual
20530,32323,20530 - 32323,171196,2026-07-16 10:57:08,OPERACOES,AVARIA DE VIAGEM,320,0,0,0,v1-atual
19119,7562,19119 - 7562,366195,2026-07-16 11:12:01,RENAN,AVARIA NO PDV,848,0,180,0,v1-atual
21529,95697,21529 - 95697,480196,2026-07-16 11:13:26,RAFAEL DOS SANTOS,AVARIA NA ENTREGA,240,240,0,0,v1-atual
21529,95698,21529 - 95698,510196,2026-07-16 11:13:50,RAFAEL DOS SANTOS,AVARIA NA ENTREGA,490,490,0,0,v1-atual
14410,148708,14410 - 148708,240195,2026-07-16 11:15:07,RENAN,AVARIA NA ENTREGA,90,0,0,0,v1-atual
11604,222730,11604 - 222730,450195,2026-07-16 11:15:54,JOÃO VICTOR GOMES FERREIRA,AVARIA NO DEPÓSITO,420,420,0,0,v1-atual
21529,95699,21529 - 95699,540196,2026-07-16 11:15:54,RAFAEL DOS SANTOS,AVARIA NA ENTREGA,40,40,0,0,v1-atual
11604,222731,11604 - 222731,480195,2026-07-16 11:16:17,JOÃO VICTOR GOMES FERREIRA,AVARIA NO DEPÓSITO,310,210,0,0,v1-atual
1316,43509,1316 - 43509,108190,2026-07-16 11:16:19,LETICIA ELLEN COSTA DA SILVA,OVOS VENCIDOS,200,0,0,0,v1-atual
11604,222727,11604 - 222727,420195,2026-07-16 11:16:35,JOÃO VICTOR GOMES FERREIRA,AVARIA NO DEPÓSITO,10,0,0,0,v1-atual
11604,222743,11604 - 222743,810195,2026-07-16 11:16:54,JOÃO VICTOR GOMES FERREIRA,AVARIA NO DEPÓSITO,50,0,0,0,v1-atual
21816,5246,21816 - 5246,114195,2026-07-16 11:17:04,LETICIA ELLEN COSTA DA SILVA,OVOS VENCIDOS,820,560,0,0,v1-atual
11604,222732,11604 - 222732,510195,2026-07-16 11:17:14,JOÃO VICTOR GOMES FERREIRA,AVARIA NO DEPÓSITO,30,0,0,0,v1-atual
11604,222733,11604 - 222733,540195,2026-07-16 11:17:36,JOÃO VICTOR GOMES FERREIRA,AVARIA NO DEPÓSITO,60,0,0,0,v1-atual
12466,171926,12466 - 171926,393195,2026-07-16 11:17:51,RENAN,OVOS PODRES,420,0,0,0,v1-atual
12466,171927,12466 - 171927,396195,2026-07-16 11:18:06,RENAN,AVARIA NO PDV,794,0,60,0,v1-atual
11604,222915,11604 - 222915,750196,2026-07-16 11:18:36,JOÃO VICTOR GOMES FERREIRA,AVARIA NA ENTREGA,140,140,0,0,v1-atual
11604,222914,11604 - 222914,720196,2026-07-16 11:18:55,JOÃO VICTOR GOMES FERREIRA,AVARIA NA ENTREGA,60,50,0,0,v1-atual
11604,222916,11604 - 222916,780196,2026-07-16 11:19:10,JOÃO VICTOR GOMES FERREIRA,AVARIA NA ENTREGA,30,0,0,0,v1-atual
21738,135945,21738 - 135945,480195,2026-07-16 11:19:55,RENAN,AVARIA NO PDV,100,0,30,0,v1-atual
21738,135950,21738 - 135950,483195,2026-07-16 11:22:33,RENAN,AVARIA NO PDV,440,0,780,0,v1-atual
4493,65693,4493 - 65693,414194,2026-07-16 11:32:38,RENAN,AVARIA NO PDV,625,520,0,0,v1-atual
25118,2465,25118 - 2465,330195,2026-07-16 11:35:43,RENAN,AVARIA NO DEPÓSITO,880,610,0,0,v1-atual
7640,22364,7640 - 22364,345195,2026-07-16 11:37:11,RENAN,AVARIA NO PDV,240,200,0,0,v1-atual
19225,98388,19225 - 98388,342195,2026-07-16 11:44:21,BRENDO SILVA,AVARIA NO PDV,40,0,0,0,v1-atual
25224,1697,25224 - 1697,345194,2026-07-16 11:54:33,MARIA,NOTA RECUSADA,310,0,510,0,v1-atual
25224,1698,25224 - 1698,351194,2026-07-16 11:54:53,MARIA,NOTA RECUSADA,40,0,0,0,v1-atual
2777,9795,2777 - 9795,207195,2026-07-16 12:05:23,ANA SELMA DA SILVA REIS,AVARIA NO PDV,420,0,120,0,v1-atual
3141,536818,3141 - 536818,273196,2026-07-16 12:27:25,CAMILA LORENA,AVARIA NO PDV,120,120,0,0,v1-atual
3141,536817,3141 - 536817,270196,2026-07-16 12:30:15,CAMILA LORENA,AVARIA NA ENTREGA,900,900,0,0,v1-atual
25136,1913,25136 - 1913,216196,2026-07-16 12:30:57,SAOUSA RENATO,AVARIA NO DEPÓSITO,150,0,30,0,v1-atual
25136,1912,25136 - 1912,201196,2026-07-16 12:31:57,SAOUSA RENATO,AVARIA NO DEPÓSITO,200,0,0,0,v1-atual
3141,536816,3141 - 536816,264196,2026-07-16 12:32:05,CAMILA LORENA,AVARIA NA ENTREGA,120,120,90,0,v1-atual
3141,536697,3141 - 536697,228195,2026-07-16 12:33:25,CAMILA LORENA,AVARIA NA ENTREGA,60,60,0,0,v1-atual
20370,167752,20370 - 167752,117196,2026-07-16 12:39:33,AFONSO,AVARIA NA ENTREGA,360,0,0,0,v1-atual
15748,167809,15748 - 167809,477195,2026-07-16 12:46:44,PAULO NOVAES,AVARIA NO PDV,640,0,0,0,v1-atual
17262,26565,17262 - 26565,d7b80cf8-26ce-4b3e-ba83-f0cd8214cc32,2026-07-16 12:47:27,JOSE CLAUDIO,AVARIA NA ENTREGA,430,180,30,0,v1-atual
15748,167810,15748 - 167810,474195,2026-07-16 12:49:50,PAULO NOVAES,AVARIA NO PDV,928,0,0,0,v1-atual
15748,167808,15748 - 167808,471195,2026-07-16 12:50:43,PAULO NOVAES,OVOS PODRES,80,0,0,0,v1-atual
12560,260089,12560 - 260089,513194,2026-07-16 12:52:45,RAYLLA SOUSA SANTOS,AVARIA NO DEPÓSITO,70,0,0,0,v1-atual
12560,260090,12560 - 260090,516194,2026-07-16 12:53:44,RAYLLA SOUSA SANTOS,AVARIA NO DEPÓSITO,60,0,0,0,v1-atual
12560,260193,12560 - 260193,129196,2026-07-16 12:54:41,RAYLLA SOUSA SANTOS,AVARIA NO DEPÓSITO,40,0,0,0,v1-atual
12560,260194,12560 - 260194,135196,2026-07-16 12:55:20,RAYLLA SOUSA SANTOS,AVARIA NO DEPÓSITO,0,0,30,0,v1-atual
12560,260195,12560 - 260195,138196,2026-07-16 12:56:15,RAYLLA SOUSA SANTOS,AVARIA NO DEPÓSITO,140,0,0,0,v1-atual
12560,260199,12560 - 260199,144196,2026-07-16 12:56:51,RAYLLA SOUSA SANTOS,AVARIA NO DEPÓSITO,10,0,0,0,v1-atual
16022,457101,16022 - 457101,156196,2026-07-16 12:58:18,ANDERSON BARBOSA,AVARIA NO DEPÓSITO,1320,1320,0,0,v1-atual
5385,518688,5385 - 518688,228194,2026-07-16 13:10:09,BRENDO SILVA,AVARIA NA ENTREGA,2000,0,0,0,v1-atual
5385,518687,5385 - 518687,225194,2026-07-16 13:10:28,BRENDO SILVA,OVOS PODRES,0,0,1530,0,v1-atual
12734,96576,12734 - 96576,276196,2026-07-16 13:10:42,BRENDO SILVA,AVARIA NO PDV,140,0,0,0,v1-atual
12734,96560,12734 - 96560,381195,2026-07-16 13:11:08,BRENDO SILVA,AVARIA NA ENTREGA,420,420,0,0,v1-atual
21499,45990,21499 - 45990,348181,2026-07-16 13:15:30,BRENDO SILVA,OVOS PODRES,1910,0,0,0,v1-atual
21499,46299,21499 - 46299,408194,2026-07-16 13:15:39,BRENDO SILVA,AVARIA NO DEPÓSITO,290,0,30,0,v1-atual
24183,9840,24183 - 9840,246194,2026-07-16 13:15:53,BRENDO SILVA,AVARIA NO PDV,120,0,0,0,v1-atual
24183,9486,24183 - 9486,504173,2026-07-16 13:15:58,BRENDO SILVA,AVARIA NO PDV,30,0,0,0,v1-atual
24183,9485,24183 - 9485,261173,2026-07-16 13:16:04,BRENDO SILVA,AVARIA NO DEPÓSITO,250,0,0,0,v1-atual
24183,9363,24183 - 9363,309167,2026-07-16 13:16:12,BRENDO SILVA,OVOS PODRES,460,0,0,0,v1-atual
168,1785405,168 - 1785405,210196,2026-07-16 13:22:18,SAMUEL AMARO,OVOS PODRES,150,0,0,0,v1-atual
23683,55983,23683 - 55983,351195,2026-07-16 13:23:09,BRENDO SILVA,OVOS PODRES,220,0,0,0,v1-atual
22647,38756,22647 - 38756,234196,2026-07-16 13:23:18,SAMUEL AMARO,OVOS PODRES,0,0,600,0,v1-atual
12730,225709,12730 - 225709,231196,2026-07-16 13:23:24,BRENDO SILVA,AVARIA NO PDV,20,0,0,0,v1-atual
12730,225701,12730 - 225701,162196,2026-07-16 13:23:31,BRENDO SILVA,OVOS PODRES,3550,0,0,0,v1-atual
17333,99451,17333 - 99451,840189,2026-07-16 13:39:21,FERNANDO GALDINO,AVARIA NO PDV,640,460,0,0,v1-atual
17333,99834,17333 - 99834,258195,2026-07-16 13:41:11,FERNANDO GALDINO,AVARIA NO PDV,300,260,0,0,v1-atual
17333,99452,17333 - 99452,870189,2026-07-16 13:41:41,FERNANDO GALDINO,AVARIA NO PDV,10,0,0,0,v1-atual
13777,71708,13777 - 71708,249196,2026-07-16 13:46:21,FERNANDO,OVOS PODRES,40,0,30,0,v1-atual
13777,71709,13777 - 71709,252196,2026-07-16 13:46:36,FERNANDO,AVARIA NO PDV,30,0,0,0,v1-atual
12569,123471,12569 - 123471,357195,2026-07-16 13:47:53,FERNANDO,AVARIA NO PDV,140,0,0,0,v1-atual
19243,106909,19243 - 106909,444195,2026-07-16 13:48:38,FERNANDO,AVARIA NO PDV,180,0,30,0,v1-atual
19243,106908,19243 - 106908,441195,2026-07-16 13:48:49,FERNANDO,AVARIA NO PDV,20,0,0,0,v1-atual
6566,93725,6566 - 93725,162185,2026-07-16 13:50:55,FERNANDO GALDINO,AVARIA NO PDV,250,0,150,0,v1-atual
6566,93950,6566 - 93950,261194,2026-07-16 13:51:45,FERNANDO GALDINO,AVARIA NO PDV,230,0,0,0,v1-atual
1284,245932,1284 - 245932,375190,2026-07-16 14:40:04,THIEUDE,AVARIA NO DEPÓSITO,326,112,0,0,v1-atual
1284,245931,1284 - 245931,372190,2026-07-16 14:42:57,THIEUDE,AVARIA NA ENTREGA,260,170,0,0,v1-atual
1284,245933,1284 - 245933,381190,2026-07-16 14:45:05,THIEUDE,AVARIA NO PDV,192,81,0,0,v1-atual
8079,25672,8079 - 25672,519194,2026-07-16 15:01:15,THIEUDE,AVARIA NO PDV,440,179,0,0,v1-atual
22096,8740,22096 - 8740,333191,2026-07-16 15:02:39,ROBSON LIMA DOS SANTOS,AVARIA NA ENTREGA,240,149,0,0,v1-atual
8079,25671,8079 - 25671,510194,2026-07-16 15:03:04,THIEUDE,AVARIA NO PDV,270,142,0,0,v1-atual
7839,20800,7839 - 20800,630196,2026-07-16 15:03:12,ALYSON SOUSA,AVARIA NO DEPÓSITO,644,0,0,0,v1-atual
22096,8741,22096 - 8741,336191,2026-07-16 15:03:18,ROBSON LIMA DOS SANTOS,AVARIA NA ENTREGA,200,160,0,0,v1-atual
15285,19848,15285 - 19848,270196,2026-07-16 15:04:05,ALYSON SOUSA,OVOS PODRES,568,0,30,0,v1-atual
8079,25675,8079 - 25675,546194,2026-07-16 15:05:12,THIEUDE,AVARIA NO DEPÓSITO,500,300,0,0,v1-atual
8079,25673,8079 - 25673,534194,2026-07-16 15:05:49,THIEUDE,OVOS VENCIDOS,260,0,0,0,v1-atual
8079,25674,8079 - 25674,540194,2026-07-16 15:06:14,THIEUDE,OVOS VENCIDOS,24,0,0,0,v1-atual
15090,49003,15090 - 49003,390196,2026-07-16 15:06:21,ALYSON SOUSA,AVARIA NA ENTREGA,390,100,90,0,v1-atual
8079,25676,8079 - 25676,552194,2026-07-16 15:08:56,THIEUDE,AVARIA NA ENTREGA,40,36,0,0,v1-atual
25048,2294,25048 - 2294,528194,2026-07-16 15:10:18,THIEUDE,AVARIA NO DEPÓSITO,550,330,30,0,v1-atual
25048,2296,25048 - 2296,537194,2026-07-16 15:11:48,THIEUDE,AVARIA NA ENTREGA,20,0,0,0,v1-atual
25048,2295,25048 - 2295,531194,2026-07-16 15:13:10,THIEUDE,AVARIA NA ENTREGA,160,120,0,0,v1-atual
25048,2293,25048 - 2293,522194,2026-07-16 15:13:49,THIEUDE,OVOS VENCIDOS,150,0,0,0,v1-atual
22118,18665,22118 - 18665,360195,2026-07-16 15:42:12,PAULO HENRIQUE,AVARIA NO PDV,150,0,0,0,v1-atual
24770,23226,24770 - 23226,174183,2026-07-16 15:44:13,FABIO SOUSA,AVARIA NA ENTREGA,130,130,0,0,v1-atual
11605,176140,11605 - 176140,300196,2026-07-16 15:44:57,RENAN DE AZEVEDO OLIVEIRA,AVARIA NA ENTREGA,40,20,0,0,v1-atual
16021,121219,16021 - 121219,246195,2026-07-16 15:45:02,PAULO HENRIQUE,AVARIA NA ENTREGA,540,210,0,0,v1-atual
11605,176141,11605 - 176141,330196,2026-07-16 15:45:34,RENAN DE AZEVEDO OLIVEIRA,AVARIA NA ENTREGA,280,257,0,0,v1-atual
22119,58755,22119 - 58755,159185,2026-07-16 15:45:42,FABIO SOUSA,AVARIA NA ENTREGA,240,240,0,0,v1-atual
8079,25632,8079 - 25632,201187,2026-07-16 15:46:25,FABIO SOUSA,AVARIA NA ENTREGA,2400,2400,0,0,v1-atual
23629,9512,23629 - 9512,600187,2026-07-16 15:46:58,FABIO SOUSA,AVARIA NA ENTREGA,200,200,0,0,v1-atual
1285,119311,1285 - 119311,453195,2026-07-16 15:52:55,WILIANE GALVAO,OVOS PODRES,20,0,0,0,v1-atual
1285,119310,1285 - 119310,450195,2026-07-16 15:53:11,WILIANE GALVAO,OVOS PODRES,90,0,30,0,v1-atual
15701,7881112,15701 - 7881112,204190,2026-07-16 15:56:07,FABIO SOUSA,AVARIA NA ENTREGA,336,336,0,0,v1-atual
13331,219234,13331 - 219234,183196,2026-07-16 15:57:17,JORSIRLAN,AVARIA NA ENTREGA,490,0,60,0,v1-atual
16998,686069,16998 - 686069,171191,2026-07-16 15:57:28,FABIO SOUSA,AVARIA NA ENTREGA,550,550,0,0,v1-atual
13331,219233,13331 - 219233,180196,2026-07-16 15:57:46,JORSIRLAN,AVARIA NA ENTREGA,440,0,0,0,v1-atual
1283,111623,1283 - 111623,414190,2026-07-16 15:58:06,FABIO SOUSA,AVARIA NA ENTREGA,300,300,0,0,v1-atual
21738,135538,21738 - 135538,474190,2026-07-16 15:58:41,FABIO SOUSA,AVARIA NA ENTREGA,6000,6000,0,0,v1-atual
21738,135537,21738 - 135537,462190,2026-07-16 15:59:04,FABIO SOUSA,AVARIA NA ENTREGA,300,300,0,0,v1-atual
25349,3201876,25349 - 3201876,156194,2026-07-16 15:59:41,FABIO SOUSA,AVARIA NA ENTREGA,912,912,0,0,v1-atual
15701,7884366,15701 - 7884366,186194,2026-07-16 16:00:11,FABIO SOUSA,AVARIA NA ENTREGA,300,300,0,0,v1-atual
13515,1301096,13515 - 1301096,282190,2026-07-16 16:01:19,FABIO SOUSA,FALTA DE PRODUTO,300,300,0,0,v1-atual
22760,127057,22760 - 127057,219195,2026-07-16 16:01:51,FABIO SOUSA,AVARIA NA ENTREGA,360,360,0,0,v1-atual
12026,52515,12026 - 52515,210190,2026-07-16 16:03:57,FABIO SOUSA,AVARIA NA ENTREGA,2000,2000,0,0,v1-atual
24391,4764,24391 - 4764,"7,82264E+22",2026-07-16 16:06:29,RUBENS ESCOCIO,AVARIA NA ENTREGA,410,327,90,0,v1-atual
511,4580343,511 - 4580343,186191,2026-07-16 16:11:05,FABIO SOUSA,MARCA/TIPO ERRADA,8640,8640,0,0,v1-atual
15150,124956,15150 - 124956,210191,2026-07-16 16:11:40,FABIO SOUSA,AVARIA NA ENTREGA,300,300,0,0,v1-atual
1216,35722,1216 - 35722,240189,2026-07-16 16:12:20,FABIO SOUSA,AVARIA NA ENTREGA,200,200,0,0,v1-atual
21983,104910,21983 - 104910,900190,2026-07-16 16:12:51,FABIO SOUSA,AVARIA NA ENTREGA,150,150,0,0,v1-atual
1142,83145,1142 - 83145,570196,2026-07-16 16:13:09,RAFAEL DOS SANTOS,AVARIA NA ENTREGA,190,0,0,0,v1-atual
16006,280246,16006 - 280246,132195,2026-07-16 16:13:26,FABIO SOUSA,AVARIA NA ENTREGA,200,200,0,0,v1-atual
14415,48997,14415 - 48997,690195,2026-07-16 16:15:04,FABIO SOUSA,AVARIA NA ENTREGA,360,360,0,0,v1-atual
24339,1787,24339 - 1787,600196,2026-07-16 16:23:14,RAFAEL DOS SANTOS,AVARIA NA ENTREGA,290,290,0,0,v1-atual
10082,1319,10082 - 1319,144195,2026-07-16 16:23:15,GEISSON BRENER DA SILVA GOMES,AVARIA NO DEPÓSITO,240,223,0,0,v1-atual
24339,1786,24339 - 1786,300196,2026-07-16 16:24:19,RAFAEL DOS SANTOS,OVOS VENCIDOS,580,580,0,0,v1-atual
19299,48070,19299 - 48070,543194,2026-07-16 16:34:24,FABIO SOUSA,FALTA DE PRODUTO,2700,0,0,0,v1-atual
15558,46111,15558 - 46111,261196,2026-07-16 17:08:45,JOSENILDO SILVA SOUSA,OVOS PODRES,30,0,0,0,v1-atual
15558,46112,15558 - 46112,258196,2026-07-16 17:09:49,JOSENILDO SILVA SOUSA,OVOS PODRES,90,0,0,0,v1-atual
1139,74429,1139 - 74429,198195,2026-07-16 17:10:29,KARINA COSTA,AVARIA NO PDV,190,0,0,0,v1-atual
16996,44887,16996 - 44887,288196,2026-07-16 17:11:15,JOSENILDO SILVA SOUSA,OVOS PODRES,60,0,0,0,v1-atual
22527,35966,22527 - 35966,192196,2026-07-16 17:11:49,KARINA COSTA,AVARIA NO PDV,42,25,0,0,v1-atual
22527,35967,22527 - 35967,198196,2026-07-16 17:12:39,KARINA COSTA,AVARIA NO PDV,120,84,0,0,v1-atual
17576,20329,17576 - 20329,399194,2026-07-16 17:14:26,ANDRESSA NEVES,AVARIA NA ENTREGA,20,0,60,0,v1-atual
21740,119277,21740 - 119277,105196,2026-07-16 17:23:32,KEWIN,AVARIA NO PDV,340,0,30,0,v1-atual
21736,129109,21736 - 129109,585194,2026-07-16 17:27:20,FABIANE RODRIGUES,OVOS PODRES,120,0,0,0,v1-atual
21736,129110,21736 - 129110,588194,2026-07-16 17:29:30,FABIANE RODRIGUES,OVOS PODRES,1930,0,30,0,v1-atual
23904,30812,23904 - 30812,411195,2026-07-16 17:30:17,BRENDO SILVA,OVOS PODRES,360,0,0,0,v1-atual
12564,147580,12564 - 147580,255195,2026-07-16 17:32:24,FABIANE RODRIGUES,OVOS PODRES,220,0,0,0,v1-atual
12564,147579,12564 - 147579,252195,2026-07-16 17:33:53,FABIANE RODRIGUES,AVARIA NO PDV,60,0,0,0,v1-atual
15748,167806,15748 - 167806,465195,2026-07-16 17:35:30,PAULO NOVAES,OVOS PODRES,1200,0,0,0,v1-atual
4488,158911,4488 - 158911,201195,2026-07-16 19:11:35,JOÃO VITOR DE ALCANTARA FURTADO,AVARIA NO PDV,315,115,30,0,v1-atual
4485,24112,4485 - 24112,327195,2026-07-16 19:12:18,JOÃO VITOR DE ALCANTARA FURTADO,AVARIA NO PDV,200,0,0,0,v1-atual
23710,40317,23710 - 40317,306195,2026-07-16 20:16:36,EVANDRO CORREIA,AVARIA NO PDV,130,100,1020,0,v1-atual
23710,40316,23710 - 40316,303195,2026-07-16 20:17:47,EVANDRO CORREIA,AVARIA NO DEPÓSITO,570,140,0,0,v1-atual
6952,58978,6952 - 58978,375195,2026-07-16 20:26:41,EVANDRO CORREIA,AVARIA NO PDV,240,200,0,0,v1-atual
6952,58979,6952 - 58979,378195,2026-07-16 20:27:32,EVANDRO CORREIA,AVARIA NO DEPÓSITO,920,760,60,0,v1-atual
14715,16799,14715 - 16799,279194,2026-07-16 20:28:18,WILIANE GALVAO,AVARIA NO DEPÓSITO,120,0,0,0,v1-atual
5009,137282,5009 - 137282,459195,2026-07-16 20:30:46,WILIANE GALVAO,OVOS PODRES,30,0,30,0,v1-atual
5009,137281,5009 - 137281,456195,2026-07-16 20:31:35,WILIANE GALVAO,OVOS PODRES,322,0,0,0,v1-atual
9125,157781,9125 - 157781,315194,2026-07-16 20:32:24,WILIANE GALVAO,OVOS PODRES,90,87,0,0,v1-atual
9125,157780,9125 - 157780,312194,2026-07-16 20:33:12,WILIANE GALVAO,OVOS PODRES,130,0,0,0,v1-atual
24137,3850,24137 - 3850,132194,2026-07-16 20:33:57,WILIANE GALVAO,OVOS PODRES,170,0,0,0,v1-atual
1285,119314,1285 - 119314,177196,2026-07-16 20:35:01,WILIANE GALVAO,AVARIA NO PDV,120,110,0,0,v1-atual
1285,119313,1285 - 119313,174196,2026-07-16 20:35:46,WILIANE GALVAO,AVARIA NO PDV,200,189,0,0,v1-atual
23683,55982,23683 - 55982,348195,2026-07-16 20:35:50,EVANDRO CORREIA,AVARIA NO DEPÓSITO,140,130,4560,0,v1-atual
22119,59318,22119 - 59318,492194,2026-07-16 20:39:08,VILMENIA,AVARIA NA ENTREGA,292,110,60,0,v1-atual
1290,550977,1290 - 550977,591194,2026-07-16 20:52:54,JESSICA COSTA,OVOS PODRES,80,0,0,0,v1-atual
1290,550976,1290 - 550976,582194,2026-07-16 20:54:07,JESSICA COSTA,OVOS PODRES,290,0,210,0,v1-atual
1290,550975,1290 - 550975,579194,2026-07-16 20:54:54,JESSICA COSTA,OVOS PODRES,460,0,0,0,v1-atual
1290,550971,1290 - 550971,576194,2026-07-16 20:55:24,JESSICA COSTA,OVOS PODRES,40,0,0,0,v1-atual
1290,550970,1290 - 550970,570194,2026-07-16 20:56:04,JESSICA COSTA,AVARIA NO PDV,60,0,0,0,v1-atual
5007,153364,5007 - 153364,540194,2026-07-16 21:45:00,RAYARA OLIVEIRA,AVARIA NA ENTREGA,90,0,0,0,v1-atual
22119,59322,22119 - 59322,498194,2026-07-16 22:45:12,VILMENIA,AVARIA NA ENTREGA,120,40,0,0,v1-atual
1304,23777,1304 - 23777,720183,2026-07-17 04:36:49,DANIELE,AVARIA NO PDV,220,0,30,0,v1-atual
12028,137697,12028 - 137697,435194,2026-07-17 04:37:38,DANIELE,AVARIA NO PDV,170,0,0,0,v1-atual
12028,137698,12028 - 137698,450194,2026-07-17 04:38:16,DANIELE,AVARIA NO PDV,70,0,0,0,v1-atual
12028,137699,12028 - 137699,453194,2026-07-17 04:38:55,DANIELE,AVARIA NO PDV,40,0,0,0,v1-atual
18495,5300,18495 - 5300,330194,2026-07-17 04:39:53,DANIELE,AVARIA NO PDV,192,0,0,0,v1-atual
12030,175963,12030 - 175963,420194,2026-07-17 04:41:26,DANIELE,AVARIA NO PDV,102,0,0,0,v1-atual
12030,175965,12030 - 175965,426194,2026-07-17 04:41:49,DANIELE,AVARIA NO PDV,140,0,0,0,v1-atual
12030,175958,12030 - 175958,357194,2026-07-17 04:42:18,DANIELE,AVARIA NO PDV,150,0,0,0,v1-atual
12030,175956,12030 - 175956,348194,2026-07-17 04:42:43,DANIELE,AVARIA NO PDV,20,0,0,0,v1-atual
12030,175953,12030 - 175953,339194,2026-07-17 04:43:04,DANIELE,AVARIA NO PDV,290,0,0,0,v1-atual
12030,175959,12030 - 175959,363194,2026-07-17 04:43:36,DANIELE,AVARIA NO PDV,12,0,0,0,v1-atual
12030,175966,12030 - 175966,447194,2026-07-17 04:45:02,DANIELE,AVARIA NO PDV,100,100,0,0,v1-atual
12030,175967,12030 - 175967,456194,2026-07-17 04:45:53,DANIELE,AVARIA NO PDV,80,80,0,0,v1-atual
21914,19394,21914 - 19394,870196,2026-07-17 06:07:02,FELIPE MARQUES,AVARIA NA ENTREGA,40,40,0,0,v1-atual
21914,19393,21914 - 19393,900196,2026-07-17 06:07:39,FELIPE MARQUES,AVARIA NA ENTREGA,210,150,0,0,v1-atual
22055,17433,22055 - 17433,840196,2026-07-17 06:08:18,FELIPE MARQUES,AVARIA NA ENTREGA,300,150,0,0,v1-atual
22804,28984,22804 - 28984,138189,2026-07-17 06:29:38,JULYANNA MACIEL,AVARIA NO PDV,70,0,0,0,v1-atual
23488,59035,23488 - 59035,390195,2026-07-17 06:32:50,KLEVERTON FRAGOSO,AVARIA NO PDV,440,0,0,0,v1-atual
23488,59032,23488 - 59032,384195,2026-07-17 06:34:39,KLEVERTON FRAGOSO,AVARIA NO PDV,110,0,0,0,v1-atual
23488,59033,23488 - 59033,387195,2026-07-17 06:35:59,KLEVERTON FRAGOSO,AVARIA NO PDV,0,0,180,0,v1-atual
25357,611,25357 - 611,198194,2026-07-17 06:49:16,CLEANE BRANDAO,AVARIA NO DEPÓSITO,100,0,0,0,v1-atual
25357,607,25357 - 607,150194,2026-07-17 06:49:36,CLEANE BRANDAO,AVARIA NO PDV,100,0,0,0,v1-atual
25357,608,25357 - 608,159194,2026-07-17 06:49:56,CLEANE BRANDAO,AVARIA NO PDV,40,0,0,0,v1-atual
21155,31284,21155 - 31284,273194,2026-07-17 06:52:01,CLEANE BRANDAO,AVARIA NO PDV,230,0,0,0,v1-atual
21155,31283,21155 - 31283,267194,2026-07-17 06:52:32,CLEANE BRANDAO,AVARIA NO PDV,160,0,30,0,v1-atual
12029,107909,12029 - 107909,300195,2026-07-17 06:53:23,CLEANE BRANDAO,AVARIA NO PDV,40,0,0,0,v1-atual
12029,107908,12029 - 107908,297195,2026-07-17 06:54:04,CLEANE BRANDAO,AVARIA NO PDV,158,0,0,0,v1-atual
5528,173180,5528 - 173180,642194,2026-07-17 06:58:37,CLEANE BRANDAO,AVARIA NO PDV,30,0,0,0,v1-atual
5528,173179,5528 - 173179,636194,2026-07-17 06:59:14,CLEANE BRANDAO,AVARIA NO PDV,32,0,0,0,v1-atual
5528,173178,5528 - 173178,633194,2026-07-17 06:59:44,CLEANE BRANDAO,AVARIA NO PDV,120,0,0,0,v1-atual
8234,179906,8234 - 179906,375194,2026-07-17 07:19:41,RENAN,AVARIA NO DEPÓSITO,560,500,180,0,v1-atual
23484,38584,23484 - 38584,129195,2026-07-17 07:21:14,FRANCISCO ALEXANDRE,AVARIA NA ENTREGA,570,420,0,0,v1-atual
23484,38583,23484 - 38583,126195,2026-07-17 07:22:24,FRANCISCO ALEXANDRE,AVARIA NA ENTREGA,0,0,690,0,v1-atual
15748,167807,15748 - 167807,468195,2026-07-17 07:22:51,RENAN,OVOS PODRES,434,0,0,0,v1-atual
12575,169383,12575 - 169383,336195,2026-07-17 07:23:45,RENAN,OVOS PODRES,580,0,0,0,v1-atual
12729,4252,12729 - 4252,438195,2026-07-17 07:25:16,MATEUS OLIVEIRA,AVARIA NO PDV,840,840,30,30,v1-atual
20831,145498,20831 - 145498,219196,2026-07-17 07:36:31,RENAN,AVARIA NO PDV,390,0,240,0,v1-atual
20831,145497,20831 - 145497,213196,2026-07-17 07:36:50,RENAN,AVARIA NO PDV,160,0,0,0,v1-atual
20506,49984,20506 - 49984,150196,2026-07-17 07:40:53,RENAN,OVOS VENCIDOS,382,382,0,0,v1-atual
17030,127548,17030 - 127548,282196,2026-07-17 07:42:23,SILDIENY,AVARIA NO PDV,80,0,0,0,v1-atual
17030,127549,17030 - 127549,285196,2026-07-17 07:43:08,SILDIENY,AVARIA NO PDV,156,0,0,0,v1-atual
4490,57990,4490 - 57990,186196,2026-07-17 07:43:35,MATEUS FIGUEIREDO FERREIRA,AVARIA NO DEPÓSITO,214,200,0,0,v1-atual
12419,40934,12419 - 40934,102196,2026-07-17 07:44:39,MATEUS FIGUEIREDO FERREIRA,AVARIA NO PDV,272,200,0,0,v1-atual
16061,29026,16061 - 29026,240196,2026-07-17 07:46:48,MATEUS FIGUEIREDO FERREIRA,AVARIA NO PDV,170,100,0,0,v1-atual
24565,7523,24565 - 7523,24565 - 7523,2026-07-17 07:49:11,DIEGO,AVARIA NO PDV,52,0,0,0,v1-atual
24565,7522,24565 - 7522,24565 - 7522,2026-07-17 07:49:26,DIEGO,AVARIA NO PDV,40,0,0,0,v1-atual
14662,32436,14662 - 32436,111196,2026-07-17 07:57:33,JOEL LOBATO ALVES,AVARIA NO DEPÓSITO,168,0,390,0,v1-atual
10769,43596,10769 - 43596,264194,2026-07-17 07:59:11,GILERLESON FEQUES,AVARIA NA ENTREGA,220,0,840,0,v1-atual
10769,43600,10769 - 43600,270194,2026-07-17 07:59:49,GILERLESON FEQUES,AVARIA NA ENTREGA,84,0,0,0,v1-atual
11603,184026,11603 - 184026,282195,2026-07-17 08:00:03,CARLOS JEAN,AVARIA NO DEPÓSITO,1720,720,0,0,v1-atual
11603,184027,11603 - 184027,285195,2026-07-17 08:00:28,CARLOS JEAN,AVARIA NO DEPÓSITO,10,0,0,0,v1-atual
11603,184028,11603 - 184028,288195,2026-07-17 08:00:43,CARLOS JEAN,AVARIA NO DEPÓSITO,40,0,0,0,v1-atual
10769,43601,10769 - 43601,285194,2026-07-17 08:01:57,GILERLESON FEQUES,AVARIA NA ENTREGA,290,0,750,0,v1-atual
10769,43639,10769 - 43639,507194,2026-07-17 08:02:17,GILERLESON FEQUES,AVARIA NA ENTREGA,70,0,0,0,v1-atual
17512,40086,17512 - 40086,210194,2026-07-17 08:04:22,GILERLESON FEQUES,AVARIA NA ENTREGA,140,140,0,0,v1-atual
17512,40087,17512 - 40087,216194,2026-07-17 08:04:57,GILERLESON FEQUES,AVARIA NA ENTREGA,20,20,0,0,v1-atual
17512,40125,17512 - 40125,255196,2026-07-17 08:05:44,GILERLESON FEQUES,AVARIA NA ENTREGA,120,120,0,0,v1-atual
17512,40126,17512 - 40126,279196,2026-07-17 08:06:07,GILERLESON FEQUES,AVARIA NA ENTREGA,10,10,0,0,v1-atual
13000,65804,13000 - 65804,246196,2026-07-17 08:15:05,CARLOS JEAN,AVARIA NO PDV,300,0,0,0,v1-atual
23714,11875,23714 - 11875,690196,2026-07-17 08:19:08,BRUNO GOMES,AVARIA NA ENTREGA,320,290,90,90,v1-atual
15777,46637,15777 - 46637,108195,2026-07-17 08:35:29,CHARLES SANTOS GON,AVARIA NA ENTREGA,1240,876,0,0,v1-atual
5765,353030,5765 - 353030,165194,2026-07-17 09:02:28,RARIEL,AVARIA NA ENTREGA,660,607,0,0,v1-atual
5765,353031,5765 - 353031,168194,2026-07-17 09:08:36,RARIEL,AVARIA NO PDV,232,101,0,0,v1-atual
17263,38240,17263 - 38240,"3,75464E+19",2026-07-17 09:22:31,RUBENS ESCOCIO,AVARIA NA ENTREGA,374,323,210,0,v1-atual
4491,56175,4491 - 56175,237196,2026-07-17 09:29:44,MAURICIO PINHEIRO MIRANDA,AVARIA NO PDV,287,257,0,0,v1-atual
4494,40061,4494 - 40061,114196,2026-07-17 09:32:14,MAURICIO PINHEIRO MIRANDA,AVARIA NO PDV,480,400,0,0,v1-atual
11602,247084,11602 - 247084,159196,2026-07-17 09:33:23,CD JUAZEIRO,AVARIA DE VIAGEM,1800,1800,0,0,v1-atual
23488,59267,23488 - 59267,249197,2026-07-17 10:10:31,OPERACOES,AVARIA DE VIAGEM,480,0,0,0,v1-atual
23754,83856,23754 - 83856,279197,2026-07-17 10:12:31,OPERACOES,AVARIA DE VIAGEM,200,0,0,0,v1-atual
23754,83860,23754 - 83860,282197,2026-07-17 10:14:21,OPERACOES,AVARIA DE VIAGEM,10,0,0,0,v1-atual
21547,13393,21547 - 13393,267197,2026-07-17 10:19:45,NATHANAEL CAVALCANTE,AVARIA NO PDV,360,330,30,0,v1-atual
22315,46687,22315 - 46687,960197,2026-07-17 10:44:08,LEUJUAN DIAS VIEIRA,OVOS VENCIDOS,120,120,0,0,v1-atual
22315,46690,22315 - 46690,990197,2026-07-17 10:44:39,LEUJUAN DIAS VIEIRA,AVARIA NA ENTREGA,610,610,60,60,v1-atual
22315,46692,22315 - 46692,102197,2026-07-17 10:44:58,LEUJUAN DIAS VIEIRA,AVARIA NA ENTREGA,290,290,0,0,v1-atual
9088,30430,9088 - 30430,"8,45852E+20",2026-07-17 10:46:01,BRUNO GOMES,AVARIA NA ENTREGA,200,180,0,0,v1-atual
17253,157677,17253 - 157677,"4,36485E+19",2026-07-17 11:08:29,RUBENS ESCOCIO,AVARIA NO DEPÓSITO,1092,834,45,0,v1-atual
21547,13397,21547 - 13397,366197,2026-07-17 11:16:01,OPERACOES,AVARIA DE VIAGEM,900,900,0,0,v1-atual
1281,469999,1281 - 469999,135191,2026-07-17 11:49:15,VILMENIA,AVARIA NA ENTREGA,310,150,0,0,v1-atual
15550,67065,15550 - 67065,135197,2026-07-17 11:55:44,ALINE MAIARA SILVA,AVARIA NO PDV,350,0,0,0,v1-atual
15550,67064,15550 - 67064,132197,2026-07-17 11:56:04,ALINE MAIARA SILVA,AVARIA NO PDV,20,0,0,0,v1-atual
22946,76804,22946 - 76804,600197,2026-07-17 12:20:21,GENESE PINHEIRO ALEXANDRE,AVARIA NA ENTREGA,150,150,0,0,v1-atual
22946,76740,22946 - 76740,240196,2026-07-17 12:21:55,GENESE PINHEIRO ALEXANDRE,AVARIA NA ENTREGA,1080,980,0,0,v1-atual
22946,76739,22946 - 76739,210196,2026-07-17 12:22:21,GENESE PINHEIRO ALEXANDRE,AVARIA NA ENTREGA,560,560,0,0,v1-atual
10821,16607,10821 - 16607,960170,2026-07-17 12:22:38,SUPERVISOR MERCHAN,AVARIA NO PDV,140,0,90,0,v1-atual
22946,76738,22946 - 76738,180196,2026-07-17 12:23:53,GENESE PINHEIRO ALEXANDRE,AVARIA NA ENTREGA,150,150,0,0,v1-atual
22804,28783,22804 - 28783,780170,2026-07-17 12:23:59,SUPERVISOR MERCHAN,AVARIA NA ENTREGA,180,0,0,0,v1-atual
22442,15661,22442 - 15661,204169,2026-07-17 12:30:26,SUPERVISOR MERCHAN,AVARIA NA ENTREGA,240,0,0,0,v1-atual
23111,12030,23111 - 12030,216197,2026-07-17 13:54:17,RUBENS ESCOCIO,AVARIA NA ENTREGA,420,310,0,0,v1-atual
11608,181049,11608 - 181049,690197,2026-07-17 14:02:29,GENESE PINHEIRO ALEXANDRE,AVARIA NA ENTREGA,610,610,0,0,v1-atual
9841,33629,9841 - 33629,420196,2026-07-17 14:03:13,ELIABE LIMA MOURA,OVOS VENCIDOS,220,220,0,0,v1-atual
9841,33630,9841 - 33630,450196,2026-07-17 14:03:38,ELIABE LIMA MOURA,AVARIA NA ENTREGA,380,380,0,0,v1-atual
11608,181048,11608 - 181048,660197,2026-07-17 14:04:34,GENESE PINHEIRO ALEXANDRE,AVARIA NA ENTREGA,30,30,0,0,v1-atual
23629,9661,23629 - 9661,23629 - 9661,2026-07-17 14:09:51,ANDRESSA NEVES,AVARIA NA ENTREGA,40,0,0,0,v1-atual
23629,9660,23629 - 9660,23629 - 9660,2026-07-17 14:10:17,ANDRESSA NEVES,AVARIA NA ENTREGA,20,0,0,0,v1-atual
23629,9659,23629 - 9659,23629 - 9659,2026-07-17 14:12:54,ANDRESSA NEVES,AVARIA NA ENTREGA,294,200,30,0,v1-atual
23629,9658,23629 - 9658,23629 - 9658,2026-07-17 14:13:26,ANDRESSA NEVES,AVARIA NA ENTREGA,60,28,30,0,v1-atual
16006,280425,16006 - 280425,300197,2026-07-17 14:18:52,ANA JAMILLY SOUSA,AVARIA NA ENTREGA,790,440,0,0,v1-atual
8205,61473,8205 - 61473,117194,2026-07-17 14:31:16,RAMON DE SOUZA JUCA,AVARIA NO PDV,320,297,0,0,v1-atual
12575,169412,12575 - 169412,243196,2026-07-17 14:33:42,PAULO NOVAES,OVOS PODRES,140,0,0,0,v1-atual
12575,169410,12575 - 169410,228196,2026-07-17 14:33:52,PAULO NOVAES,OVOS PODRES,156,0,90,0,v1-atual
12575,169409,12575 - 169409,225196,2026-07-17 14:34:04,PAULO NOVAES,OVOS PODRES,80,0,0,0,v1-atual
12575,169408,12575 - 169408,222196,2026-07-17 14:34:15,PAULO NOVAES,OVOS PODRES,150,0,0,0,v1-atual
7139,45744,7139 - 45744,372195,2026-07-17 14:38:00,ANDRE PEREIRA,AVARIA NO PDV,590,465,0,0,v1-atual
20981,11220,20981 - 11220,249195,2026-07-17 14:43:10,ANDRE PEREIRA,AVARIA NO PDV,610,447,0,0,v1-atual
7140,51928,7140 - 51928,237197,2026-07-17 14:46:50,ANDRE PEREIRA,AVARIA NO PDV,310,250,0,0,v1-atual
17512,40008,17512 - 40008,231187,2026-07-17 14:54:24,FLÁVIO,AVARIA DE VIAGEM,3040,2100,0,0,v1-atual
1290,550787,1290 - 550787,366191,2026-07-17 14:55:47,FLÁVIO,AVARIA DE VIAGEM,1200,1000,0,0,v1-atual
24137,3839,24137 - 3839,357191,2026-07-17 14:56:37,FLÁVIO,AVARIA DE VIAGEM,150,0,0,0,v1-atual
22527,35991,22527 - 35991,228197,2026-07-17 14:57:09,CD JUAZEIRO,AVARIA DE VIAGEM,1000,1000,0,0,v1-atual
14465,21414,14465 - 21414,372191,2026-07-17 14:57:35,FLÁVIO,AVARIA DE VIAGEM,300,200,0,0,v1-atual
20338,10839,20338 - 10839,354194,2026-07-17 14:59:26,CD JUAZEIRO,AVARIA DE VIAGEM,410,410,0,0,v1-atual
1288,58235,1288 - 58235,600192,2026-07-17 14:59:54,FLÁVIO,AVARIA DE VIAGEM,3050,2830,0,0,v1-atual
17030,127341,17030 - 127341,387191,2026-07-17 15:00:49,FLÁVIO,AVARIA DE VIAGEM,120,0,0,0,v1-atual
20439,10145,20439 - 10145,600197,2026-07-17 15:02:22,CHARLES SANTOS GON,AVARIA NA ENTREGA,460,376,30,0,v1-atual
18495,5330,18495 - 5330,432195,2026-07-17 15:03:55,FLÁVIO,AVARIA DE VIAGEM,150,0,0,0,v1-atual
1282,59540,1282 - 59540,663194,2026-07-17 15:03:56,RARIEL,AVARIA NO PDV,210,72,60,0,v1-atual
17512,40066,17512 - 40066,195191,2026-07-17 15:05:24,FLÁVIO,AVARIA DE VIAGEM,720,300,0,0,v1-atual
1282,59541,1282 - 59541,666194,2026-07-17 15:05:47,RARIEL,AVARIA NA ENTREGA,100,60,0,0,v1-atual
17512,40065,17512 - 40065,192191,2026-07-17 15:06:45,FLÁVIO,AVARIA DE VIAGEM,360,120,0,0,v1-atual
24642,3786,24642 - 3786,252191,2026-07-17 15:07:36,FLÁVIO,AVARIA DE VIAGEM,200,0,0,0,v1-atual
7140,51848,7140 - 51848,297194,2026-07-17 15:07:38,ALISSON GONÇALVES CRUZ,AVARIA NO PDV,140,120,0,0,v1-atual
16212,22487,16212 - 22487,231194,2026-07-17 15:08:36,FLÁVIO,AVARIA DE VIAGEM,40,0,60,0,v1-atual
1290,551025,1290 - 551025,324195,2026-07-17 15:10:24,FLÁVIO,AVARIA DE VIAGEM,1440,360,0,0,v1-atual
21292,40537,21292 - 40537,267196,2026-07-17 15:12:27,THALYS PABLO RODRIGUES LIMA,AVARIA NO DEPÓSITO,720,0,120,0,v1-atual
21292,40559,21292 - 40559,432197,2026-07-17 15:13:14,THALYS PABLO RODRIGUES LIMA,AVARIA NO DEPÓSITO,280,0,0,0,v1-atual
21292,40560,21292 - 40560,435197,2026-07-17 15:13:28,THALYS PABLO RODRIGUES LIMA,AVARIA NO DEPÓSITO,160,0,0,0,v1-atual
23629,9686,23629 - 9686,126196,2026-07-17 15:28:58,ANDRESSA NEVES,AVARIA NA ENTREGA,110,60,30,0,v1-atual
19825,64648,19825 - 64648,384197,2026-07-17 15:34:02,JARDEL ARAUJO,AVARIA NO PDV,200,0,30,0,v1-atual
19825,64630,19825 - 64630,120197,2026-07-17 15:34:41,JARDEL ARAUJO,AVARIA NO PDV,320,0,0,0,v1-atual
21003,21533,21003 - 21533,291197,2026-07-17 15:40:19,PEDRO HENRIQUE TEIXEIRA DE SOUZA,AVARIA NA ENTREGA,240,0,0,0,v1-atual
8105,55524,8105 - 55524,138197,2026-07-17 15:43:28,ENIO,AVARIA NO PDV,260,0,30,0,v1-atual
8105,55525,8105 - 55525,144197,2026-07-17 15:46:58,ENIO,AVARIA NO PDV,42,0,0,0,v1-atual
3415,9707,3415 - 9707,810196,2026-07-17 15:56:00,PAULO ROBERTO FREIRES,AVARIA NO DEPÓSITO,392,307,0,0,v1-atual
19371,26035,19371 - 26035,402188,2026-07-17 16:57:10,FELIPE MARQUES,AVARIA NA ENTREGA,320,200,0,0,v1-atual
16022,457355,16022 - 457355,159197,2026-07-17 17:05:18,ANDERSON BARBOSA,OVOS PODRES,280,0,5400,0,v1-atual
23342,4603,23342 - 4603,930196,2026-07-17 17:19:26,BRUNO AUGUSTO COSTA DE CARVALHO,OVOS VENCIDOS,840,840,30,0,v1-atual
22860,19813,22860 - 19813,189197,2026-07-17 17:30:00,WENDY FERREIRA,AVARIA NO PDV,80,80,0,0,v1-atual
22860,19812,22860 - 19812,183197,2026-07-17 17:30:22,WENDY FERREIRA,AVARIA NO PDV,320,320,0,0,v1-atual
13800,164434,13800 - 164434,234197,2026-07-17 20:15:23,FELIPE MARQUES,AVARIA NA ENTREGA,140,0,0,0,v1-atual
10533,238232,10533 - 238232,480197,2026-07-18 06:21:47,ISABELLA,AVARIA NO PDV,100,79,0,0,v1-atual
10533,238225,10533 - 238225,450197,2026-07-18 06:23:59,ISABELLA,AVARIA NO PDV,100,79,0,0,v1-atual
10533,238226,10533 - 238226,456197,2026-07-18 06:25:18,ISABELLA,AVARIA NO PDV,36,0,0,0,v1-atual
10566,119855,10566 - 119855,111197,2026-07-18 06:26:50,ISABELLA,OVOS PODRES,310,279,0,0,v1-atual
10566,119854,10566 - 119854,105197,2026-07-18 06:27:16,ISABELLA,AVARIA NO PDV,120,100,0,0,v1-atual
10567,164362,10567 - 164362,297197,2026-07-18 06:27:56,ISABELLA,NÃO LOCALIZADO,20,0,0,0,v1-atual
10567,164361,10567 - 164361,294197,2026-07-18 06:28:33,ISABELLA,AVARIA NO PDV,20,0,0,0,v1-atual
10567,164365,10567 - 164365,324197,2026-07-18 06:28:56,ISABELLA,AVARIA NO PDV,60,40,0,0,v1-atual
10567,164364,10567 - 164364,309197,2026-07-18 06:29:26,ISABELLA,OVOS PODRES,240,230,0,0,v1-atual
10567,164358,10567 - 164358,264197,2026-07-18 06:30:59,ISABELLA,AVARIA NO PDV,262,129,30,0,v1-atual
10567,164363,10567 - 164363,300197,2026-07-18 06:31:27,ISABELLA,AVARIA NA ENTREGA,168,109,0,0,v1-atual
21971,129925,21971 - 129925,438197,2026-07-18 07:33:31,JORSIRLAN,AVARIA NA ENTREGA,300,0,0,0,v1-atual
17265,35055,17265 - 35055,42d2c142-6af2-41a3-822e-d322ef590407,2026-07-18 08:08:55,KLEVERTON FRAGOSO,AVARIA NO DEPÓSITO,732,600,30,0,v1-atual
2645,184605,2645 - 184605,564194,2026-07-18 08:33:51,RARIEL,AVARIA NA ENTREGA,570,210,60,0,v1-atual
24703,11881,24703 - 11881,219197,2026-07-18 08:34:46,IRACILDA DA SILVA,AVARIA NO PDV,780,0,0,0,v1-atual
2645,184604,2645 - 184604,555194,2026-07-18 08:36:48,RARIEL,AVARIA NA ENTREGA,260,246,60,0,v1-atual
9456,90397,9456 - 90397,594194,2026-07-18 08:48:47,CARLOS HENRIQUE,AVARIA NA ENTREGA,42,0,60,0,v1-atual
9456,90396,9456 - 90396,549194,2026-07-18 08:49:17,CARLOS HENRIQUE,OVOS PODRES,240,209,0,0,v1-atual
1283,111659,1283 - 111659,441194,2026-07-18 08:50:47,CARLOS HENRIQUE,OVOS PODRES,600,493,0,0,v1-atual
1283,111658,1283 - 111658,432194,2026-07-18 08:51:10,CARLOS HENRIQUE,OVOS PODRES,60,58,0,0,v1-atual
1283,111657,1283 - 111657,417194,2026-07-18 08:52:50,CARLOS HENRIQUE,OVOS PODRES,6,0,0,0,v1-atual
1283,111656,1283 - 111656,411194,2026-07-18 08:53:22,CARLOS HENRIQUE,AVARIA NA ENTREGA,42,39,0,0,v1-atual
11220,23998,11220 - 23998,120196,2026-07-18 09:18:49,JOAQUIM BORGES DA SILVA NETO,PROXIMO AO VENCIMENTO,460,460,0,0,v1-atual
8156,32873,8156 - 32873,750197,2026-07-18 09:19:32,JOAQUIM BORGES DA SILVA NETO,AVARIA NO PDV,70,65,30,0,v1-atual
8156,32872,8156 - 32872,720197,2026-07-18 09:19:47,JOAQUIM BORGES DA SILVA NETO,AVARIA NO PDV,80,70,0,0,v1-atual
2667,21791,2667 - 21791,570198,2026-07-18 10:10:34,CAIO GABRIEL DA SILVA ROCHA,AVARIA NO PDV,130,0,0,0,v1-atual
19561,11303,19561 - 11303,150198,2026-07-18 10:12:34,CAIO GABRIEL DA SILVA ROCHA,AVARIA NO PDV,460,180,600,0,v1-atual
21896,8692,21896 - 8692,960198,2026-07-18 10:13:27,CAIO GABRIEL DA SILVA ROCHA,AVARIA NO PDV,340,0,0,0,v1-atual
11605,176322,11605 - 176322,750198,2026-07-18 10:34:34,RENAN DE AZEVEDO OLIVEIRA,AVARIA NA ENTREGA,630,410,0,0,v1-atual
11605,176323,11605 - 176323,780198,2026-07-18 10:34:48,RENAN DE AZEVEDO OLIVEIRA,AVARIA NA ENTREGA,280,280,0,0,v1-atual
14254,44375,14254 - 44375,270198,2026-07-18 11:06:13,PAULO NATAN,AVARIA NO PDV,250,0,0,0,v1-atual
14254,44376,14254 - 44376,273198,2026-07-18 11:08:13,PAULO NATAN,AVARIA NA ENTREGA,380,280,0,0,v1-atual
14254,44374,14254 - 44374,264198,2026-07-18 11:10:00,PAULO NATAN,AVARIA NO PDV,72,0,0,0,v1-atual
14254,44373,14254 - 44373,267198,2026-07-18 11:11:33,PAULO NATAN,AVARIA NO PDV,420,200,0,0,v1-atual
23682,26499,23682 - 26499,153197,2026-07-18 12:49:44,MÉRCIO,AVARIA NO PDV,240,0,0,0,v1-atual
23682,26500,23682 - 26500,156197,2026-07-18 12:53:10,MÉRCIO,AVARIA NO PDV,100,0,0,0,v1-atual
22314,20971,22314 - 20971,900196,2026-07-18 14:13:10,MIGUEL ABNER CARV,AVARIA NO PDV,620,0,60,0,v1-atual
11965,34634,11965 - 34634,360196,2026-07-18 14:15:50,MIGUEL ABNER CARV,AVARIA NO PDV,340,0,30,0,v1-atual
17510,67068,17510 - 67068,567194,2026-07-18 14:54:37,WILKENIA,AVARIA NO PDV,320,270,0,0,v1-atual
17510,67067,17510 - 67067,561194,2026-07-18 14:57:40,WILKENIA,AVARIA NA ENTREGA,180,180,0,0,v1-atual
17510,67066,17510 - 67066,558194,2026-07-18 14:59:33,WILKENIA,OVOS PODRES,90,0,120,0,v1-atual
3897,68117,3897 - 68117,339189,2026-07-18 15:02:41,WILKENIA,OVOS PODRES,600,0,0,0,v1-atual
23370,5260,23370 - 5260,240198,2026-07-18 15:50:42,VALDEREI SANTOS,AVARIA NO DEPÓSITO,490,490,0,0,v1-atual
22530,36257,22530 - 36257,600198,2026-07-18 17:24:40,ELIABE LIMA MOURA,AVARIA NA ENTREGA,150,150,0,0,v1-atual
14569,134669,14569 - 134669,396197,2026-07-18 17:31:03,DIEGO,AVARIA NO PDV,192,0,30,0,v1-atual
14569,134670,14569 - 134670,399197,2026-07-18 17:31:15,DIEGO,AVARIA NO PDV,60,0,0,0,v1-atual
14569,134671,14569 - 134671,402197,2026-07-18 17:31:27,DIEGO,AVARIA NO PDV,100,0,0,0,v1-atual
21734,252716,21734 - 252716,141196,2026-07-19 08:11:16,KEWIN,AVARIA NO PDV,850,0,60,0,v1-atual
21735,163492,21735 - 163492,237198,2026-07-19 20:46:31,KEWIN,AVARIA NO PDV,260,0,0,0,v1-atual
21739,126114,21739 - 126114,204197,2026-07-19 20:47:16,KEWIN,AVARIA NO PDV,160,0,0,0,v1-atual
21739,126113,21739 - 126113,201197,2026-07-19 20:48:03,KEWIN,AVARIA NO PDV,260,0,30,0,v1-atual
25086,35929,25086 - 35929,189198,2026-07-20 05:53:42,KEWIN,AVARIA NO PDV,150,0,0,0,v1-atual
25086,35928,25086 - 35928,186198,2026-07-20 05:54:12,KEWIN,AVARIA NO PDV,160,0,0,0,v1-atual
12860,50854,12860 - 50854,540198,2026-07-20 07:31:27,GEISSON BRENER DA SILVA GOMES,AVARIA NO DEPÓSITO,700,400,0,0,v1-atual
22529,23363,22529 - 23363,129197,2026-07-20 08:24:53,ANA CAROLLINE SOUSA CARVALHO,AVARIA NA ENTREGA,150,0,0,0,v1-atual
22529,23365,22529 - 23365,195197,2026-07-20 08:25:02,ANA CAROLLINE SOUSA CARVALHO,AVARIA NA ENTREGA,40,0,0,0,v1-atual
21254,6316,21254 - 6316,570197,2026-07-20 08:29:41,FRANCISCO JAMISON SOUSA DE MIRANDA,AVARIA NA ENTREGA,160,160,0,0,v1-atual
21254,6315,21254 - 6315,540197,2026-07-20 08:30:21,FRANCISCO JAMISON SOUSA DE MIRANDA,AVARIA NA ENTREGA,240,240,0,0,v1-atual
21254,6311,21254 - 6311,510197,2026-07-20 08:30:42,FRANCISCO JAMISON SOUSA DE MIRANDA,AVARIA NA ENTREGA,340,0,0,0,v1-atual
4505,62483,4505 - 62483,390198,2026-07-20 08:37:24,BRUNO GOMES,OVOS PODRES,70,0,0,0,v1-atual
11023,64261,11023 - 64261,420198,2026-07-20 08:38:34,BRUNO GOMES,AVARIA NO DEPÓSITO,520,300,90,0,v1-atual
11023,64265,11023 - 64265,450198,2026-07-20 08:39:16,BRUNO GOMES,OVOS PODRES,160,0,0,0,v1-atual
20698,53763,20698 - 53763,216198,2026-07-20 08:39:37,KLEVERTON FRAGOSO,AVARIA NO DEPÓSITO,862,630,1230,0,v1-atual
16999,38901,16999 - 38901,480197,2026-07-20 08:40:11,BRUNO GOMES,NÃO LOCALIZADO,190,0,0,0,v1-atual
1284,246115,1284 - 246115,438194,2026-07-20 08:40:22,THIEUDE,AVARIA NA ENTREGA,130,71,0,0,v1-atual
20221,2225,20221 - 2225,129188,2026-07-20 08:40:47,BRUNO GOMES,AVARIA NA ENTREGA,960,960,0,0,v1-atual
23714,11905,23714 - 11905,510198,2026-07-20 08:41:25,BRUNO GOMES,AVARIA NA ENTREGA,240,240,0,0,v1-atual
1284,246116,1284 - 246116,462194,2026-07-20 08:41:32,THIEUDE,AVARIA NO PDV,156,85,0,0,v1-atual
22528,31402,22528 - 31402,930197,2026-07-20 08:41:57,BRUNO GOMES,AVARIA NO DEPÓSITO,100,0,60,0,v1-atual
22528,31380,22528 - 31380,330197,2026-07-20 08:42:08,BRUNO GOMES,AVARIA NO DEPÓSITO,20,0,0,0,v1-atual
22528,31379,22528 - 31379,300197,2026-07-20 08:42:24,BRUNO GOMES,AVARIA NO DEPÓSITO,20,0,0,0,v1-atual
1284,246145,1284 - 246145,270195,2026-07-20 08:42:35,THIEUDE,AVARIA NA ENTREGA,390,300,0,0,v1-atual
1284,246146,1284 - 246146,273195,2026-07-20 08:43:22,THIEUDE,AVARIA NO PDV,80,76,0,0,v1-atual
8079,25718,8079 - 25718,378198,2026-07-20 08:46:54,THIEUDE,AVARIA NO DEPÓSITO,266,216,30,0,v1-atual
4242,81618,4242 - 81618,900198,2026-07-20 08:48:29,CHARLES SANTOS GON,PROXIMO AO VENCIMENTO,150,87,0,0,v1-atual
21529,95896,21529 - 95896,810198,2026-07-20 08:48:31,RAFAEL DOS SANTOS,AVARIA NA ENTREGA,400,400,0,0,v1-atual
9698,54733,9698 - 54733,900198,2026-07-20 08:53:54,MATHEUS LAURENTINO,AVARIA NO DEPÓSITO,670,0,30,0,v1-atual
23741,4702,23741 - 4702,990198,2026-07-20 08:54:15,MATHEUS LAURENTINO,AVARIA NO DEPÓSITO,260,0,0,0,v1-atual
25286,1316,25286 - 1316,270198,2026-07-20 08:54:55,MATHEUS LAURENTINO,AVARIA NO DEPÓSITO,40,0,0,0,v1-atual
1697,119536,1697 - 119536,252197,2026-07-20 09:04:08,DOMINIQUE MARTINS,AVARIA NA ENTREGA,226,0,150,0,v1-atual
1138,77766,1138 - 77766,150196,2026-07-20 09:06:11,JOSÉ JULIANO RODRIGUES,AVARIA NO DEPÓSITO,520,140,0,0,v1-atual
23042,4706,23042 - 4706,186197,2026-07-20 09:13:22,LEIS LEAL DOS SANTOS,AVARIA NA ENTREGA,272,242,30,0,v1-atual
19234,54054,19234 - 54054,162198,2026-07-20 09:14:00,EDSON ALVES DA COSTA,AVARIA NO DEPÓSITO,780,0,30,0,v1-atual
4489,49981,4489 - 49981,183198,2026-07-20 09:17:22,RODRIGO,AVARIA DE VIAGEM,200,200,0,0,v1-atual
4484,25712,4484 - 25712,126197,2026-07-20 09:22:52,LEIS LEAL DOS SANTOS,AVARIA NO DEPÓSITO,572,512,120,0,v1-atual
20443,89169,20443 - 89169,660198,2026-07-20 09:33:49,EVERTON DUARTE,AVARIA NA ENTREGA,390,190,90,0,v1-atual
20443,89168,20443 - 89168,630198,2026-07-20 09:34:09,EVERTON DUARTE,AVARIA NO PDV,80,0,0,0,v1-atual
20443,89167,20443 - 89167,600198,2026-07-20 09:34:25,EVERTON DUARTE,AVARIA NO PDV,40,0,0,0,v1-atual
17333,100111,17333 - 100111,201198,2026-07-20 09:35:31,FERNANDO GALDINO,AVARIA NO PDV,1060,720,0,0,v1-atual
17333,100112,17333 - 100112,210198,2026-07-20 09:35:52,FERNANDO GALDINO,AVARIA NO PDV,20,0,0,0,v1-atual
6676,120660,6676 - 120660,330192,2026-07-20 09:48:42,FLÁVIO,AVARIA DE VIAGEM,360,0,0,0,v1-atual
5009,137316,5009 - 137316,285197,2026-07-20 09:52:52,FLÁVIO,AVARIA DE VIAGEM,10,0,0,0,v1-atual
12562,68151,12562 - 68151,540199,2026-07-20 10:01:15,JEAN ARAUJO PEREIRA,AVARIA NO PDV,160,0,0,0,v1-atual
1094,70929,1094 - 70929,600199,2026-07-20 10:02:34,GEISSON BRENER DA SILVA GOMES,AVARIA NO DEPÓSITO,490,0,0,0,v1-atual
1285,119327,1285 - 119327,315197,2026-07-20 10:03:48,FLÁVIO,AVARIA DE VIAGEM,52,0,0,0,v1-atual
6428,60051,6428 - 60051,144198,2026-07-20 10:11:02,JEAN ARAUJO PEREIRA,OVOS PODRES,1386,0,0,0,v1-atual
21998,22999,21998 - 22999,180198,2026-07-20 10:12:29,LETICIA ELLEN COSTA DA SILVA,OVOS VENCIDOS,380,100,0,0,v1-atual
11599,33085,11599 - 33085,930198,2026-07-20 10:13:56,LETICIA ELLEN COSTA DA SILVA,OVOS VENCIDOS,420,360,0,0,v1-atual
15443,25899,15443 - 25899,300199,2026-07-20 10:14:31,LETICIA ELLEN COSTA DA SILVA,OVOS VENCIDOS,90,90,0,0,v1-atual
15443,25900,15443 - 25900,900199,2026-07-20 10:14:45,LETICIA ELLEN COSTA DA SILVA,OVOS VENCIDOS,60,0,0,0,v1-atual
12569,123520,12569 - 123520,411197,2026-07-20 10:15:51,FERNANDO,OVOS PODRES,30,0,0,0,v1-atual
12569,123519,12569 - 123519,405197,2026-07-20 10:16:04,FERNANDO,OVOS PODRES,32,0,0,0,v1-atual
20207,97280,20207 - 97280,150198,2026-07-20 10:16:45,FERNANDO,OVOS PODRES,80,0,30,0,v1-atual
20207,97281,20207 - 97281,153198,2026-07-20 10:17:03,FERNANDO,AVARIA NO PDV,100,0,0,0,v1-atual
23590,15347,23590 - 15347,"6,81495E+17",2026-07-20 10:18:56,RENAN DE AZEVEDO OLIVEIRA,AVARIA NO PDV,250,177,0,0,v1-atual
23590,15346,23590 - 15346,"7,42607E+19",2026-07-20 10:19:55,RENAN DE AZEVEDO OLIVEIRA,AVARIA NO PDV,420,420,0,0,v1-atual
21377,133889,21377 - 133889,471197,2026-07-20 10:35:25,PAULO NOVAES,AVARIA NA ENTREGA,480,300,120,0,v1-atual
21377,133886,21377 - 133886,453197,2026-07-20 10:38:43,PAULO NOVAES,OVOS PODRES,344,0,0,0,v1-atual
23457,18737,23457 - 18737,354197,2026-07-20 10:40:07,JOÃO VICTOR MATOS,AVARIA DE VIAGEM,50,50,0,0,v1-atual
14465,21433,14465 - 21433,192197,2026-07-20 10:43:52,FLÁVIO,AVARIA DE VIAGEM,20,0,0,0,v1-atual
12029,107953,12029 - 107953,351197,2026-07-20 10:44:34,FLÁVIO,AVARIA DE VIAGEM,150,0,0,0,v1-atual
23376,6644,23376 - 6644,441197,2026-07-20 10:45:07,FLÁVIO,AVARIA DE VIAGEM,450,0,0,0,v1-atual
15550,67145,15550 - 67145,480199,2026-07-20 10:46:03,ALINE MAIARA SILVA,AVARIA NO PDV,770,0,30,0,v1-atual
24034,1733,24034 - 1733,357197,2026-07-20 10:46:09,FLÁVIO,AVARIA DE VIAGEM,300,0,0,0,v1-atual
16006,280578,16006 - 280578,240198,2026-07-20 10:46:11,ANA JAMILLY SOUSA,AVARIA NA ENTREGA,400,290,0,0,v1-atual
15550,67144,15550 - 67144,450199,2026-07-20 10:46:23,ALINE MAIARA SILVA,AVARIA NO PDV,30,0,0,0,v1-atual
1290,551251,1290 - 551251,345198,2026-07-20 10:48:07,FLÁVIO,AVARIA DE VIAGEM,550,200,0,0,v1-atual
16006,280701,16006 - 280701,150199,2026-07-20 10:49:06,ANA JAMILLY SOUSA,AVARIA NA ENTREGA,400,347,0,0,v1-atual
15558,46179,15558 - 46179,360198,2026-07-20 10:51:30,JOSENILDO SILVA SOUSA,OVOS PODRES,30,0,0,0,v1-atual
15558,46180,15558 - 46180,363198,2026-07-20 10:52:50,JOSENILDO SILVA SOUSA,OVOS PODRES,60,0,30,0,v1-atual
16996,44930,16996 - 44930,420199,2026-07-20 10:54:10,JOSENILDO SILVA SOUSA,OVOS PODRES,60,0,0,0,v1-atual
733,102900,733 - 102900,120198,2026-07-20 11:08:24,MIGUEL ABNER CARV,AVARIA NO PDV,500,112,0,0,v1-atual
22527,36098,22527 - 36098,510199,2026-07-20 11:09:03,KARINA COSTA,AVARIA NO PDV,80,0,60,0,v1-atual
22860,19832,22860 - 19832,174198,2026-07-20 11:10:22,WENDY FERREIRA,AVARIA NO PDV,200,200,0,0,v1-atual
3811,537784,3811 - 537784,255198,2026-07-20 11:37:12,KARINA COSTA,AVARIA NO PDV,300,0,4950,0,v1-atual
1145,100160,1145 - 100160,180199,2026-07-20 11:40:34,ALYSON SOUSA,AVARIA NA ENTREGA,620,500,0,0,v1-atual
21852,21673,21852 - 21673,300198,2026-07-20 11:42:30,ALYSON SOUSA,AVARIA NO DEPÓSITO,300,280,30,0,v1-atual
15150,125195,15150 - 125195,780197,2026-07-20 11:48:59,MIGUEL ABNER CARV,AVARIA NO PDV,540,0,120,0,v1-atual
15150,125196,15150 - 125196,810197,2026-07-20 11:54:50,MIGUEL ABNER CARV,AVARIA NO PDV,260,0,0,0,v1-atual
1216,35835,1216 - 35835,720198,2026-07-20 12:06:37,ALYSON SOUSA,AVARIA NO DEPÓSITO,140,140,0,0,v1-atual
15150,125198,15150 - 125198,840197,2026-07-20 12:43:05,MIGUEL ABNER CARV,AVARIA NO DEPÓSITO,358,0,0,0,v1-atual
15150,125199,15150 - 125199,870197,2026-07-20 12:43:35,MIGUEL ABNER CARV,AVARIA NO DEPÓSITO,600,0,0,0,v1-atual
15150,125200,15150 - 125200,900197,2026-07-20 12:44:05,MIGUEL ABNER CARV,AVARIA NO DEPÓSITO,190,0,0,0,v1-atual
12731,210101,12731 - 210101,426197,2026-07-20 13:10:04,MAIQUES ANTONIO MACHADO,AVARIA NO DEPÓSITO,500,0,0,0,v1-atual
12731,210135,12731 - 210135,390199,2026-07-20 13:10:24,MAIQUES ANTONIO MACHADO,AVARIA NO DEPÓSITO,230,0,0,0,v1-atual
17253,157698,17253 - 157698,279198,2026-07-20 13:18:32,OPERACOES,AVARIA DE VIAGEM,1550,1550,720,0,v1-atual
17264,98032,17264 - 98032,180198,2026-07-20 13:20:02,OPERACOES,AVARIA DE VIAGEM,56,0,720,0,v1-atual
7142,19009,7142 - 19009,300199,2026-07-20 13:20:16,ALISSON GONÇALVES CRUZ,OVOS PODRES,350,184,0,0,v1-atual
17264,98031,17264 - 98031,177198,2026-07-20 13:21:52,OPERACOES,AVARIA DE VIAGEM,1500,1500,0,0,v1-atual
23837,9720,23837 - 9720,300198,2026-07-20 13:30:36,LUHHE COSTA DA COSTA,AVARIA NO PDV,400,372,0,0,v1-atual
8105,55542,8105 - 55542,240197,2026-07-20 14:01:38,ENIO,MARCA/TIPO ERRADA,240,240,0,0,v1-atual
20451,67735,20451 - 67735,255197,2026-07-20 14:10:22,BRENDO SILVA,AVARIA NO PDV,0,0,120,0,v1-atual
22144,41423,22144 - 41423,138199,2026-07-20 14:10:45,BRENDO SILVA,AVARIA NO PDV,220,0,0,0,v1-atual
22144,41422,22144 - 41422,123199,2026-07-20 14:11:06,BRENDO SILVA,AVARIA NO DEPÓSITO,2590,0,570,0,v1-atual
23231,564311,23231 - 564311,234198,2026-07-20 14:16:50,MATEUS OLIVEIRA,AVARIA NO PDV,748,0,60,0,v1-atual
12729,4262,12729 - 4262,198197,2026-07-20 14:26:40,MATEUS OLIVEIRA,AVARIA NO PDV,670,670,0,0,v1-atual
25137,1979,25137 - 1979,285198,2026-07-20 14:28:39,JOÃO MARCOS,AVARIA NA ENTREGA,220,135,30,0,v1-atual
24391,4782,24391 - 4782,630199,2026-07-20 14:32:42,OPERACOES,AVARIA DE VIAGEM,240,0,720,0,v1-atual
20530,32398,20530 - 32398,990199,2026-07-20 14:34:22,OPERACOES,AVARIA DE VIAGEM,600,600,0,0,v1-atual
23767,15315,23767 - 15315,177197,2026-07-20 14:36:33,JOÃO VITOR DE ALCANTARA FURTADO,AVARIA NO PDV,355,0,120,0,v1-atual
13331,219411,13331 - 219411,147198,2026-07-20 14:37:17,JORSIRLAN,FALTA DE PRODUTO,300,0,0,0,v1-atual
17513,67066,17513 - 67066,129199,2026-07-20 15:13:38,GILERLESON FEQUES,AVARIA NA ENTREGA,160,0,0,0,v1-atual
16384,39908,16384 - 39908,288197,2026-07-20 15:13:48,BRUNO AUGUSTO COSTA DE CARVALHO,AVARIA NA ENTREGA,90,0,120,0,v1-atual
17513,67068,17513 - 67068,132199,2026-07-20 15:13:51,GILERLESON FEQUES,AVARIA NA ENTREGA,20,0,0,0,v1-atual
17513,67065,17513 - 67065,126199,2026-07-20 15:14:15,GILERLESON FEQUES,AVARIA NA ENTREGA,60,60,0,0,v1-atual
6676,120734,6676 - 120734,357198,2026-07-20 15:14:53,GILERLESON FEQUES,AVARIA NA ENTREGA,160,160,0,0,v1-atual
6676,120733,6676 - 120733,348198,2026-07-20 15:15:10,GILERLESON FEQUES,AVARIA NA ENTREGA,60,0,30,0,v1-atual
16384,39473,16384 - 39473,489181,2026-07-20 15:15:19,BRUNO AUGUSTO COSTA DE CARVALHO,AVARIA NA ENTREGA,200,200,0,0,v1-atual
12733,177297,12733 - 177297,600199,2026-07-20 15:17:52,VALDEREI SANTOS,AVARIA NO PDV,230,230,0,0,v1-atual
12733,177298,12733 - 177298,690199,2026-07-20 15:19:10,VALDEREI SANTOS,AVARIA NO PDV,670,670,0,0,v1-atual
4363,38701,4363 - 38701,840198,2026-07-20 15:25:03,PAULO ROBERTO FREIRES,AVARIA NO PDV,150,0,0,0,v1-atual
6570,40353,6570 - 40353,450197,2026-07-20 15:25:42,PAULO ROBERTO FREIRES,AVARIA NO PDV,280,0,0,0,v1-atual
7008,29854,7008 - 29854,870198,2026-07-20 15:27:23,PAULO ROBERTO FREIRES,AVARIA NO PDV,40,0,480,0,v1-atual
20546,131884,20546 - 131884,300198,2026-07-20 15:39:28,KILDERLAN,AVARIA NA ENTREGA,20,0,0,0,v1-atual
20546,131762,20546 - 131762,120197,2026-07-20 15:40:28,KILDERLAN,AVARIA NA ENTREGA,500,500,0,0,v1-atual
20546,131763,20546 - 131763,150197,2026-07-20 15:40:52,KILDERLAN,AVARIA NA ENTREGA,840,840,0,0,v1-atual
20546,131886,20546 - 131886,330198,2026-07-20 15:41:28,KILDERLAN,AVARIA NA ENTREGA,40,0,0,0,v1-atual
20546,131764,20546 - 131764,180197,2026-07-20 15:42:00,KILDERLAN,AVARIA NA ENTREGA,120,120,0,0,v1-atual
20546,131885,20546 - 131885,360198,2026-07-20 15:42:31,KILDERLAN,AVARIA NA ENTREGA,1380,1380,0,0,v1-atual
11407,175673,11407 - 175673,261198,2026-07-20 16:05:05,LEO JAIME,AVARIA NA ENTREGA,5880,3960,1110,0,v1-atual
16362,49884,16362 - 49884,351198,2026-07-20 16:30:32,JOEL LOBATO ALVES,AVARIA NO DEPÓSITO,10,0,0,0,v1-atual
301,144136,301 - 144136,168198,2026-07-20 16:58:19,ALESSANDRA FARIAS NAZARETH,AVARIA NO PDV,256,0,30,0,v1-atual
19495,310813,19495 - 310813,273197,2026-07-20 17:04:24,ALESSANDRA FARIAS NAZARETH,AVARIA NO PDV,66,0,0,0,v1-atual
20506,50077,20506 - 50077,366198,2026-07-20 17:05:11,ALESSANDRA FARIAS NAZARETH,AVARIA NO PDV,194,0,30,0,v1-atual
17030,127646,17030 - 127646,288198,2026-07-20 17:15:25,SILDIENY,AVARIA NA ENTREGA,150,0,0,0,v1-atual
17030,127652,17030 - 127652,312198,2026-07-20 17:15:45,SILDIENY,AVARIA NA ENTREGA,36,0,0,0,v1-atual
17030,127653,17030 - 127653,315198,2026-07-20 17:16:15,SILDIENY,AVARIA NA ENTREGA,36,0,0,0,v1-atual
21738,136249,21738 - 136249,354198,2026-07-20 17:18:21,RENAN,AVARIA NO DEPÓSITO,420,0,0,0,v1-atual
20831,145492,20831 - 145492,189196,2026-07-20 17:19:31,RENAN,AVARIA NO PDV,320,0,0,0,v1-atual
20831,145493,20831 - 145493,195196,2026-07-20 17:20:14,RENAN,AVARIA NO PDV,310,0,0,0,v1-atual
20831,145550,20831 - 145550,330197,2026-07-20 17:24:11,RENAN,AVARIA NO PDV,180,120,0,0,v1-atual
20831,145551,20831 - 145551,333197,2026-07-20 17:25:12,RENAN,AVARIA NO PDV,110,100,150,0,v1-atual
20831,145552,20831 - 145552,342197,2026-07-20 17:25:44,RENAN,AVARIA NO PDV,120,0,0,0,v1-atual
12466,172036,12466 - 172036,345197,2026-07-20 17:26:44,RENAN,AVARIA NO PDV,80,0,0,0,v1-atual
12466,172037,12466 - 172037,348197,2026-07-20 17:28:22,RENAN,AVARIA NO DEPÓSITO,570,380,0,0,v1-atual
23560,773281,23560 - 773281,246197,2026-07-20 18:15:39,BRENDO,FALTA DE PRODUTO,3750,0,0,0,v1-atual
23560,774393,23560 - 774393,243198,2026-07-20 18:16:39,JORGE TELES,AVARIA NO DEPÓSITO,780,0,0,0,v1-atual
12553,108622,12553 - 108622,570199,2026-07-20 20:09:24,PAULO FERNANDO SILVA,AVARIA NO PDV,40,0,90,0,v1-atual
12553,108623,12553 - 108623,660199,2026-07-20 20:09:53,PAULO FERNANDO SILVA,AVARIA NO PDV,222,222,0,0,v1-atual
19609,161615,19609 - 161615,"8,20323E+19",2026-07-20 20:12:59,ANDEROSN DOS SANTOS,OVOS PODRES,1300,0,3600,0,v1-atual
6950,114560,6950 - 114560,132198,2026-07-21 05:47:17,MARCOS ALBERTO,FALTA DE PRODUTO,0,0,3000,3000,v1-atual
21529,95915,21529 - 95915,120199,2026-07-21 05:56:27,RAFAEL DOS SANTOS,AVARIA NO DEPÓSITO,200,0,0,0,v1-atual
21736,129426,21736 - 129426,228198,2026-07-21 07:25:36,FABIANE RODRIGUES,AVARIA NO PDV,40,0,0,0,v1-atual
21736,129425,21736 - 129425,225198,2026-07-21 07:25:58,FABIANE RODRIGUES,AVARIA NO PDV,20,0,0,0,v1-atual
14545,154702,14545 - 154702,327197,2026-07-21 07:32:01,FABIANE RODRIGUES,OVOS PODRES,340,150,90,0,v1-atual
19299,48185,19299 - 48185,165197,2026-07-21 07:56:56,WILLIAN DIAS DOS SANTOS,OVOS PODRES,370,0,930,0,v1-atual
2190,94725,2190 - 94725,117197,2026-07-21 07:57:29,WILLIAN DIAS DOS SANTOS,OVOS PODRES,358,0,0,0,v1-atual
18354,6458,18354 - 6458,720199,2026-07-21 07:58:57,IVANA PATRICIA,AVARIA NO DEPÓSITO,510,0,30,0,v1-atual
17561,25496,17561 - 25496,192198,2026-07-21 08:14:34,MAURICIO PINHEIRO MIRANDA,OVOS VENCIDOS,364,0,0,0,v1-atual
165,1483580,165 - 1483580,243197,2026-07-21 08:24:22,EDUARDO ALEXANDRE,OVOS PODRES,150,0,0,0,v1-atual
21875,130555,21875 - 130555,360199,2026-07-21 08:26:45,EDUARDO ALEXANDRE,OVOS PODRES,110,0,150,0,v1-atual
21875,130418,21875 - 130418,159198,2026-07-21 08:27:04,EDUARDO ALEXANDRE,OVOS PODRES,180,0,60,0,v1-atual
15938,50977,15938 - 50977,171198,2026-07-21 08:37:56,DOMINIQUE MARTINS,OVOS VENCIDOS,600,0,0,0,v1-atual
20699,73938,20699 - 73938,"6,9515E+18",2026-07-21 09:05:23,JOSE CLAUDIO,AVARIA NA ENTREGA,950,720,0,0,v1-atual
2585,1080897,2585 - 1080897,930199,2026-07-21 09:20:33,EDSON ALVES DA COSTA,AVARIA NA ENTREGA,0,0,600,0,v1-atual
17510,66960,17510 - 66960,336189,2026-07-21 09:21:25,WILKENIA,OVOS PODRES,360,300,0,0,v1-atual
17510,66959,17510 - 66959,330189,2026-07-21 09:21:45,WILKENIA,AVARIA NO PDV,34,0,0,0,v1-atual
2585,1080893,2585 - 1080893,870199,2026-07-21 09:21:49,EDSON ALVES DA COSTA,OVOS PODRES,240,0,840,0,v1-atual
17510,66958,17510 - 66958,324189,2026-07-21 09:22:15,WILKENIA,AVARIA NA ENTREGA,240,200,180,0,v1-atual
21531,100600,21531 - 100600,240197,2026-07-21 09:22:31,FRANCISCO ALEXANDRE,AVARIA NA ENTREGA,220,0,0,0,v1-atual
21531,100599,21531 - 100599,210197,2026-07-21 09:23:01,FRANCISCO ALEXANDRE,AVARIA NA ENTREGA,1150,870,0,0,v1-atual
19240,21430,19240 - 21430,261197,2026-07-21 09:23:09,FABIO JOSE MOURA VASCONCELOS,AVARIA NA ENTREGA,1280,0,30,0,v1-atual
23836,9112,23836 - 9112,258197,2026-07-21 09:45:51,MATEUS FIGUEIREDO FERREIRA,AVARIA NO PDV,220,100,0,0,v1-atual
8233,34739,8233 - 34739,339197,2026-07-21 09:47:35,MATEUS FIGUEIREDO FERREIRA,PROXIMO AO VENCIMENTO,250,200,60,0,v1-atual
164,1822768,164 - 1822768,171197,2026-07-21 09:57:50,MICHAEL DOUGLAS,OVOS PODRES,1560,1560,0,0,v1-atual
22528,31496,22528 - 31496,aac7e529-a50e-4286-a63c-3f090569c6e5,2026-07-21 09:59:33,BRUNO GOMES,AVARIA NO DEPÓSITO,630,630,0,0,v1-atual
22528,31495,22528 - 31495,2c6738c8-192e-4117-9cac-e48d272ef15e,2026-07-21 10:00:07,BRUNO GOMES,AVARIA NA ENTREGA,20,0,0,0,v1-atual
164,1822695,164 - 1822695,207196,2026-07-21 10:00:17,MICHAEL DOUGLAS,OVOS PODRES,340,0,0,0,v1-atual
22528,31494,22528 - 31494,"4,67538E+20",2026-07-21 10:00:51,BRUNO GOMES,AVARIA NA ENTREGA,220,0,90,0,v1-atual
164,1822769,164 - 1822769,174197,2026-07-21 10:01:26,MICHAEL DOUGLAS,OVOS PODRES,160,160,0,0,v1-atual
164,1822692,164 - 1822692,204196,2026-07-21 10:03:48,MICHAEL DOUGLAS,OVOS PODRES,260,0,0,0,v1-atual
23906,35230,23906 - 35230,105199,2026-07-21 10:14:29,MICHAEL DOUGLAS,OVOS PODRES,400,0,1620,0,v1-atual
21600,23168,21600 - 23168,291196,2026-07-21 10:15:36,SABRINA RODRIGUES BARBOSA,AVARIA NO DEPÓSITO,120,0,60,0,v1-atual
23906,35156,23906 - 35156,231198,2026-07-21 10:15:49,MICHAEL DOUGLAS,OVOS PODRES,960,960,0,0,v1-atual
23906,35229,23906 - 35229,102199,2026-07-21 10:17:29,MICHAEL DOUGLAS,OVOS PODRES,80,0,0,0,v1-atual
21740,119074,21740 - 119074,255194,2026-07-21 10:21:11,FABIO REDLOG,AVARIA DE VIAGEM,3000,2880,0,0,v1-atual
21735,163186,21735 - 163186,258194,2026-07-21 10:21:41,FABIO REDLOG,AVARIA DE VIAGEM,2000,1900,0,0,v1-atual
15748,167858,15748 - 167858,303196,2026-07-21 10:22:11,FABIO REDLOG,AVARIA DE VIAGEM,1350,560,720,600,v1-atual
24566,8412,24566 - 8412,306196,2026-07-21 10:23:21,FABIO REDLOG,AVARIA DE VIAGEM,1000,360,720,660,v1-atual
17522,87458,17522 - 87458,132196,2026-07-21 10:24:05,FABIO REDLOG,AVARIA DE VIAGEM,2400,2260,0,0,v1-atual
17695,4619,17695 - 4619,300196,2026-07-21 10:25:14,FABIO REDLOG,AVARIA DE VIAGEM,1400,1080,0,0,v1-atual
21739,126025,21739 - 126025,168196,2026-07-21 10:26:26,FABIO REDLOG,AVARIA DE VIAGEM,2500,2360,0,0,v1-atual
665,38273,665 - 38273,417197,2026-07-21 10:27:02,FABIO REDLOG,AVARIA DE VIAGEM,900,170,0,0,v1-atual
16384,39925,16384 - 39925,408197,2026-07-21 10:27:29,FABIO REDLOG,AVARIA DE VIAGEM,1600,1440,0,0,v1-atual
20506,50023,20506 - 50023,180197,2026-07-21 10:27:58,FABIO REDLOG,AVARIA DE VIAGEM,2000,1522,0,0,v1-atual
5346,369669,5346 - 369669,168197,2026-07-21 10:28:41,FABIO REDLOG,AVARIA DE VIAGEM,200,200,0,0,v1-atual
6428,60061,6428 - 60061,309198,2026-07-21 10:29:41,FABIO REDLOG,AVARIA DE VIAGEM,380,283,720,660,v1-atual
22837,70578,22837 - 70578,297198,2026-07-21 10:30:11,FABIO REDLOG,AVARIA DE VIAGEM,2070,1680,720,660,v1-atual
20924,46728,20924 - 46728,429201,2026-07-21 11:16:19,DOUGLAS CARVALHO,AVARIA NO DEPÓSITO,1080,0,0,0,v1-atual
15150,125421,15150 - 125421,105201,2026-07-21 11:22:20,MIGUEL ABNER CARV,AVARIA NO PDV,240,130,60,30,v1-atual
15150,125420,15150 - 125420,102201,2026-07-21 11:23:00,MIGUEL ABNER CARV,AVARIA NO PDV,140,100,0,0,v1-atual
15150,125419,15150 - 125419,990201,2026-07-21 11:24:40,MIGUEL ABNER CARV,AVARIA NO PDV,300,240,30,0,v1-atual
15150,125417,15150 - 125417,960201,2026-07-21 11:25:00,MIGUEL ABNER CARV,AVARIA NO PDV,20,0,0,0,v1-atual
15150,125416,15150 - 125416,930201,2026-07-21 11:26:50,MIGUEL ABNER CARV,AVARIA NO PDV,40,0,0,0,v1-atual
13515,1305928,13515 - 1305928,111201,2026-07-21 11:32:25,FRANCINETE VIANA,AVARIA NO DEPÓSITO,2820,0,0,0,v1-atual
25399,4749,25399 - 4749,174201,2026-07-21 11:33:44,EVELINE DE SOUSA,AVARIA NO PDV,2716,0,0,0,v1-atual
20189,41184,20189 - 41184,690201,2026-07-21 11:35:40,EVELINE DE SOUSA,AVARIA NO PDV,70,0,60,0,v1-atual
20189,41185,20189 - 41185,693201,2026-07-21 11:37:00,EVELINE DE SOUSA,AVARIA NO PDV,80,0,0,0,v1-atual
8155,51827,8155 - 51827,"2,16431E+23",2026-07-21 11:37:32,MIGUEL ABNER CARV,AVARIA NO PDV,300,200,210,0,v1-atual
8155,51829,8155 - 51829,840201,2026-07-21 11:37:50,MIGUEL ABNER CARV,AVARIA NO PDV,60,0,0,0,v1-atual
8155,51828,8155 - 51828,810201,2026-07-21 11:38:10,MIGUEL ABNER CARV,AVARIA NO PDV,24,0,0,0,v1-atual
20029,184543,20029 - 184543,399201,2026-07-21 11:39:20,EVELINE DE SOUSA,AVARIA NO PDV,204,204,0,0,v1-atual
11380,49752,11380 - 49752,609201,2026-07-21 11:41:00,EVELINE DE SOUSA,AVARIA NO PDV,50,0,30,0,v1-atual
13515,1305980,13515 - 1305980,114201,2026-07-21 11:46:55,FRANCINETE VIANA,AVARIA NO DEPÓSITO,42,0,0,0,v1-atual
23467,7034,23467 - 7034,276197,2026-07-21 11:51:17,GUILHERME,AVARIA NO PDV,40,0,0,0,v1-atual
13515,1306040,13515 - 1306040,153201,2026-07-21 11:51:55,FRANCINETE VIANA,AVARIA NO DEPÓSITO,1588,0,210,0,v1-atual
23467,7035,23467 - 7035,303197,2026-07-21 11:52:02,GUILHERME,OVOS PODRES,46,0,0,0,v1-atual
23467,7036,23467 - 7036,312197,2026-07-21 11:52:31,GUILHERME,OVOS PODRES,40,0,0,0,v1-atual
23467,7037,23467 - 7037,318197,2026-07-21 11:53:02,GUILHERME,AVARIA NA ENTREGA,40,0,0,0,v1-atual
23467,7062,23467 - 7062,588201,2026-07-21 11:53:46,GUILHERME,AVARIA NO PDV,80,0,30,0,v1-atual
12027,173889,12027 - 173889,381198,2026-07-21 11:54:27,GUILHERME,AVARIA NA ENTREGA,150,0,0,0,v1-atual
12027,173890,12027 - 173890,384198,2026-07-21 11:54:57,GUILHERME,AVARIA NO PDV,30,0,0,0,v1-atual
12027,173892,12027 - 173892,387198,2026-07-21 11:55:26,GUILHERME,AVARIA NO PDV,20,0,0,0,v1-atual
12027,174019,12027 - 174019,540201,2026-07-21 11:56:01,GUILHERME,AVARIA NO PDV,0,0,30,0,v1-atual
16066,128733,16066 - 128733,222198,2026-07-21 11:56:47,GUILHERME,AVARIA NA ENTREGA,70,0,0,0,v1-atual
1302,20022,1302 - 20022,162197,2026-07-21 11:57:43,GUILHERME,AVARIA NA ENTREGA,40,0,0,0,v1-atual
17048,60102,17048 - 60102,900199,2026-07-21 12:04:24,FRANCINETE VIANA,AVARIA NA ENTREGA,220,205,0,0,v1-atual
17048,60103,17048 - 60103,960199,2026-07-21 12:15:04,FRANCINETE VIANA,OVOS PODRES,134,0,30,0,v1-atual
21971,130223,21971 - 130223,384201,2026-07-21 12:28:12,JORSIRLAN,FALTA DE PRODUTO,420,0,0,0,v1-atual
21971,130224,21971 - 130224,390201,2026-07-21 12:28:52,JORSIRLAN,FALTA DE PRODUTO,200,0,0,0,v1-atual
2144,41656,2144 - 41656,540201,2026-07-21 12:33:22,ELIABE LIMA MOURA,AVARIA NA ENTREGA,480,480,30,30,v1-atual
25048,2353,25048 - 2353,339198,2026-07-21 12:59:48,DANILO,AVARIA NO DEPÓSITO,70,70,0,0,v1-atual
25048,2352,25048 - 2352,333198,2026-07-21 13:02:28,DANILO,AVARIA NO DEPÓSITO,150,125,0,0,v1-atual
14545,154701,14545 - 154701,306197,2026-07-21 13:14:18,FABIANE RODRIGUES,AVARIA NO PDV,290,80,0,0,v1-atual
15550,67158,15550 - 67158,120201,2026-07-21 13:17:52,ALINE MAIARA SILVA,AVARIA NO PDV,560,0,0,0,v1-atual
23083,30515,23083 - 30515,204201,2026-07-21 13:30:12,MARIA IRANEIDE,AVARIA NA ENTREGA,120,0,60,0,v1-atual
12560,260252,12560 - 260252,123197,2026-07-21 13:48:43,RAYLLA SOUSA SANTOS,AVARIA NO DEPÓSITO,120,120,0,0,v1-atual
12560,260253,12560 - 260253,141197,2026-07-21 13:49:21,RAYLLA SOUSA SANTOS,AVARIA NO DEPÓSITO,140,0,0,0,v1-atual
12560,260255,12560 - 260255,147197,2026-07-21 13:50:19,RAYLLA SOUSA SANTOS,AVARIA NO DEPÓSITO,20,0,30,0,v1-atual
12560,260257,12560 - 260257,150197,2026-07-21 13:51:00,RAYLLA SOUSA SANTOS,AVARIA NO DEPÓSITO,40,0,0,0,v1-atual
12560,260317,12560 - 260317,393197,2026-07-21 13:51:38,RAYLLA SOUSA SANTOS,AVARIA NO DEPÓSITO,80,0,0,0,v1-atual
12560,260320,12560 - 260320,414197,2026-07-21 13:52:18,RAYLLA SOUSA SANTOS,AVARIA NO DEPÓSITO,70,0,0,0,v1-atual
12560,260511,12560 - 260511,168201,2026-07-21 13:53:03,RAYLLA SOUSA SANTOS,AVARIA NO DEPÓSITO,60,60,0,0,v1-atual
12560,260526,12560 - 260526,237201,2026-07-21 13:54:17,RAYLLA SOUSA SANTOS,AVARIA NO DEPÓSITO,90,0,0,0,v1-atual
12560,260527,12560 - 260527,243201,2026-07-21 13:55:23,RAYLLA SOUSA SANTOS,AVARIA NO DEPÓSITO,12,0,0,0,v1-atual
12560,260528,12560 - 260528,246201,2026-07-21 13:56:19,RAYLLA SOUSA SANTOS,AVARIA NO DEPÓSITO,10,0,0,0,v1-atual
12560,260535,12560 - 260535,291201,2026-07-21 13:57:33,RAYLLA SOUSA SANTOS,AVARIA NO DEPÓSITO,100,0,0,0,v1-atual
12560,260529,12560 - 260529,255201,2026-07-21 13:57:50,RAYLLA SOUSA SANTOS,AVARIA NO DEPÓSITO,12,0,60,0,v1-atual
12560,260536,12560 - 260536,297201,2026-07-21 13:58:53,RAYLLA SOUSA SANTOS,AVARIA NO PDV,130,0,0,0,v1-atual
12560,260538,12560 - 260538,306201,2026-07-21 13:59:37,RAYLLA SOUSA SANTOS,AVARIA NO DEPÓSITO,42,0,0,0,v1-atual
12560,260579,12560 - 260579,648201,2026-07-21 14:02:53,RAYLLA SOUSA SANTOS,AVARIA NO PDV,240,0,0,0,v1-atual
12560,260564,12560 - 260564,492201,2026-07-21 14:03:36,RAYLLA SOUSA SANTOS,AVARIA NO PDV,30,0,0,0,v1-atual
12560,260562,12560 - 260562,474201,2026-07-21 14:04:25,RAYLLA SOUSA SANTOS,AVARIA NO DEPÓSITO,20,0,0,0,v1-atual
12560,260563,12560 - 260563,480201,2026-07-21 14:04:58,RAYLLA SOUSA SANTOS,AVARIA NO PDV,40,0,0,0,v1-atual
22546,10324,22546 - 10324,513201,2026-07-21 14:06:17,RAYLLA SOUSA SANTOS,AVARIA NO DEPÓSITO,40,0,0,0,v1-atual
22546,10326,22546 - 10326,516201,2026-07-21 14:06:30,RAYLLA SOUSA SANTOS,AVARIA NO DEPÓSITO,20,0,0,0,v1-atual
23589,29637,23589 - 29637,240199,2026-07-21 14:14:18,LEUJUAN DIAS VIEIRA,AVARIA NA ENTREGA,860,860,120,0,v1-atual
23589,29638,23589 - 29638,270199,2026-07-21 14:14:55,LEUJUAN DIAS VIEIRA,AVARIA NA ENTREGA,40,40,0,0,v1-atual
18992,24014,18992 - 24014,228201,2026-07-21 14:22:20,SAOUSA RENATO,AVARIA NO DEPÓSITO,292,0,0,0,v1-atual
25136,1992,25136 - 1992,549201,2026-07-21 14:23:40,YURI,OVOS VENCIDOS,810,0,0,0,v1-atual
25136,1991,25136 - 1991,546201,2026-07-21 14:25:20,SAOUSA RENATO,AVARIA NO DEPÓSITO,252,0,60,0,v1-atual
25136,1941,25136 - 1941,213198,2026-07-21 14:28:40,SAOUSA RENATO,AVARIA NO DEPÓSITO,660,0,0,0,v1-atual
15741,106826,15741 - 106826,288201,2026-07-21 14:29:50,SAOUSA RENATO,AVARIA NO DEPÓSITO,170,0,0,0,v1-atual
15741,106775,15741 - 106775,810199,2026-07-21 14:30:40,SAOUSA RENATO,AVARIA NO DEPÓSITO,336,0,120,0,v1-atual
8079,25727,8079 - 25727,561201,2026-07-21 15:14:12,DANILO,AVARIA NO DEPÓSITO,320,293,0,0,v1-atual
8079,25726,8079 - 25726,552201,2026-07-21 15:15:02,DANILO,AVARIA NO DEPÓSITO,170,157,30,0,v1-atual
17030,127763,17030 - 127763,672201,2026-07-21 15:21:48,SILDIENY,AVARIA NO PDV,50,0,0,0,v1-atual
1290,551453,1290 - 551453,759201,2026-07-21 15:22:16,JESSICA COSTA,AVARIA NA ENTREGA,200,200,0,0,v1-atual
17030,127765,17030 - 127765,678201,2026-07-21 15:22:18,SILDIENY,AVARIA NO PDV,30,0,60,0,v1-atual
17030,127766,17030 - 127766,681201,2026-07-21 15:22:48,SILDIENY,AVARIA NO PDV,20,0,0,0,v1-atual
1290,551451,1290 - 551451,756201,2026-07-21 15:23:12,JESSICA COSTA,OVOS PODRES,180,180,0,0,v1-atual
1290,551448,1290 - 551448,744201,2026-07-21 15:24:12,JESSICA COSTA,OVOS PODRES,380,0,0,0,v1-atual
1290,551445,1290 - 551445,738201,2026-07-21 15:24:53,JESSICA COSTA,OVOS PODRES,60,0,0,0,v1-atual
1290,551441,1290 - 551441,735201,2026-07-21 15:25:37,JESSICA COSTA,AVARIA NA ENTREGA,200,0,0,0,v1-atual
1290,551440,1290 - 551440,732201,2026-07-21 15:26:12,JESSICA COSTA,AVARIA NA ENTREGA,140,0,0,0,v1-atual
1290,551438,1290 - 551438,729201,2026-07-21 15:27:05,JESSICA COSTA,OVOS PODRES,300,0,0,0,v1-atual
1290,551436,1290 - 551436,723201,2026-07-21 15:28:19,JESSICA COSTA,OVOS PODRES,200,200,0,0,v1-atual
1290,551434,1290 - 551434,720201,2026-07-21 15:29:34,JESSICA COSTA,OVOS PODRES,180,180,0,0,v1-atual
1290,551432,1290 - 551432,717201,2026-07-21 15:30:12,JESSICA COSTA,OVOS PODRES,50,0,150,0,v1-atual
1290,551431,1290 - 551431,714201,2026-07-21 15:30:49,JESSICA COSTA,OVOS PODRES,36,0,0,0,v1-atual
23429,10059,23429 - 10059,276201,2026-07-21 15:37:02,ANA LUIZA GOMES DO AMARAL,OVOS VENCIDOS,20,0,0,0,v1-atual
23429,10058,23429 - 10058,270201,2026-07-21 15:37:46,ANA LUIZA GOMES DO AMARAL,AVARIA NO PDV,350,342,0,0,v1-atual
4487,251731,4487 - 251731,441201,2026-07-21 15:41:58,LEIS LEAL DOS SANTOS,AVARIA NA ENTREGA,392,282,90,0,v1-atual
23042,4721,23042 - 4721,327198,2026-07-21 15:45:28,RODRIGO,AVARIA DE VIAGEM,804,490,0,0,v1-atual
5765,353573,5765 - 353573,210201,2026-07-21 16:12:21,RARIEL,AVARIA NO PDV,170,140,0,0,v1-atual
5765,353574,5765 - 353574,213201,2026-07-21 16:15:19,RARIEL,AVARIA NO PDV,80,40,0,0,v1-atual
17050,91056,17050 - 91056,17050 - 91056,2026-07-21 16:16:54,LETICIA,AVARIA NA ENTREGA,1410,1387,0,0,v1-atual
5765,353571,5765 - 353571,201201,2026-07-21 16:17:36,RARIEL,AVARIA NA ENTREGA,192,124,0,0,v1-atual
17050,91059,17050 - 91059,17050 - 91059,2026-07-21 16:18:15,LETICIA,AVARIA NO PDV,680,654,0,0,v1-atual
10767,19386,10767 - 19386,10767 - 19386,2026-07-21 16:20:06,LETICIA,AVARIA NO PDV,960,843,720,0,v1-atual
17075,114182,17075 - 114182,17075 - 114182,2026-07-21 16:21:07,LETICIA,AVARIA NO PDV,370,298,30,0,v1-atual
11606,182656,11606 - 182656,210201,2026-07-21 16:29:00,CAIO GABRIEL DA SILVA ROCHA,AVARIA NO PDV,760,760,0,0,v1-atual
17050,90777,17050 - 90777,17050 - 90777,2026-07-21 16:29:39,LETICIA,AVARIA NO PDV,782,678,0,0,v1-atual
613,82338,613 - 82338,510201,2026-07-21 16:29:58,CAIO GABRIEL DA SILVA ROCHA,AVARIA NO PDV,360,0,60,0,v1-atual
17050,90779,17050 - 90779,17050 - 90779,2026-07-21 16:30:49,LETICIA,PROXIMO AO VENCIMENTO,212,198,0,0,v1-atual
17050,90782,17050 - 90782,17050 - 90782,2026-07-21 16:31:39,LETICIA,AVARIA NO PDV,440,332,0,0,v1-atual
17050,90780,17050 - 90780,17050 - 90780,2026-07-21 16:34:17,LETICIA,AVARIA NO PDV,360,332,0,0,v1-atual
22007,13423,22007 - 13423,147201,2026-07-21 17:17:29,ALISSON GONÇALVES CRUZ,OVOS PODRES,260,129,30,0,v1-atual
23629,9813,23629 - 9813,639201,2026-07-21 17:27:33,ANDRESSA NEVES,OVOS PODRES,0,0,420,0,v1-atual
23629,9815,23629 - 9815,675201,2026-07-21 17:27:54,ANDRESSA NEVES,AVARIA NA ENTREGA,40,0,0,0,v1-atual
23629,9814,23629 - 9814,657201,2026-07-21 17:30:48,ANDRESSA NEVES,AVARIA NA ENTREGA,252,188,0,0,v1-atual
1288,58302,1288 - 58302,129201,2026-07-21 17:46:07,SILDIENY,AVARIA NO PDV,242,0,0,0,v1-atual
1288,58310,1288 - 58310,543201,2026-07-21 17:46:56,SILDIENY,AVARIA NO PDV,290,0,0,0,v1-atual
1288,58311,1288 - 58311,564201,2026-07-21 17:48:40,SILDIENY,AVARIA NO PDV,108,0,0,0,v1-atual
23525,5722,23525 - 5722,177201,2026-07-21 17:52:38,SILDIENY,AVARIA NA ENTREGA,60,0,0,0,v1-atual
23525,5723,23525 - 5723,186201,2026-07-21 17:53:39,SILDIENY,AVARIA NO PDV,210,210,0,0,v1-atual
23525,5720,23525 - 5720,150201,2026-07-21 17:54:39,SILDIENY,AVARIA NA ENTREGA,262,0,0,0,v1-atual
16661,168423,16661 - 168423,336197,2026-07-21 17:55:59,SILDIENY,AVARIA NO PDV,270,0,0,0,v1-atual
22099,24701,22099 - 24701,306198,2026-07-21 18:49:56,FRANCINETE VIANA,AVARIA NO PDV,40,0,0,0,v1-atual
22099,24700,22099 - 24700,291198,2026-07-21 19:08:13,FRANCINETE VIANA,AVARIA NO PDV,640,0,30,0,v1-atual
15913,33043,15913 - 33043,252198,2026-07-21 20:43:14,AFONSO,AVARIA NA ENTREGA,20,0,0,0,v1-atual
15913,33044,15913 - 33044,249198,2026-07-21 20:45:14,AFONSO,AVARIA NA ENTREGA,410,0,30,0,v1-atual
17264,98108,17264 - 98108,"7,45935E+21",2026-07-21 21:11:08,JOSE CLAUDIO,AVARIA NA ENTREGA,800,540,150,0,v1-atual
1285,119358,1285 - 119358,615201,2026-07-21 22:27:54,WILIANE GALVAO,OVOS PODRES,180,0,0,0,v1-atual
1285,119357,1285 - 119357,606201,2026-07-21 22:29:43,WILIANE GALVAO,OVOS PODRES,50,0,60,0,v1-atual
1285,119356,1285 - 119356,600201,2026-07-21 22:30:38,WILIANE GALVAO,AVARIA NA ENTREGA,160,0,0,0,v1-atual
2043,20277,2043 - 20277,135201,2026-07-21 22:31:53,WILIANE GALVAO,AVARIA NA ENTREGA,220,210,0,0,v1-atual
2043,20276,2043 - 20276,126201,2026-07-21 22:32:39,WILIANE GALVAO,OVOS PODRES,180,0,90,0,v1-atual
5009,137371,5009 - 137371,339201,2026-07-21 22:33:30,WILIANE GALVAO,AVARIA NO PDV,60,0,0,0,v1-atual
9125,157991,9125 - 157991,327201,2026-07-21 22:34:21,WILIANE GALVAO,AVARIA NO PDV,60,0,0,0,v1-atual
9125,157990,9125 - 157990,318201,2026-07-21 22:35:04,WILIANE GALVAO,OVOS PODRES,20,0,210,0,v1-atual
9125,157989,9125 - 157989,309201,2026-07-21 22:35:42,WILIANE GALVAO,OVOS PODRES,180,0,0,0,v1-atual
9125,157988,9125 - 157988,300201,2026-07-21 22:36:32,WILIANE GALVAO,OVOS PODRES,210,205,0,0,v1-atual
9125,157987,9125 - 157987,285201,2026-07-21 22:37:24,WILIANE GALVAO,OVOS PODRES,190,186,0,0,v1-atual
24137,3877,24137 - 3877,498201,2026-07-21 22:38:17,WILIANE GALVAO,OVOS PODRES,72,0,0,0,v1-atual
24137,3876,24137 - 3876,495201,2026-07-21 22:39:06,WILIANE GALVAO,AVARIA NA ENTREGA,70,0,0,0,v1-atual
24137,3875,24137 - 3875,489201,2026-07-21 22:39:57,WILIANE GALVAO,OVOS PODRES,60,0,0,0,v1-atual
24137,3874,24137 - 3874,477201,2026-07-21 22:40:35,WILIANE GALVAO,OVOS PODRES,394,0,90,0,v1-atual
25224,1851,25224 - 1851,375201,2026-07-22 06:09:48,MARIA,AVARIA NO PDV,20,0,0,0,v1-atual
25224,1859,25224 - 1859,465201,2026-07-22 06:10:06,MARIA,AVARIA NO PDV,10,0,0,0,v1-atual
25224,1857,25224 - 1857,456201,2026-07-22 06:10:45,MARIA,OVOS PODRES,334,0,330,0,v1-atual
25224,1858,25224 - 1858,459201,2026-07-22 06:10:55,MARIA,OVOS PODRES,180,0,0,0,v1-atual
11607,238959,11607 - 238959,120201,2026-07-22 06:36:40,FRANCISCO JAMISON SOUSA DE MIRANDA,AVARIA NA ENTREGA,430,360,0,0,v1-atual
11607,238958,11607 - 238958,900201,2026-07-22 06:39:52,FRANCISCO JAMISON SOUSA DE MIRANDA,AVARIA NA ENTREGA,950,710,0,0,v1-atual
21254,6381,21254 - 6381,570201,2026-07-22 06:42:12,FRANCISCO JAMISON SOUSA DE MIRANDA,AVARIA NA ENTREGA,70,0,0,0,v1-atual
21254,6382,21254 - 6382,600201,2026-07-22 06:42:34,FRANCISCO JAMISON SOUSA DE MIRANDA,AVARIA NA ENTREGA,660,660,0,0,v1-atual
1960,40292,1960 - 40292,660201,2026-07-22 06:50:40,ALYSON SOUSA,OVOS PODRES,120,0,0,0,v1-atual
25357,661,25357 - 661,171201,2026-07-22 06:51:32,CLEANE BRANDAO,AVARIA NO DEPÓSITO,60,0,0,0,v1-atual
25357,662,25357 - 662,180201,2026-07-22 06:52:12,CLEANE BRANDAO,AVARIA NO PDV,40,0,0,0,v1-atual
25357,663,25357 - 663,183201,2026-07-22 06:52:33,CLEANE BRANDAO,AVARIA NO PDV,80,0,0,0,v1-atual
25357,666,25357 - 666,321201,2026-07-22 06:53:02,CLEANE BRANDAO,AVARIA NO PDV,40,0,0,0,v1-atual
25357,667,25357 - 667,333201,2026-07-22 06:53:22,CLEANE BRANDAO,AVARIA NO PDV,40,0,0,0,v1-atual
25357,664,25357 - 664,189201,2026-07-22 06:53:52,CLEANE BRANDAO,AVARIA NO DEPÓSITO,200,200,0,0,v1-atual
12029,108036,12029 - 108036,753201,2026-07-22 06:55:57,CLEANE BRANDAO,AVARIA NO PDV,392,0,60,0,v1-atual
12029,108037,12029 - 108037,768201,2026-07-22 06:56:38,CLEANE BRANDAO,AVARIA NO PDV,190,190,0,0,v1-atual
21155,31422,21155 - 31422,414201,2026-07-22 06:57:29,CLEANE BRANDAO,AVARIA NO PDV,12,0,0,0,v1-atual
21155,31421,21155 - 31421,411201,2026-07-22 06:58:11,CLEANE BRANDAO,AVARIA NO PDV,130,0,0,0,v1-atual
21155,31420,21155 - 31420,402201,2026-07-22 06:58:42,CLEANE BRANDAO,AVARIA NO PDV,100,0,60,0,v1-atual
23590,15348,23590 - 15348,240201,2026-07-22 06:59:23,RENAN DE AZEVEDO OLIVEIRA,AVARIA NO PDV,40,0,60,0,v1-atual
5528,173429,5528 - 173429,660201,2026-07-22 06:59:37,CLEANE BRANDAO,AVARIA NO PDV,0,0,60,0,v1-atual
5528,173425,5528 - 173425,594201,2026-07-22 07:00:05,CLEANE BRANDAO,AVARIA NO PDV,20,0,0,0,v1-atual
5528,173423,5528 - 173423,591201,2026-07-22 07:00:44,CLEANE BRANDAO,AVARIA NO PDV,280,0,0,0,v1-atual
16021,121637,16021 - 121637,216201,2026-07-22 07:00:59,PAULO HENRIQUE,AVARIA NA ENTREGA,1260,660,0,0,v1-atual
23590,15349,23590 - 15349,270201,2026-07-22 07:01:12,RENAN DE AZEVEDO OLIVEIRA,AVARIA NO PDV,110,0,0,0,v1-atual
3415,9725,3415 - 9725,750201,2026-07-22 07:17:21,PAULO ROBERTO FREIRES,FALTA DE PRODUTO,300,300,0,0,v1-atual
14830,17289,14830 - 17289,870201,2026-07-22 07:20:58,PAULO ROBERTO FREIRES,AVARIA NO DEPÓSITO,320,265,30,0,v1-atual
17263,38285,17263 - 38285,369201,2026-07-22 07:31:51,OPERACOES,AVARIA DE VIAGEM,1500,1500,0,0,v1-atual
10533,238230,10533 - 238230,474197,2026-07-22 07:36:25,ISABELLA,AVARIA NO PDV,450,300,0,0,v1-atual
10533,238228,10533 - 238228,465197,2026-07-22 07:37:25,ISABELLA,AVARIA NA ENTREGA,510,430,0,0,v1-atual
10533,238229,10533 - 238229,468197,2026-07-22 07:38:06,ISABELLA,OVOS PODRES,420,150,0,0,v1-atual
10533,238217,10533 - 238217,429197,2026-07-22 07:38:49,ISABELLA,AVARIA NO DEPÓSITO,360,0,0,0,v1-atual
10533,238227,10533 - 238227,462197,2026-07-22 07:39:25,ISABELLA,AVARIA NO PDV,240,120,0,0,v1-atual
17522,87645,17522 - 87645,156201,2026-07-22 07:40:54,EDNELSON MENDONCA DA CRUZ,AVARIA NO PDV,390,0,60,0,v1-atual
10533,238224,10533 - 238224,447197,2026-07-22 07:42:05,ISABELLA,AVARIA NA ENTREGA,320,270,0,0,v1-atual
10533,238223,10533 - 238223,444197,2026-07-22 07:42:24,ISABELLA,AVARIA NO PDV,240,120,0,0,v1-atual
12734,96600,12734 - 96600,459197,2026-07-22 09:07:49,FRANCIS SANTANA,AVARIA NO PDV,170,170,0,0,v1-atual
21914,19433,21914 - 19433,870202,2026-07-22 09:16:32,FELIPE MARQUES,AVARIA NA ENTREGA,120,60,0,0,v1-atual
13953,9332,13953 - 9332,132202,2026-07-22 09:17:04,FELIPE MARQUES,AVARIA NA ENTREGA,300,100,0,0,v1-atual
19826,51618,19826 - 51618,711201,2026-07-22 09:17:45,FELIPE MARQUES,AVARIA NA ENTREGA,360,120,30,0,v1-atual
7071,5976,7071 - 5976,300201,2026-07-22 09:18:22,LETICIA ELLEN COSTA DA SILVA,AVARIA NO DEPÓSITO,380,300,0,0,v1-atual
22055,17480,22055 - 17480,108201,2026-07-22 09:18:47,FELIPE MARQUES,AVARIA NA ENTREGA,250,150,0,0,v1-atual
21816,5284,21816 - 5284,900201,2026-07-22 09:19:27,LETICIA ELLEN COSTA DA SILVA,AVARIA NO DEPÓSITO,920,600,0,0,v1-atual
21816,5290,21816 - 5290,780202,2026-07-22 09:20:14,LETICIA ELLEN COSTA DA SILVA,AVARIA NA ENTREGA,714,400,300,0,v1-atual
19243,107021,19243 - 107021,276202,2026-07-22 09:54:48,FERNANDO,OVOS PODRES,190,0,30,0,v1-atual
20698,53814,20698 - 53814,141202,2026-07-22 09:58:19,OPERACOES,AVARIA DE VIAGEM,676,0,0,0,v1-atual
17264,98106,17264 - 98106,189202,2026-07-22 10:00:40,OPERACOES,AVARIA DE VIAGEM,152,0,0,0,v1-atual
17265,35110,17265 - 35110,174202,2026-07-22 10:01:30,OPERACOES,AVARIA DE VIAGEM,30,0,0,0,v1-atual
12385,213452,12385 - 213452,198201,2026-07-22 10:01:44,WALDERLANEA,AVARIA NO PDV,640,540,180,0,v1-atual
6952,59784,6952 - 59784,204202,2026-07-22 10:13:02,EVANDRO CORREIA,AVARIA NA ENTREGA,280,120,90,0,v1-atual
23710,40930,23710 - 40930,351202,2026-07-22 10:14:55,EVANDRO CORREIA,AVARIA NO PDV,160,130,0,0,v1-atual
23710,40931,23710 - 40931,354202,2026-07-22 10:15:51,EVANDRO CORREIA,AVARIA NO DEPÓSITO,410,391,1890,0,v1-atual
12731,210164,12731 - 210164,519201,2026-07-22 10:22:27,MAIQUES ANTONIO MACHADO,AVARIA NO PDV,20,0,0,0,v1-atual
15550,67220,15550 - 67220,135202,2026-07-22 10:27:25,ALINE MAIARA SILVA,AVARIA NO PDV,50,0,60,0,v1-atual
20530,32439,20530 - 32439,369202,2026-07-22 10:38:27,OPERACOES,AVARIA DE VIAGEM,270,0,0,0,v1-atual
17576,20411,17576 - 20411,165202,2026-07-22 10:38:57,ANDRESSA NEVES,AVARIA NO PDV,160,100,0,0,v1-atual
17576,20410,17576 - 20410,162202,2026-07-22 10:40:30,ANDRESSA NEVES,AVARIA NO PDV,120,110,360,0,v1-atual
17576,20412,17576 - 20412,180202,2026-07-22 10:42:32,ANDRESSA NEVES,AVARIA NA ENTREGA,270,210,0,0,v1-atual
3897,68267,3897 - 68267,240201,2026-07-22 11:02:05,WILKENIA,AVARIA NO PDV,84,0,0,0,v1-atual
8105,55819,8105 - 55819,147202,2026-07-22 11:07:22,ENIO,AVARIA NO DEPÓSITO,70,0,0,0,v1-atual
15545,55956,15545 - 55956,129198,2026-07-22 11:10:49,FRANCINETE VIANA,AVARIA NA ENTREGA,40,0,0,0,v1-atual
15545,55947,15545 - 55947,102198,2026-07-22 11:15:25,FRANCINETE VIANA,AVARIA NA ENTREGA,20,0,0,0,v1-atual
8105,55818,8105 - 55818,144202,2026-07-22 11:17:00,ENIO,AVARIA NO DEPÓSITO,580,560,0,0,v1-atual
15545,55948,15545 - 55948,105198,2026-07-22 11:17:05,FRANCINETE VIANA,AVARIA NA ENTREGA,10,0,0,0,v1-atual
23753,31951,23753 - 31951,684201,2026-07-22 11:20:43,WESLEY MEDEIROS,AVARIA NO DEPÓSITO,900,540,330,0,v1-atual
23753,31953,23753 - 31953,687201,2026-07-22 11:21:03,WESLEY MEDEIROS,AVARIA NO DEPÓSITO,100,0,0,0,v1-atual
15545,55949,15545 - 55949,108198,2026-07-22 11:29:13,FRANCINETE VIANA,AVARIA NA ENTREGA,20,0,0,0,v1-atual
20530,32427,20530 - 32427,183202,2026-07-22 11:29:46,JOSE CLAUDIO,AVARIA NA ENTREGA,1672,1080,630,0,v1-atual
15545,55950,15545 - 55950,111198,2026-07-22 11:30:13,FRANCINETE VIANA,AVARIA NA ENTREGA,0,0,30,0,v1-atual
15545,55951,15545 - 55951,114198,2026-07-22 11:32:23,FRANCINETE VIANA,AVARIA NA ENTREGA,0,0,60,0,v1-atual
15545,55952,15545 - 55952,117198,2026-07-22 11:33:14,FRANCINETE VIANA,AVARIA NA ENTREGA,20,0,0,0,v1-atual
15545,55953,15545 - 55953,120198,2026-07-22 11:38:13,FRANCINETE VIANA,AVARIA NA ENTREGA,60,0,0,0,v1-atual
15545,55954,15545 - 55954,123198,2026-07-22 11:38:53,FRANCINETE VIANA,AVARIA NA ENTREGA,40,0,0,0,v1-atual
10650,361681,10650 - 361681,750202,2026-07-22 11:43:27,FRANCISCO DANIZETE MACIEL DE SOUSA,AVARIA NA ENTREGA,660,280,570,0,v1-atual
15545,55955,15545 - 55955,126198,2026-07-22 11:44:03,FRANCINETE VIANA,AVARIA NO DEPÓSITO,100,0,0,0,v1-atual
15591,49997,15591 - 49997,132201,2026-07-22 11:53:41,JOÃO MARCOS,AVARIA NA ENTREGA,162,100,0,0,v1-atual
2088,44925,2088 - 44925,300201,2026-07-22 12:21:24,MATHEUS LAURENTINO,OVOS VENCIDOS,120,0,0,0,v1-atual
14931,11879,14931 - 11879,810202,2026-07-22 12:23:08,MATHEUS LAURENTINO,AVARIA NO DEPÓSITO,160,0,0,0,v1-atual
20297,84897,20297 - 84897,600202,2026-07-22 12:24:14,MATHEUS LAURENTINO,AVARIA NO DEPÓSITO,640,240,0,0,v1-atual
11012,26931,11012 - 26931,420201,2026-07-22 12:33:40,FRANCISCO DANIZETE MACIEL DE SOUSA,OVOS VENCIDOS,190,190,0,0,v1-atual
11012,26932,11012 - 26932,450201,2026-07-22 12:34:25,FRANCISCO DANIZETE MACIEL DE SOUSA,AVARIA NA ENTREGA,320,240,0,0,v1-atual
12026,52727,12026 - 52727,420202,2026-07-22 12:54:18,RENAN DE AZEVEDO OLIVEIRA,AVARIA NA ENTREGA,560,346,0,0,v1-atual
1138,77851,1138 - 77851,480201,2026-07-22 13:00:31,JOSÉ JULIANO RODRIGUES,AVARIA DE VIAGEM,210,0,0,0,v1-atual
4817,107633,4817 - 107633,210199,2026-07-22 13:02:01,JOSÉ JULIANO RODRIGUES,AVARIA NA ENTREGA,666,300,0,0,v1-atual
24418,374,24418 - 374,213188,2026-07-22 13:21:20,FABIO SOUSA,AVARIA NA ENTREGA,180,180,0,0,v1-atual
12560,260624,12560 - 260624,360202,2026-07-22 14:33:08,RAYLLA SOUSA SANTOS,AVARIA NO PDV,40,40,0,0,v1-atual
19825,64723,19825 - 64723,114202,2026-07-22 14:33:39,JARDEL ARAUJO,AVARIA NA ENTREGA,450,0,30,0,v1-atual
22648,39133,22648 - 39133,225202,2026-07-22 14:34:54,ANDERSON BARBOSA,OVOS PODRES,430,0,300,0,v1-atual
22648,39128,22648 - 39128,186202,2026-07-22 14:35:44,ANDERSON BARBOSA,OVOS PODRES,410,0,300,0,v1-atual
24391,4827,24391 - 4827,"5,52149E+15",2026-07-22 14:48:36,RUBENS ESCOCIO,AVARIA NA ENTREGA,392,273,60,0,v1-atual
4486,23860,4486 - 23860,204198,2026-07-22 15:29:28,RODRIGO,AVARIA DE VIAGEM,830,0,30,0,v1-atual
4487,251677,4487 - 251677,282198,2026-07-22 15:32:23,RODRIGO,AVARIA DE VIAGEM,150,150,0,0,v1-atual
20370,168327,20370 - 168327,633201,2026-07-22 15:47:51,AFONSO,AVARIA NA ENTREGA,760,0,60,0,v1-atual
21547,13451,21547 - 13451,300202,2026-07-22 15:49:05,JOSE CLAUDIO,AVARIA NO DEPÓSITO,550,440,60,0,v1-atual
12028,137914,12028 - 137914,363201,2026-07-22 16:14:05,DANIELE,AVARIA NO PDV,500,500,0,0,v1-atual
12028,137912,12028 - 137912,342201,2026-07-22 16:14:24,DANIELE,AVARIA NO PDV,360,0,30,0,v1-atual
12028,137913,12028 - 137913,357201,2026-07-22 16:14:50,DANIELE,AVARIA NO PDV,40,0,0,0,v1-atual
1304,23896,1304 - 23896,708201,2026-07-22 16:15:30,DANIELE,AVARIA NO PDV,240,0,30,0,v1-atual
18495,5408,18495 - 5408,783201,2026-07-22 16:16:16,DANIELE,AVARIA NO PDV,120,0,60,0,v1-atual
18495,5409,18495 - 5409,786201,2026-07-22 16:17:59,DANIELE,AVARIA NA ENTREGA,170,0,0,0,v1-atual
16296,84770,16296 - 84770,258201,2026-07-22 16:23:40,CAMILA LORENA,AVARIA NO PDV,220,124,240,0,v1-atual
12030,176386,12030 - 176386,555201,2026-07-22 16:25:47,DANIELE,AVARIA NO PDV,400,400,0,0,v1-atual
12030,176388,12030 - 176388,558201,2026-07-22 16:26:15,DANIELE,AVARIA NO PDV,200,200,0,0,v1-atual
12030,176391,12030 - 176391,585201,2026-07-22 16:26:35,DANIELE,AVARIA NO PDV,40,0,0,0,v1-atual
12030,176389,12030 - 176389,579201,2026-07-22 16:27:01,DANIELE,AVARIA NO PDV,150,0,60,0,v1-atual
12030,176390,12030 - 176390,582201,2026-07-22 16:27:22,DANIELE,AVARIA NO PDV,120,0,0,0,v1-atual
12030,176394,12030 - 176394,612201,2026-07-22 16:27:44,DANIELE,AVARIA NO PDV,50,0,0,0,v1-atual
12030,176392,12030 - 176392,603201,2026-07-22 16:28:49,DANIELE,AVARIA NO PDV,100,0,0,0,v1-atual
664,35725,664 - 35725,117201,2026-07-22 17:11:25,RENAN,AVARIA NO PDV,316,0,0,0,v1-atual
14545,154755,14545 - 154755,252201,2026-07-22 17:14:01,FABIANE RODRIGUES,AVARIA NO PDV,24,0,0,0,v1-atual
14545,154754,14545 - 154754,225201,2026-07-22 17:16:42,FABIANE RODRIGUES,OVOS PODRES,220,130,30,0,v1-atual
23342,4658,23342 - 4658,666201,2026-07-22 17:19:27,BRUNO AUGUSTO COSTA DE CARVALHO,AVARIA DE VIAGEM,240,0,0,0,v1-atual
25118,2579,25118 - 2579,339202,2026-07-22 17:33:47,LUHHE COSTA DA COSTA,AVARIA NO PDV,920,900,0,0,v1-atual
4493,65785,4493 - 65785,294202,2026-07-22 17:34:54,LUHHE COSTA DA COSTA,AVARIA NO PDV,560,470,120,90,v1-atual
7640,22405,7640 - 22405,900202,2026-07-22 17:37:22,LUHHE COSTA DA COSTA,AVARIA NO PDV,210,200,0,0,v1-atual
21555,17048,21555 - 17048,663201,2026-07-22 17:39:10,LUHHE COSTA DA COSTA,AVARIA NO PDV,260,0,240,0,v1-atual
25137,2017,25137 - 2017,576201,2026-07-22 18:25:46,JOÃO MARCOS,AVARIA NA ENTREGA,284,271,60,0,v1-atual
1281,470319,1281 - 470319,669201,2026-07-22 19:10:13,VILMENIA,AVARIA NA ENTREGA,64,60,90,0,v1-atual
22119,59724,22119 - 59724,435201,2026-07-22 19:13:20,VILMENIA,AVARIA NA ENTREGA,136,100,0,0,v1-atual
22119,59727,22119 - 59727,453201,2026-07-22 19:15:04,VILMENIA,AVARIA NA ENTREGA,152,100,0,0,v1-atual
21498,62313,21498 - 62313,195201,2026-07-22 19:43:25,TIAGO ARAGÃO DE JESUS,AVARIA NA ENTREGA,1130,0,120,0,v1-atual
12789,92203,12789 - 92203,192201,2026-07-22 21:00:36,BRENDO SILVA,AVARIA NA ENTREGA,700,0,0,0,v1-atual
12789,92190,12789 - 92190,840199,2026-07-22 21:00:45,BRENDO SILVA,AVARIA NO PDV,150,0,0,0,v1-atual
12789,92184,12789 - 92184,750199,2026-07-22 21:00:51,BRENDO SILVA,AVARIA NO PDV,110,0,0,0,v1-atual
12789,92138,12789 - 92138,210197,2026-07-22 21:00:59,BRENDO SILVA,AVARIA NA ENTREGA,250,0,0,0,v1-atual
12789,92139,12789 - 92139,213197,2026-07-22 21:01:06,BRENDO SILVA,AVARIA NA ENTREGA,360,0,0,0,v1-atual
8291,244526,8291 - 244526,318202,2026-07-22 21:01:22,BRENDO SILVA,AVARIA NO PDV,80,0,0,0,v1-atual
22025,43138,22025 - 43138,207201,2026-07-22 21:01:45,BRENDO SILVA,AVARIA NO DEPÓSITO,480,0,0,0,v1-atual
20451,67997,20451 - 67997,288202,2026-07-22 21:01:55,BRENDO SILVA,AVARIA NA ENTREGA,360,0,0,0,v1-atual
21297,45596,21297 - 45596,192202,2026-07-22 21:02:59,BRENDO SILVA,AVARIA NA ENTREGA,260,200,0,0,v1-atual
21297,45597,21297 - 45597,195202,2026-07-22 21:03:19,BRENDO SILVA,AVARIA NA ENTREGA,160,0,480,0,v1-atual
21299,42126,21299 - 42126,312202,2026-07-22 21:03:32,BRENDO SILVA,AVARIA NO DEPÓSITO,730,0,420,0,v1-atual
22299,24139,22299 - 24139,420197,2026-07-22 21:03:49,BRENDO SILVA,AVARIA NO DEPÓSITO,1280,0,420,0,v1-atual
22299,24142,22299 - 24142,423197,2026-07-22 21:03:56,BRENDO SILVA,AVARIA NO PDV,260,0,0,0,v1-atual
22299,24165,22299 - 24165,372198,2026-07-22 21:04:13,BRENDO SILVA,AVARIA NO DEPÓSITO,360,0,90,0,v1-atual
22299,24166,22299 - 24166,375198,2026-07-22 21:04:20,BRENDO SILVA,AVARIA NO PDV,180,0,0,0,v1-atual
25116,148218,25116 - 148218,378201,2026-07-22 21:43:53,JOÃO VITOR DE ALCANTARA FURTADO,OVOS PODRES,2040,0,0,0,v1-atual
25116,148219,25116 - 148219,387201,2026-07-22 21:44:04,JOÃO VITOR DE ALCANTARA FURTADO,OVOS PODRES,600,0,0,0,v1-atual
25116,148220,25116 - 148220,393201,2026-07-22 21:44:13,JOÃO VITOR DE ALCANTARA FURTADO,OVOS PODRES,630,0,0,0,v1-atual
4488,159074,4488 - 159074,102202,2026-07-22 21:44:28,JOÃO VITOR DE ALCANTARA FURTADO,AVARIA NO PDV,185,0,0,0,v1-atual
22912,8559,22912 - 8559,432201,2026-07-22 22:26:34,GUILHERME,AVARIA NO PDV,60,60,0,0,v1-atual
22912,8560,22912 - 8560,438201,2026-07-22 22:27:47,GUILHERME,AVARIA NO PDV,20,0,0,0,v1-atual
22912,8561,22912 - 8561,447201,2026-07-22 22:29:02,GUILHERME,AVARIA NO PDV,78,0,0,0,v1-atual
5008,101617,5008 - 101617,330201,2026-07-22 22:31:38,GUILHERME,OVOS PODRES,120,120,0,0,v1-atual
5008,101619,5008 - 101619,348201,2026-07-22 22:32:34,GUILHERME,AVARIA NA ENTREGA,150,150,0,0,v1-atual
5008,101620,5008 - 101620,354201,2026-07-22 22:34:04,GUILHERME,AVARIA NO PDV,42,0,30,0,v1-atual
5008,101621,5008 - 101621,360201,2026-07-22 22:34:48,GUILHERME,AVARIA NO PDV,40,0,0,0,v1-atual
1302,20049,1302 - 20049,252202,2026-07-22 22:36:01,GUILHERME,OVOS PODRES,70,60,0,0,v1-atual
1280,133910,1280 - 133910,450201,2026-07-22 22:37:15,GUILHERME,AVARIA NA ENTREGA,60,60,0,0,v1-atual
1280,133911,1280 - 133911,462201,2026-07-22 22:37:54,GUILHERME,AVARIA NA ENTREGA,60,0,0,0,v1-atual
1280,133912,1280 - 133912,486201,2026-07-22 22:38:30,GUILHERME,AVARIA NO PDV,62,0,0,0,v1-atual
23488,59830,23488 - 59830,363202,2026-07-23 06:14:58,KLEVERTON FRAGOSO,AVARIA NO DEPÓSITO,900,0,150,0,v1-atual
17265,35120,17265 - 35120,"1,58671E+19",2026-07-23 06:21:36,KLEVERTON FRAGOSO,AVARIA NO DEPÓSITO,410,330,0,0,v1-atual
12553,108667,12553 - 108667,468201,2026-07-23 06:27:20,PAULO FERNANDO SILVA,AVARIA NO PDV,40,40,0,0,v1-atual
12553,108666,12553 - 108666,471201,2026-07-23 06:27:56,PAULO FERNANDO SILVA,AVARIA NO PDV,40,0,30,0,v1-atual
15738,77075,15738 - 77075,141201,2026-07-23 06:28:55,PAULO FERNANDO SILVA,AVARIA NO PDV,32,0,60,0,v1-atual
15738,77073,15738 - 77073,138201,2026-07-23 06:33:41,PAULO FERNANDO SILVA,AVARIA NO PDV,336,326,0,0,v1-atual
21875,130893,21875 - 130893,246202,2026-07-23 06:35:42,EDUARDO ALEXANDRE,OVOS PODRES,350,0,90,0,v1-atual
23754,84590,23754 - 84590,345202,2026-07-23 06:52:04,WESLEY MEDEIROS,AVARIA NO DEPÓSITO,100,0,0,0,v1-atual
20114,37936,20114 - 37936,483201,2026-07-23 06:52:17,PAULO FERNANDO SILVA,OVOS VENCIDOS,80,0,0,0,v1-atual
19235,54155,19235 - 54155,126202,2026-07-23 06:56:29,EDSON ALVES DA COSTA,AVARIA NO DEPÓSITO,300,0,0,0,v1-atual
2585,1081105,2585 - 1081105,231202,2026-07-23 06:57:45,EDSON ALVES DA COSTA,AVARIA NO DEPÓSITO,40,0,1740,0,v1-atual
2585,1081104,2585 - 1081104,228202,2026-07-23 06:59:05,EDSON ALVES DA COSTA,AVARIA NA ENTREGA,20,0,0,0,v1-atual
21377,133978,21377 - 133978,777201,2026-07-23 07:19:38,PAULO NOVAES,OVOS PODRES,528,300,90,0,v1-atual
15748,168041,15748 - 168041,726201,2026-07-23 07:21:08,PAULO NOVAES,OVOS PODRES,240,0,0,0,v1-atual
15748,168047,15748 - 168047,762201,2026-07-23 07:21:21,PAULO NOVAES,OVOS PODRES,20,0,0,0,v1-atual
15748,168043,15748 - 168043,741201,2026-07-23 07:21:34,PAULO NOVAES,OVOS PODRES,30,0,30,0,v1-atual
15748,168045,15748 - 168045,747201,2026-07-23 07:21:49,PAULO NOVAES,OVOS PODRES,120,0,0,0,v1-atual
21417,46982,21417 - 46982,222197,2026-07-23 07:31:55,THIAGO DA SILVA,AVARIA NO PDV,450,450,0,0,v1-atual
21531,101148,21531 - 101148,660202,2026-07-23 07:39:39,FRANCISCO ALEXANDRE,AVARIA NA ENTREGA,20,0,0,0,v1-atual
21531,101147,21531 - 101147,630202,2026-07-23 07:40:19,FRANCISCO ALEXANDRE,AVARIA NA ENTREGA,940,630,0,0,v1-atual
18354,6504,18354 - 6504,426201,2026-07-23 07:40:37,IVANA PATRICIA,AVARIA NO DEPÓSITO,1540,0,0,0,v1-atual
23484,38963,23484 - 38963,510202,2026-07-23 07:41:29,FRANCISCO ALEXANDRE,AVARIA NA ENTREGA,200,200,0,0,v1-atual
23484,38956,23484 - 38956,360202,2026-07-23 07:42:19,FRANCISCO ALEXANDRE,AVARIA NA ENTREGA,150,100,0,0,v1-atual
23754,84591,23754 - 84591,348202,2026-07-23 07:43:10,WESLEY MEDEIROS,AVARIA NO DEPÓSITO,500,300,180,0,v1-atual
23484,38955,23484 - 38955,330202,2026-07-23 07:43:49,FRANCISCO ALEXANDRE,AVARIA NA ENTREGA,142,142,0,0,v1-atual
12730,225879,12730 - 225879,327202,2026-07-23 07:45:35,ELAINA DE OLIVEIRA,AVARIA NA ENTREGA,900,0,0,0,v1-atual
1142,83259,1142 - 83259,480202,2026-07-23 07:48:43,ELIABE LIMA MOURA,AVARIA NA ENTREGA,90,90,120,0,v1-atual
1094,70975,1094 - 70975,900202,2026-07-23 07:56:29,GEISSON BRENER DA SILVA GOMES,AVARIA NO DEPÓSITO,560,278,30,0,v1-atual
23560,777242,23560 - 777242,237202,2026-07-23 08:06:56,JORGE TELES,AVARIA NO DEPÓSITO,750,0,60,0,v1-atual
1139,74555,1139 - 74555,330202,2026-07-23 08:47:15,CD JUAZEIRO,AVARIA DE VIAGEM,0,0,720,720,v1-atual
8205,61875,8205 - 61875,234202,2026-07-23 08:48:04,CD JUAZEIRO,AVARIA DE VIAGEM,840,840,0,0,v1-atual
4519,63138,4519 - 63138,105202,2026-07-23 08:48:15,MAURICIO PINHEIRO MIRANDA,OVOS VENCIDOS,116,56,60,0,v1-atual
4491,56220,4491 - 56220,267202,2026-07-23 08:50:05,MAURICIO PINHEIRO MIRANDA,AVARIA NO PDV,220,180,0,0,v1-atual
4486,23873,4486 - 23873,642201,2026-07-23 08:52:26,MAURICIO PINHEIRO MIRANDA,AVARIA NO PDV,190,175,0,0,v1-atual
1303,19683,1303 - 19683,306202,2026-07-23 09:13:12,CLEANE BRANDAO,AVARIA NO PDV,50,0,0,0,v1-atual
17263,38336,17263 - 38336,"3,96142E+15",2026-07-23 09:13:52,RUBENS ESCOCIO,AVARIA NO DEPÓSITO,622,557,0,0,v1-atual
1303,19681,1303 - 19681,291202,2026-07-23 09:13:53,CLEANE BRANDAO,AVARIA NA ENTREGA,80,0,0,0,v1-atual
1303,19680,1303 - 19680,279202,2026-07-23 09:14:24,CLEANE BRANDAO,AVARIA NO PDV,90,0,0,0,v1-atual
13950,35014,13950 - 35014,720202,2026-07-23 09:55:20,JOSÉ JULIANO RODRIGUES,AVARIA NO DEPÓSITO,470,470,30,0,v1-atual
12730,225845,12730 - 225845,420201,2026-07-23 10:03:10,ELAINA DE OLIVEIRA,AVARIA NO DEPÓSITO,2740,2740,0,0,v1-atual
17473,41329,17473 - 41329,600201,2026-07-23 10:06:00,JOSÉ JULIANO RODRIGUES,AVARIA NO DEPÓSITO,4860,4860,30,0,v1-atual
18994,11531,18994 - 11531,180203,2026-07-23 10:07:10,JOSÉ JULIANO RODRIGUES,OVOS VENCIDOS,470,421,0,0,v1-atual
20546,132113,20546 - 132113,330201,2026-07-23 10:12:20,KILDERLAN,AVARIA NA ENTREGA,2290,2290,0,0,v1-atual
20546,132114,20546 - 132114,360201,2026-07-23 10:12:50,KILDERLAN,AVARIA NA ENTREGA,1370,1370,0,0,v1-atual
20546,132115,20546 - 132115,390201,2026-07-23 10:13:19,KILDERLAN,AVARIA NA ENTREGA,60,0,0,0,v1-atual
20546,132339,20546 - 132339,210203,2026-07-23 10:13:56,KILDERLAN,AVARIA NA ENTREGA,240,240,0,0,v1-atual
20546,132240,20546 - 132240,540202,2026-07-23 10:14:23,KILDERLAN,AVARIA NA ENTREGA,60,0,0,0,v1-atual
20546,132241,20546 - 132241,570202,2026-07-23 10:15:09,KILDERLAN,AVARIA NA ENTREGA,240,240,0,0,v1-atual
11605,176574,11605 - 176574,930203,2026-07-23 10:15:19,RENAN DE AZEVEDO OLIVEIRA,AVARIA NA ENTREGA,400,200,0,0,v1-atual
11605,176572,11605 - 176572,870203,2026-07-23 10:15:38,RENAN DE AZEVEDO OLIVEIRA,AVARIA NA ENTREGA,420,200,0,0,v1-atual
15550,67269,15550 - 67269,183203,2026-07-23 10:15:43,ALINE MAIARA SILVA,AVARIA NO PDV,1930,0,0,0,v1-atual
15550,67270,15550 - 67270,186203,2026-07-23 10:16:43,ALINE MAIARA SILVA,OVOS VENCIDOS,2510,0,750,0,v1-atual
11605,176573,11605 - 176573,900203,2026-07-23 10:17:31,RENAN DE AZEVEDO OLIVEIRA,AVARIA NA ENTREGA,1220,700,0,0,v1-atual
20699,73964,20699 - 73964,222203,2026-07-23 10:29:27,OPERACOES,AVARIA DE VIAGEM,600,0,0,0,v1-atual
11608,181419,11608 - 181419,105203,2026-07-23 10:38:34,GENESE PINHEIRO ALEXANDRE,AVARIA NA ENTREGA,60,60,0,0,v1-atual
11608,181418,11608 - 181418,102203,2026-07-23 10:39:19,GENESE PINHEIRO ALEXANDRE,AVARIA NA ENTREGA,940,940,0,0,v1-atual
22946,77273,22946 - 77273,750203,2026-07-23 10:40:40,GENESE PINHEIRO ALEXANDRE,AVARIA NA ENTREGA,450,450,0,0,v1-atual
22946,77272,22946 - 77272,720203,2026-07-23 10:41:06,GENESE PINHEIRO ALEXANDRE,AVARIA NA ENTREGA,850,800,0,0,v1-atual
21983,106491,21983 - 106491,360203,2026-07-23 10:42:02,GENESE PINHEIRO ALEXANDRE,AVARIA NA ENTREGA,898,757,210,0,v1-atual
20114,37941,20114 - 37941,504201,2026-07-23 10:42:21,PAULO FERNANDO SILVA,AVARIA NO PDV,30,30,0,0,v1-atual
5346,369871,5346 - 369871,366201,2026-07-23 10:50:29,RENAN,AVARIA NO PDV,162,0,0,0,v1-atual
1079,114726,1079 - 114726,138202,2026-07-23 10:51:26,RENAN,AVARIA NO PDV,204,0,150,0,v1-atual
7736,344589,7736 - 344589,123202,2026-07-23 10:53:50,RENAN,AVARIA NO PDV,246,0,0,0,v1-atual
8480,343546,8480 - 343546,810203,2026-07-23 10:54:45,CAMILA LIMA,AVARIA NO DEPÓSITO,60,30,1170,0,v1-atual
8480,343545,8480 - 343545,780203,2026-07-23 10:56:15,CAMILA LIMA,AVARIA NO PDV,480,441,0,0,v1-atual
23485,49870,23485 - 49870,390203,2026-07-23 11:01:49,JOAQUIM BORGES DA SILVA NETO,AVARIA NO DEPÓSITO,1220,480,240,0,v1-atual
23485,49871,23485 - 49871,420203,2026-07-23 11:02:09,JOAQUIM BORGES DA SILVA NETO,AVARIA NO DEPÓSITO,12,0,0,0,v1-atual
21003,21576,21003 - 21576,135203,2026-07-23 11:05:00,PEDRO HENRIQUE TEIXEIRA DE SOUZA,AVARIA NA ENTREGA,620,0,0,0,v1-atual
12466,172172,12466 - 172172,198202,2026-07-23 11:06:01,RENAN,AVARIA NO PDV,100,0,0,0,v1-atual
21003,21580,21003 - 21580,252203,2026-07-23 11:06:10,PEDRO HENRIQUE TEIXEIRA DE SOUZA,AVARIA NA ENTREGA,200,0,0,0,v1-atual
4242,81709,4242 - 81709,900203,2026-07-23 11:14:07,CHARLES SANTOS GON,AVARIA NA ENTREGA,350,290,0,0,v1-atual
20439,10188,20439 - 10188,150203,2026-07-23 11:14:47,CHARLES SANTOS GON,AVARIA NA ENTREGA,490,388,0,0,v1-atual
12466,172173,12466 - 172173,201202,2026-07-23 11:14:50,RENAN,AVARIA NO PDV,1780,1,0,0,v1-atual
12466,172174,12466 - 172174,213202,2026-07-23 11:15:19,RENAN,OVOS PODRES,1200,0,0,0,v1-atual
21297,45612,21297 - 45612,123203,2026-07-23 11:16:43,BRENDO SILVA,AVARIA NO PDV,200,200,0,0,v1-atual
19495,311343,19495 - 311343,210202,2026-07-23 11:19:42,RENAN,AVARIA NO PDV,36,0,0,0,v1-atual
22182,8016,22182 - 8016,150202,2026-07-23 11:33:15,WILLIAN DIAS DOS SANTOS,OVOS PODRES,352,0,60,0,v1-atual
2190,94831,2190 - 94831,129203,2026-07-23 11:33:49,WILLIAN DIAS DOS SANTOS,OVOS PODRES,350,0,0,0,v1-atual
22896,6836,22896 - 6836,210203,2026-07-23 11:37:40,RICARDO DE BRITO MAIA,AVARIA NO PDV,392,0,720,0,v1-atual
12618,201215,12618 - 201215,990202,2026-07-23 11:37:59,RICARDO DE BRITO MAIA,AVARIA NO PDV,222,0,0,0,v1-atual
12617,55634,12617 - 55634,162203,2026-07-23 11:38:17,RICARDO DE BRITO MAIA,AVARIA NO PDV,310,0,0,0,v1-atual
3084,83604,3084 - 83604,300202,2026-07-23 11:53:45,PAULO ROBERTO FREIRES,AVARIA NO DEPÓSITO,350,265,0,0,v1-atual
8002,75831,8002 - 75831,120203,2026-07-23 11:55:19,PAULO ROBERTO FREIRES,AVARIA NO DEPÓSITO,200,115,0,0,v1-atual
14830,17295,14830 - 17295,330203,2026-07-23 12:03:05,PAULO ROBERTO FREIRES,AVARIA NA ENTREGA,180,150,0,0,v1-atual
15697,155535,15697 - 155535,120203,2026-07-23 12:56:53,DOUGLAS CARVALHO,AVARIA NO DEPÓSITO,440,330,0,0,v1-atual
13777,71770,13777 - 71770,228203,2026-07-23 13:02:10,FERNANDO,OVOS PODRES,56,0,0,0,v1-atual
13777,71769,13777 - 71769,225203,2026-07-23 13:02:24,FERNANDO,OVOS PODRES,52,0,60,0,v1-atual
1961,44193,1961 - 44193,300203,2026-07-23 13:22:32,CAIO GABRIEL DA SILVA ROCHA,AVARIA NO PDV,1160,0,0,0,v1-atual
14400,219606,14400 - 219606,120196,2026-07-23 13:33:33,DISTRIBUIÇÃO,AVARIA NA ENTREGA,200,200,0,0,v1-atual
23836,9147,23836 - 9147,246203,2026-07-23 13:37:25,MATEUS FIGUEIREDO FERREIRA,PROXIMO AO VENCIMENTO,660,370,0,0,v1-atual
12419,40999,12419 - 40999,297202,2026-07-23 13:38:55,MATEUS FIGUEIREDO FERREIRA,AVARIA NO DEPÓSITO,576,300,0,0,v1-atual
15500,489682,15500 - 489682,438190,2026-07-23 13:39:23,DISTRIBUIÇÃO,AVARIA NA ENTREGA,300,300,0,0,v1-atual
23042,4756,23042 - 4756,174203,2026-07-23 13:40:20,LEIS LEAL DOS SANTOS,AVARIA NA ENTREGA,175,143,0,0,v1-atual
8234,180261,8234 - 180261,336202,2026-07-23 13:40:35,MATEUS FIGUEIREDO FERREIRA,AVARIA NO DEPÓSITO,750,500,150,0,v1-atual
4484,25765,4484 - 25765,366202,2026-07-23 13:43:00,LEIS LEAL DOS SANTOS,AVARIA NA ENTREGA,463,411,90,0,v1-atual
8233,34783,8233 - 34783,153202,2026-07-23 13:43:09,MATEUS FIGUEIREDO FERREIRA,AVARIA NO DEPÓSITO,180,100,0,0,v1-atual
12560,260683,12560 - 260683,312203,2026-07-23 13:43:25,RAYLLA SOUSA SANTOS,AVARIA NO PDV,54,0,0,0,v1-atual
4490,58038,4490 - 58038,930202,2026-07-23 13:44:00,MATEUS FIGUEIREDO FERREIRA,AVARIA NO DEPÓSITO,125,100,0,0,v1-atual
12560,260684,12560 - 260684,315203,2026-07-23 13:44:35,RAYLLA SOUSA SANTOS,AVARIA NO PDV,20,0,0,0,v1-atual
4489,50015,4489 - 50015,264203,2026-07-23 13:44:51,LEIS LEAL DOS SANTOS,AVARIA NA ENTREGA,80,70,0,0,v1-atual
25886,13774,25886 - 13774,510192,2026-07-23 13:45:45,DISTRIBUIÇÃO,FALTA DE PRODUTO,150,0,0,0,v1-atual
12560,260686,12560 - 260686,318203,2026-07-23 13:46:00,RAYLLA SOUSA SANTOS,AVARIA NO PDV,30,0,0,0,v1-atual
4489,50014,4489 - 50014,261203,2026-07-23 13:47:10,LEIS LEAL DOS SANTOS,AVARIA NA ENTREGA,165,165,0,0,v1-atual
3811,537961,3811 - 537961,417201,2026-07-23 14:01:46,CD JUAZEIRO,AVARIA DE VIAGEM,330,330,570,570,v1-atual
1145,100215,1145 - 100215,600202,2026-07-23 14:09:12,ALYSON SOUSA,OVOS PODRES,180,0,0,0,v1-atual
2291,27206,2291 - 27206,210202,2026-07-23 14:09:35,ALYSON SOUSA,OVOS PODRES,70,0,0,0,v1-atual
15683,5653,15683 - 5653,240202,2026-07-23 14:09:49,ALYSON SOUSA,OVOS PODRES,90,0,0,0,v1-atual
25155,7086,25155 - 7086,840202,2026-07-23 14:12:13,ALYSON SOUSA,AVARIA NA ENTREGA,260,220,0,0,v1-atual
19240,21396,19240 - 21396,114194,2026-07-23 14:14:51,FABIO JOSE MOURA VASCONCELOS,AVARIA NA ENTREGA,300,0,0,0,v1-atual
12599,31431,12599 - 31431,120202,2026-07-23 14:18:39,EVELINE DE SOUSA,AVARIA NO PDV,190,0,0,0,v1-atual
3944,78498,3944 - 78498,321202,2026-07-23 14:22:05,EVELINE DE SOUSA,AVARIA NO PDV,102,102,0,0,v1-atual
3944,78499,3944 - 78499,324202,2026-07-23 14:22:22,EVELINE DE SOUSA,AVARIA NO PDV,152,0,0,0,v1-atual
20029,184900,20029 - 184900,144203,2026-07-23 14:24:30,EVELINE DE SOUSA,AVARIA NO PDV,112,0,0,0,v1-atual
12560,260539,12560 - 260539,315201,2026-07-23 14:26:45,FLÁVIO,AVARIA DE VIAGEM,1470,1350,0,0,v1-atual
2614,234570,2614 - 234570,129202,2026-07-23 14:27:04,EVELINE DE SOUSA,AVARIA NO PDV,230,0,0,0,v1-atual
12560,260540,12560 - 260540,312201,2026-07-23 14:27:55,FLÁVIO,AVARIA DE VIAGEM,1200,1000,0,0,v1-atual
25615,358,25615 - 358,198198,2026-07-23 14:41:15,JOICINARA,AVARIA NA ENTREGA,100,0,0,0,v1-atual
25615,359,25615 - 359,207198,2026-07-23 14:42:00,JOICINARA,AVARIA NA ENTREGA,40,0,0,0,v1-atual
25615,379,25615 - 379,219201,2026-07-23 14:42:45,JOICINARA,AVARIA NA ENTREGA,170,0,0,0,v1-atual
25615,381,25615 - 381,222201,2026-07-23 14:43:04,JOICINARA,AVARIA NA ENTREGA,380,380,0,0,v1-atual
6566,94124,6566 - 94124,315202,2026-07-23 15:19:42,FERNANDO GALDINO,AVARIA NO PDV,210,0,0,0,v1-atual
23682,26616,23682 - 26616,231201,2026-07-23 15:34:12,MÉRCIO,AVARIA NO DEPÓSITO,160,0,0,0,v1-atual
17266,25510,17266 - 25510,"7,73605E+19",2026-07-23 15:35:08,JOSE CLAUDIO,AVARIA NO DEPÓSITO,304,210,0,0,v1-atual
23682,26617,23682 - 26617,234201,2026-07-23 15:38:13,MÉRCIO,AVARIA NO DEPÓSITO,240,0,0,0,v1-atual
20402,83327,20402 - 83327,390197,2026-07-23 15:39:01,DISTRIBUIÇÃO,AVARIA NA ENTREGA,20,20,420,420,v1-atual
11410,22587,11410 - 22587,324201,2026-07-23 15:40:58,ROBSON LIMA DOS SANTOS,AVARIA NA ENTREGA,630,310,60,0,v1-atual
22648,39058,22648 - 39058,780199,2026-07-23 15:41:14,DISTRIBUIÇÃO,FALTA DE PRODUTO,240,0,0,0,v1-atual
11602,247722,11602 - 247722,243202,2026-07-23 15:42:19,ROBSON LIMA DOS SANTOS,AVARIA NA ENTREGA,1190,889,0,0,v1-atual
21793,1682,21793 - 1682,300200,2026-07-23 15:43:47,ROBSON LIMA DOS SANTOS,AVARIA NA ENTREGA,100,90,60,0,v1-atual
23096,14278,23096 - 14278,171202,2026-07-23 15:44:46,ROBSON LIMA DOS SANTOS,AVARIA NA ENTREGA,450,360,0,0,v1-atual
5950,681803,5950 - 681803,258198,2026-07-23 16:24:21,HIVANILDO,AVARIA NO DEPÓSITO,360,0,0,0,v1-atual
5950,681814,5950 - 681814,294198,2026-07-23 16:26:02,HIVANILDO,AVARIA NO DEPÓSITO,0,0,630,0,v1-atual
5950,681815,5950 - 681815,303198,2026-07-23 16:29:24,HIVANILDO,AVARIA NO DEPÓSITO,120,0,0,0,v1-atual
16022,459420,16022 - 459420,213203,2026-07-23 16:31:28,BRENDO,AVARIA NO DEPÓSITO,1640,0,4800,0,v1-atual
25136,2024,25136 - 2024,240203,2026-07-23 16:37:24,SAOUSA RENATO,AVARIA NO DEPÓSITO,60,0,0,0,v1-atual
25136,2023,25136 - 2023,237203,2026-07-23 16:39:24,SAOUSA RENATO,AVARIA NO DEPÓSITO,260,0,0,0,v1-atual
17030,127844,17030 - 127844,243203,2026-07-23 16:39:36,SILDIENY,AVARIA NO PDV,2000,2000,0,0,v1-atual
23525,5740,23525 - 5740,273202,2026-07-23 16:41:17,SILDIENY,AVARIA NO PDV,60,0,30,0,v1-atual
18992,24061,18992 - 24061,156202,2026-07-23 16:41:34,SAOUSA RENATO,AVARIA NO DEPÓSITO,170,0,0,0,v1-atual
18992,24062,18992 - 24062,159202,2026-07-23 16:43:37,SAOUSA RENATO,AVARIA NO DEPÓSITO,60,0,0,0,v1-atual
16363,40328,16363 - 40328,282202,2026-07-23 16:57:44,JOEL LOBATO ALVES,AVARIA NO PDV,120,0,30,0,v1-atual
21529,96102,21529 - 96102,270202,2026-07-23 17:08:46,RAFAEL DOS SANTOS,AVARIA NO PDV,30,0,0,0,v1-atual
21529,96103,21529 - 96103,300202,2026-07-23 17:09:21,RAFAEL DOS SANTOS,AVARIA NA ENTREGA,370,290,0,0,v1-atual
21529,96190,21529 - 96190,270203,2026-07-23 17:11:52,RAFAEL DOS SANTOS,AVARIA NA ENTREGA,80,80,0,0,v1-atual
21529,96189,21529 - 96189,240203,2026-07-23 17:12:09,RAFAEL DOS SANTOS,AVARIA NA ENTREGA,100,70,0,0,v1-atual
19816,84451,19816 - 84451,570201,2026-07-23 18:01:46,WASHINGTON,AVARIA NO DEPÓSITO,350,0,0,0,v1-atual
19816,84450,19816 - 84450,567201,2026-07-23 18:06:36,WASHINGTON,AVARIA NO DEPÓSITO,120,0,0,0,v1-atual
19816,84453,19816 - 84453,573201,2026-07-23 18:11:46,WASHINGTON,AVARIA NO DEPÓSITO,90,0,0,0,v1-atual
24034,1763,24034 - 1763,537201,2026-07-23 18:21:22,RAYARA OLIVEIRA,AVARIA NA ENTREGA,20,0,0,0,v1-atual
24034,1762,24034 - 1762,531201,2026-07-23 18:21:54,RAYARA OLIVEIRA,AVARIA NA ENTREGA,80,0,0,0,v1-atual
7315,291257,7315 - 291257,363197,2026-07-23 18:22:45,RAYARA OLIVEIRA,AVARIA NO PDV,80,0,0,0,v1-atual
7315,291258,7315 - 291258,369197,2026-07-23 18:23:19,RAYARA OLIVEIRA,AVARIA NO PDV,80,0,0,0,v1-atual
7315,291260,7315 - 291260,378197,2026-07-23 18:23:55,RAYARA OLIVEIRA,OVOS PODRES,90,0,0,0,v1-atual
7315,291259,7315 - 291259,372197,2026-07-23 18:24:44,RAYARA OLIVEIRA,AVARIA NO PDV,240,0,0,0,v1-atual
7315,291520,7315 - 291520,618201,2026-07-23 18:25:29,RAYARA OLIVEIRA,AVARIA NO PDV,60,60,0,0,v1-atual
7315,291521,7315 - 291521,624201,2026-07-23 18:25:53,RAYARA OLIVEIRA,AVARIA NO PDV,60,0,0,0,v1-atual
7315,291522,7315 - 291522,636201,2026-07-23 18:26:22,RAYARA OLIVEIRA,OVOS PODRES,80,0,0,0,v1-atual
7315,291523,7315 - 291523,651201,2026-07-23 18:28:02,RAYARA OLIVEIRA,AVARIA NA ENTREGA,20,0,0,0,v1-atual
5007,153487,5007 - 153487,261201,2026-07-23 18:29:43,RAYARA OLIVEIRA,AVARIA NO PDV,40,0,0,0,v1-atual
5007,153488,5007 - 153488,267201,2026-07-23 18:30:15,RAYARA OLIVEIRA,AVARIA NO PDV,60,0,0,0,v1-atual
5007,153490,5007 - 153490,279201,2026-07-23 18:30:42,RAYARA OLIVEIRA,AVARIA NO PDV,52,0,0,0,v1-atual
5007,153491,5007 - 153491,294201,2026-07-23 18:31:21,RAYARA OLIVEIRA,AVARIA NO PDV,34,0,0,0,v1-atual
5007,153492,5007 - 153492,303201,2026-07-23 18:31:55,RAYARA OLIVEIRA,AVARIA NO PDV,32,0,0,0,v1-atual
5007,153499,5007 - 153499,510201,2026-07-23 18:32:40,RAYARA OLIVEIRA,AVARIA NA ENTREGA,50,0,0,0,v1-atual
5007,153500,5007 - 153500,522201,2026-07-23 18:33:04,RAYARA OLIVEIRA,AVARIA NA ENTREGA,60,0,0,0,v1-atual
5007,153503,5007 - 153503,597201,2026-07-23 18:33:34,RAYARA OLIVEIRA,AVARIA NA ENTREGA,20,0,0,0,v1-atual
25201,292922,25201 - 292922,960203,2026-07-23 18:34:31,LETICIA ELLEN COSTA DA SILVA,AVARIA NA ENTREGA,1020,510,0,0,v1-atual
25201,292923,25201 - 292923,990203,2026-07-23 18:34:55,LETICIA ELLEN COSTA DA SILVA,AVARIA NA ENTREGA,1020,510,0,0,v1-atual
25202,5092,25202 - 5092,840203,2026-07-23 18:35:27,LETICIA ELLEN COSTA DA SILVA,AVARIA NA ENTREGA,1560,380,0,0,v1-atual
21998,23077,21998 - 23077,300203,2026-07-23 18:35:59,LETICIA ELLEN COSTA DA SILVA,AVARIA NA ENTREGA,130,100,0,0,v1-atual
11604,223529,11604 - 223529,108203,2026-07-23 19:57:09,JOÃO VICTOR GOMES FERREIRA,AVARIA NA ENTREGA,1330,1330,0,0,v1-atual
11604,223530,11604 - 223530,111203,2026-07-23 19:57:37,JOÃO VICTOR GOMES FERREIRA,AVARIA NA ENTREGA,1180,410,0,0,v1-atual
11604,223532,11604 - 223532,117203,2026-07-23 19:57:45,JOÃO VICTOR GOMES FERREIRA,AVARIA NA ENTREGA,10,0,0,0,v1-atual
11604,223531,11604 - 223531,114203,2026-07-23 19:57:57,JOÃO VICTOR GOMES FERREIRA,AVARIA NA ENTREGA,40,0,0,0,v1-atual
23683,56649,23683 - 56649,132203,2026-07-23 22:08:27,EVANDRO CORREIA,AVARIA NO DEPÓSITO,750,652,270,0,v1-atual
21416,48611,21416 - 48611,153203,2026-07-23 23:22:57,JORGE TELES,AVARIA NO DEPÓSITO,3510,3510,30,30,v1-atual
23560,778758,23560 - 778758,300203,2026-07-23 23:24:06,JORGE TELES,AVARIA NO DEPÓSITO,0,0,720,0,v1-atual
24642,3918,24642 - 3918,249202,2026-07-23 23:58:00,ELENILDE,AVARIA NO PDV,100,0,0,0,v1-atual
7316,137773,7316 - 137773,321203,2026-07-24 00:00:00,ELENILDE,AVARIA NO PDV,80,0,0,0,v1-atual
2044,17774,2044 - 17774,840203,2026-07-24 00:01:44,ELENILDE,AVARIA NO PDV,120,0,240,0,v1-atual
1287,121540,1287 - 121540,690201,2026-07-24 00:02:44,ELENILDE,AVARIA NO PDV,20,0,0,0,v1-atual
1287,121539,1287 - 121539,675201,2026-07-24 00:03:18,ELENILDE,AVARIA NO PDV,80,0,0,0,v1-atual
1287,121541,1287 - 121541,336201,2026-07-24 00:04:28,ELENILDE,AVARIA NO PDV,40,0,0,0,v1-atual
15925,34269,15925 - 34269,552201,2026-07-24 00:05:20,ELENILDE,AVARIA NO PDV,662,0,0,0,v1-atual
23376,6668,23376 - 6668,219201,2026-07-24 00:06:01,ELENILDE,AVARIA NO PDV,10,0,630,0,v1-atual
23376,6658,23376 - 6658,660201,2026-07-24 00:06:36,ELENILDE,AVARIA NO PDV,130,0,0,0,v1-atual
1144,101455,1144 - 101455,570203,2026-07-24 06:10:32,EVERTON DUARTE,OVOS VENCIDOS,1090,0,0,0,v1-atual
1144,101456,1144 - 101456,600203,2026-07-24 06:14:28,EVERTON DUARTE,AVARIA NO DEPÓSITO,820,780,0,0,v1-atual
1144,101457,1144 - 101457,630203,2026-07-24 06:14:38,EVERTON DUARTE,AVARIA NO DEPÓSITO,240,0,0,0,v1-atual
12729,4398,12729 - 4398,177202,2026-07-24 07:41:43,MATEUS OLIVEIRA,AVARIA NO PDV,420,420,0,0,v1-atual
17512,40186,17512 - 40186,282201,2026-07-24 07:42:13,GILERLESON FEQUES,AVARIA NA ENTREGA,40,0,240,0,v1-atual
6676,120770,6676 - 120770,444201,2026-07-24 07:43:03,GILERLESON FEQUES,AVARIA NA ENTREGA,150,0,0,0,v1-atual
17513,67098,17513 - 67098,525201,2026-07-24 07:43:49,GILERLESON FEQUES,AVARIA NA ENTREGA,70,70,0,0,v1-atual
12729,4370,12729 - 4370,396201,2026-07-24 07:44:23,MATEUS OLIVEIRA,AVARIA NO PDV,1650,1650,0,0,v1-atual
17513,67099,17513 - 67099,528201,2026-07-24 07:44:32,GILERLESON FEQUES,AVARIA NA ENTREGA,200,200,0,0,v1-atual
17512,40184,17512 - 40184,264201,2026-07-24 07:45:03,GILERLESON FEQUES,AVARIA NA ENTREGA,60,60,0,0,v1-atual
17512,40185,17512 - 40185,273201,2026-07-24 07:46:19,GILERLESON FEQUES,AVARIA NA ENTREGA,10,0,0,0,v1-atual
12562,68259,12562 - 68259,216203,2026-07-24 07:46:44,JEAN ARAUJO PEREIRA,AVARIA NO DEPÓSITO,440,0,0,0,v1-atual
22442,15965,22442 - 15965,135198,2026-07-24 08:02:00,SUPERVISOR MERCHAN,AVARIA NO PDV,510,0,0,0,v1-atual
22804,29088,22804 - 29088,195198,2026-07-24 08:02:33,SUPERVISOR MERCHAN,AVARIA NO PDV,330,0,0,0,v1-atual
14465,21457,14465 - 21457,159203,2026-07-24 08:19:05,CLEANE BRANDAO,AVARIA NO PDV,80,0,450,0,v1-atual
25474,371,25474 - 371,192190,2026-07-24 08:23:37,WILIANDERSON,AVARIA NO PDV,40,0,0,0,v1-atual
25474,372,25474 - 372,195190,2026-07-24 08:24:20,WILIANDERSON,AVARIA NO PDV,100,0,0,0,v1-atual
23370,5329,23370 - 5329,702201,2026-07-24 08:29:32,BRENDO SILVA,AVARIA NO DEPÓSITO,660,0,0,0,v1-atual
20545,123452,20545 - 123452,510203,2026-07-24 08:29:46,RAFAEL DOS SANTOS,AVARIA NO DEPÓSITO,10,0,0,0,v1-atual
12733,177346,12733 - 177346,285202,2026-07-24 08:30:07,BRENDO SILVA,AVARIA NO DEPÓSITO,600,600,0,0,v1-atual
12733,177344,12733 - 177344,270202,2026-07-24 08:30:20,BRENDO SILVA,AVARIA NO DEPÓSITO,740,740,0,0,v1-atual
20545,123453,20545 - 123453,540203,2026-07-24 08:30:38,RAFAEL DOS SANTOS,AVARIA NO DEPÓSITO,520,404,0,0,v1-atual
12789,92227,12789 - 92227,165203,2026-07-24 08:31:04,BRENDO SILVA,AVARIA NO PDV,130,0,0,0,v1-atual
20545,123451,20545 - 123451,480203,2026-07-24 08:31:17,RAFAEL DOS SANTOS,AVARIA NO DEPÓSITO,270,116,0,0,v1-atual
20545,123450,20545 - 123450,450203,2026-07-24 08:32:35,RAFAEL DOS SANTOS,AVARIA NO DEPÓSITO,1380,1262,0,0,v1-atual
12734,96695,12734 - 96695,306203,2026-07-24 08:36:33,FRANCIS SANTANA,AVARIA NO PDV,640,640,30,30,v1-atual
22981,24531,22981 - 24531,180203,2026-07-24 08:48:19,BRENDO SILVA,AVARIA NO PDV,300,0,0,0,v1-atual
23370,5332,23370 - 5332,771201,2026-07-24 08:48:32,BRENDO SILVA,AVARIA NA ENTREGA,420,420,0,0,v1-atual
21852,21769,21852 - 21769,660203,2026-07-24 09:03:48,RAFAEL DOS SANTOS,AVARIA NO DEPÓSITO,990,880,330,0,v1-atual
11603,184602,11603 - 184602,117202,2026-07-24 09:18:47,JOÃO VICTOR GOMES FERREIRA,AVARIA NO DEPÓSITO,450,0,0,0,v1-atual
15550,67301,15550 - 67301,123204,2026-07-24 10:34:14,ALINE MAIARA SILVA,AVARIA NO PDV,40,0,30,0,v1-atual
23754,84857,23754 - 84857,204204,2026-07-24 10:37:45,OPERACOES,AVARIA DE VIAGEM,240,0,0,0,v1-atual
17264,98164,17264 - 98164,348204,2026-07-24 10:40:05,OPERACOES,AVARIA DE VIAGEM,332,0,0,0,v1-atual
23753,32107,23753 - 32107,303204,2026-07-24 10:41:55,OPERACOES,AVARIA DE VIAGEM,80,0,0,0,v1-atual
22529,23465,22529 - 23465,129204,2026-07-24 10:58:58,ANA CAROLLINE SOUSA CARVALHO,AVARIA NA ENTREGA,80,0,0,0,v1-atual
22529,23466,22529 - 23466,132204,2026-07-24 10:59:12,ANA CAROLLINE SOUSA CARVALHO,AVARIA NA ENTREGA,200,0,0,0,v1-atual
22111,8945,22111 - 8945,303202,2026-07-24 11:16:24,ALISSON GONÇALVES CRUZ,OVOS PODRES,120,0,0,0,v1-atual
17253,157950,17253 - 157950,"5,11867E+17",2026-07-24 11:39:56,RUBENS ESCOCIO,NÃO LOCALIZADO,1076,785,150,0,v1-atual
15921,18124,15921 - 18124,240204,2026-07-24 11:47:24,BRUNO GOMES,AVARIA NA ENTREGA,180,140,0,0,v1-atual
15921,18118,15921 - 18118,600203,2026-07-24 11:48:45,BRUNO GOMES,AVARIA NA ENTREGA,316,316,0,0,v1-atual
17333,100330,17333 - 100330,261202,2026-07-24 12:04:08,FERNANDO GALDINO,AVARIA NO PDV,790,350,0,0,v1-atual
216,27131,216 - 27131,264202,2026-07-24 12:04:24,ALISSON GONÇALVES CRUZ,OVOS PODRES,90,60,30,0,v1-atual
17333,100329,17333 - 100329,258202,2026-07-24 12:04:58,FERNANDO GALDINO,AVARIA NO PDV,20,10,0,0,v1-atual
9088,30497,9088 - 30497,936fd660-f0cc-4d81-9b6e-7ff03de69cc1,2026-07-24 12:06:21,BRUNO GOMES,AVARIA NA ENTREGA,310,169,0,0,v1-atual
23986,2875,23986 - 2875,960202,2026-07-24 12:06:44,ALISSON GONÇALVES CRUZ,OVOS PODRES,260,180,30,0,v1-atual
10567,164474,10567 - 164474,216202,2026-07-24 12:09:22,ISABELLA,OVOS PODRES,150,100,0,0,v1-atual
10567,164473,10567 - 164473,207202,2026-07-24 12:10:12,ISABELLA,OVOS PODRES,360,200,0,0,v1-atual
24339,1834,24339 - 1834,300204,2026-07-24 12:10:33,GENESE PINHEIRO ALEXANDRE,AVARIA NA ENTREGA,124,124,0,0,v1-atual
8205,61822,8205 - 61822,345201,2026-07-24 12:19:08,RAMON DE SOUZA JUCA,AVARIA NO PDV,450,352,60,0,v1-atual
25019,1584,25019 - 1584,339204,2026-07-24 12:19:58,RAMON DE SOUZA JUCA,AVARIA NO PDV,380,302,0,0,v1-atual
21530,91686,21530 - 91686,390204,2026-07-24 12:34:06,RAFAEL DOS SANTOS,AVARIA NA ENTREGA,1210,1210,0,0,v1-atual
21530,91687,21530 - 91687,420204,2026-07-24 12:34:34,RAFAEL DOS SANTOS,AVARIA NA ENTREGA,40,40,0,0,v1-atual
23589,29758,23589 - 29758,360204,2026-07-24 12:38:36,LEUJUAN DIAS VIEIRA,OVOS VENCIDOS,90,90,0,0,v1-atual
11607,239213,11607 - 239213,300204,2026-07-24 12:39:46,FRANCISCO JAMISON SOUSA DE MIRANDA,AVARIA NA ENTREGA,740,700,0,0,v1-atual
21292,40689,21292 - 40689,420204,2026-07-24 12:42:11,THALYS PABLO RODRIGUES LIMA,AVARIA NO DEPÓSITO,160,0,0,0,v1-atual
21292,40687,21292 - 40687,411204,2026-07-24 12:42:34,THALYS PABLO RODRIGUES LIMA,AVARIA NO DEPÓSITO,580,0,0,0,v1-atual
21292,40688,21292 - 40688,417204,2026-07-24 12:43:01,THALYS PABLO RODRIGUES LIMA,AVARIA NO DEPÓSITO,620,0,0,0,v1-atual
16007,78409,16007 - 78409,219198,2026-07-24 12:49:11,JULYANNA MACIEL,AVARIA NO DEPÓSITO,2120,0,0,0,v1-atual
12026,52761,12026 - 52761,120204,2026-07-24 13:03:46,RENAN DE AZEVEDO OLIVEIRA,AVARIA NO DEPÓSITO,920,0,0,0,v1-atual
1145,100274,1145 - 100274,660204,2026-07-24 13:40:43,RAFAEL DOS SANTOS,AVARIA NA ENTREGA,410,120,0,0,v1-atual
12819,23586,12819 - 23586,780204,2026-07-24 13:48:30,FELIPE MARQUES,AVARIA NA ENTREGA,70,0,90,0,v1-atual
17438,215100,17438 - 215100,396204,2026-07-24 13:49:10,FELIPE MARQUES,AVARIA NA ENTREGA,150,90,0,0,v1-atual
19371,26165,19371 - 26165,189203,2026-07-24 13:49:49,FELIPE MARQUES,AVARIA NA ENTREGA,240,120,0,0,v1-atual
22876,7415,22876 - 7415,810204,2026-07-24 13:51:39,FELIPE MARQUES,AVARIA NA ENTREGA,430,210,0,0,v1-atual
16801,21251,16801 - 21251,450202,2026-07-24 13:54:30,RAILSON VIEIRA FERREIRA,OVOS VENCIDOS,420,0,30,0,v1-atual
733,103054,733 - 103054,750204,2026-07-24 13:56:31,MIGUEL ABNER CARV,AVARIA NO PDV,360,250,0,0,v1-atual
24853,2759,24853 - 2759,111204,2026-07-24 14:01:18,FABIO JOSE MOURA VASCONCELOS,AVARIA NA ENTREGA,524,0,60,0,v1-atual
15150,125488,15150 - 125488,900204,2026-07-24 14:02:31,MIGUEL ABNER CARV,AVARIA NO PDV,150,110,0,0,v1-atual
15150,125487,15150 - 125487,600204,2026-07-24 14:03:11,MIGUEL ABNER CARV,AVARIA NO PDV,90,70,30,18,v1-atual
23111,12214,23111 - 12214,"5,0156E+18",2026-07-24 14:26:13,RUBENS ESCOCIO,AVARIA NA ENTREGA,360,338,0,0,v1-atual
20114,37940,20114 - 37940,501201,2026-07-24 14:39:33,PAULO FERNANDO SILVA,AVARIA NO PDV,310,310,0,0,v1-atual
20114,37942,20114 - 37942,507201,2026-07-24 14:39:53,PAULO FERNANDO SILVA,AVARIA NO PDV,10,0,30,0,v1-atual
16459,14391,16459 - 14391,108202,2026-07-24 14:46:15,ALISSON GONÇALVES CRUZ,OVOS PODRES,790,300,30,0,v1-atual
3897,68268,3897 - 68268,3897 - 68268,2026-07-24 15:34:01,WILKENIA,AVARIA NO PDV,280,180,0,0,v1-atual
3897,68264,3897 - 68264,3897 - 68264,2026-07-24 15:34:52,WILKENIA,AVARIA NA ENTREGA,180,170,0,0,v1-atual
8105,55988,8105 - 55988,174204,2026-07-24 15:45:28,ENIO,AVARIA NO DEPÓSITO,320,320,0,0,v1-atual
8105,55989,8105 - 55989,177204,2026-07-24 15:46:58,ENIO,OVOS PODRES,30,0,0,0,v1-atual
1139,74574,1139 - 74574,990204,2026-07-24 15:47:59,KARINA COSTA,AVARIA NO PDV,190,0,0,0,v1-atual
8105,55990,8105 - 55990,180204,2026-07-24 15:49:28,ENIO,AVARIA NO DEPÓSITO,154,80,0,0,v1-atual
20126,42494,20126 - 42494,351201,2026-07-24 15:50:19,KARINA COSTA,AVARIA NO PDV,190,120,30,0,v1-atual
20338,10881,20338 - 10881,168202,2026-07-24 15:55:29,KARINA COSTA,OVOS PODRES,1870,0,0,0,v1-atual
22527,36203,22527 - 36203,168204,2026-07-24 15:57:59,KARINA COSTA,AVARIA NO PDV,190,137,0,0,v1-atual
21998,23088,21998 - 23088,180204,2026-07-24 16:27:44,LETICIA ELLEN COSTA DA SILVA,AVARIA NA ENTREGA,200,180,0,0,v1-atual
23682,26707,23682 - 26707,198203,2026-07-24 16:30:29,MÉRCIO,AVARIA NO DEPÓSITO,200,0,0,0,v1-atual
23682,26708,23682 - 26708,201203,2026-07-24 16:35:45,MÉRCIO,AVARIA NO PDV,130,0,0,0,v1-atual
22530,36408,22530 - 36408,210204,2026-07-24 16:44:07,ELIABE LIMA MOURA,AVARIA NA ENTREGA,140,140,0,0,v1-atual
4856,672565,4856 - 672565,630204,2026-07-24 17:17:12,FRANCISCO ROSCI,NÃO LOCALIZADO,340,318,0,0,v1-atual
19817,127733,19817 - 127733,510204,2026-07-24 17:19:07,FRANCISCO ROSCI,OVOS PODRES,0,0,510,1,v1-atual
19817,127734,19817 - 127734,540204,2026-07-24 17:20:32,FRANCISCO ROSCI,AVARIA NA ENTREGA,360,304,0,0,v1-atual
19590,11676,19590 - 11676,138198,2026-07-24 18:16:20,RAIMUNDO,AVARIA NA ENTREGA,100,91,0,0,v1-atual
24691,4263,24691 - 4263,192204,2026-07-24 18:19:06,RAIMUNDO,AVARIA NA ENTREGA,132,129,0,0,v1-atual
1290,551540,1290 - 551540,204203,2026-07-24 18:23:49,JESSICA COSTA,OVOS PODRES,480,480,0,0,v1-atual
14717,16478,14717 - 16478,123201,2026-07-24 18:24:45,RAIMUNDO,AVARIA NA ENTREGA,212,187,0,0,v1-atual
14463,17672,14463 - 17672,297204,2026-07-24 18:27:35,RAIMUNDO,AVARIA NA ENTREGA,90,69,0,0,v1-atual
14463,17660,14463 - 17660,780201,2026-07-24 18:35:28,RAIMUNDO,AVARIA NA ENTREGA,30,25,0,0,v1-atual
14463,17659,14463 - 17659,774201,2026-07-24 18:37:43,RAIMUNDO,AVARIA NA ENTREGA,50,45,0,0,v1-atual
21735,163628,21735 - 163628,372201,2026-07-24 19:25:11,FABIO REDLOG,AVARIA DE VIAGEM,3000,2794,0,0,v1-atual
21377,134006,21377 - 134006,372202,2026-07-24 19:25:51,FABIO REDLOG,AVARIA DE VIAGEM,2000,1800,0,0,v1-atual
17695,4696,17695 - 4696,357202,2026-07-24 19:26:31,FABIO REDLOG,AVARIA DE VIAGEM,150,120,0,0,v1-atual
16384,40114,16384 - 40114,384204,2026-07-24 19:27:01,FABIO REDLOG,AVARIA DE VIAGEM,1000,720,0,0,v1-atual
20051,144581,20051 - 144581,234204,2026-07-24 19:27:41,FABIO REDLOG,AVARIA DE VIAGEM,2700,1746,0,0,v1-atual
15748,168202,15748 - 168202,435204,2026-07-24 19:28:31,FABIO REDLOG,AVARIA DE VIAGEM,200,180,2880,2038,v1-atual
12618,201314,12618 - 201314,219204,2026-07-24 19:29:11,FABIO REDLOG,AVARIA DE VIAGEM,1500,1080,0,0,v1-atual
664,35774,664 - 35774,387204,2026-07-24 19:29:51,FABIO REDLOG,AVARIA DE VIAGEM,1300,1170,720,690,v1-atual
20506,50246,20506 - 50246,189204,2026-07-24 19:30:31,FABIO REDLOG,AVARIA DE VIAGEM,320,270,0,0,v1-atual
15558,46269,15558 - 46269,291203,2026-07-24 20:03:29,JOSENILDO SILVA SOUSA,OVOS PODRES,140,0,0,0,v1-atual
16996,44983,16996 - 44983,249203,2026-07-24 20:04:49,JOSENILDO SILVA SOUSA,OVOS PODRES,40,0,0,0,v1-atual
20546,132503,20546 - 132503,570204,2026-07-24 21:48:05,KILDERLAN,AVARIA NA ENTREGA,150,150,0,0,v1-atual
20546,132492,20546 - 132492,480204,2026-07-24 21:48:37,KILDERLAN,AVARIA NA ENTREGA,30,30,0,0,v1-atual
20546,132493,20546 - 132493,450204,2026-07-24 21:49:00,KILDERLAN,AVARIA NA ENTREGA,40,40,0,0,v1-atual
20402,83638,20402 - 83638,318204,2026-07-25 05:45:34,ANDERSON BARBOSA,OVOS PODRES,170,0,0,0,v1-atual
20402,83559,20402 - 83559,276203,2026-07-25 05:53:34,BRENDO,AVARIA NO DEPÓSITO,650,0,1800,0,v1-atual
20530,32506,20530 - 32506,01c86020-61de-4809-afa9-f575092c8b80,2026-07-25 09:37:20,WESLEY MEDEIROS,AVARIA NO DEPÓSITO,642,234,0,0,v1-atual
24703,12137,24703 - 12137,189205,2026-07-25 09:39:02,IRACILDA DA SILVA,AVARIA NO PDV,860,0,0,0,v1-atual
11517,47365,11517 - 47365,900204,2026-07-25 10:00:34,MARIA IRANEIDE,OVOS PODRES,420,0,60,0,v1-atual
20370,168768,20370 - 168768,960205,2026-07-25 10:18:44,AFONSO,AVARIA NA ENTREGA,320,0,30,0,v1-atual
20370,168660,20370 - 168660,171204,2026-07-25 10:20:04,AFONSO,AVARIA NA ENTREGA,180,0,0,0,v1-atual
11642,238193,11642 - 238193,258205,2026-07-25 10:23:46,EMERSON,AVARIA NO DEPÓSITO,240,0,0,0,v1-atual
20981,11297,20981 - 11297,930204,2026-07-25 10:31:31,ANDRE PEREIRA,AVARIA NO PDV,300,192,0,0,v1-atual
14459,16076,14459 - 16076,471205,2026-07-25 10:35:21,ANDRE PEREIRA,AVARIA NO PDV,180,165,30,29,v1-atual
25117,64109,25117 - 64109,255205,2026-07-25 10:42:12,MAURICIO PINHEIRO MIRANDA,AVARIA NO PDV,370,0,30,0,v1-atual
21740,120061,21740 - 120061,228204,2026-07-25 12:30:15,KEWIN,AVARIA NO PDV,600,0,30,0,v1-atual
21734,253633,21734 - 253633,126205,2026-07-25 12:31:30,KEWIN,AVARIA NO PDV,520,0,0,0,v1-atual
19558,11723,19558 - 11723,120205,2026-07-25 18:10:18,ELIABE LIMA MOURA,AVARIA NA ENTREGA,330,330,0,0,v1-atual
11380,49769,11380 - 49769,960204,2026-07-26 12:19:08,EVELINE DE SOUSA,AVARIA NO PDV,172,0,30,0,v1-atual
21270,10634,21270 - 10634,600204,2026-07-26 12:20:08,JOSÉ JULIANO RODRIGUES,FALTA DE PRODUTO,200,200,0,0,v1-atual
20029,185102,20029 - 185102,372204,2026-07-26 12:21:54,EVELINE DE SOUSA,AVARIA NO PDV,400,0,0,0,v1-atual
20189,41274,20189 - 41274,396205,2026-07-26 12:23:59,EVELINE DE SOUSA,AVARIA NO PDV,230,0,60,0,v1-atual
20189,41272,20189 - 41272,393205,2026-07-26 12:25:41,EVELINE DE SOUSA,AVARIA NO PDV,320,320,0,0,v1-atual
4817,107696,4817 - 107696,150204,2026-07-26 12:26:18,JOSÉ JULIANO RODRIGUES,AVARIA NO DEPÓSITO,1910,1910,0,0,v1-atual
24565,7645,24565 - 7645,294204,2026-07-26 22:24:13,DIEGO,AVARIA NO PDV,52,0,0,0,v1-atual
24565,7644,24565 - 7644,288204,2026-07-26 22:25:23,DIEGO,AVARIA NO PDV,260,210,30,0,v1-atual
12575,169555,12575 - 169555,282203,2026-07-26 22:40:24,PAULO NOVAES,OVOS PODRES,720,0,0,0,v1-atual
12575,169553,12575 - 169553,279203,2026-07-26 22:43:24,PAULO NOVAES,OVOS PODRES,250,0,60,0,v1-atual
15748,168199,15748 - 168199,426204,2026-07-26 22:44:54,PAULO NOVAES,OVOS PODRES,760,400,0,0,v1-atual
15748,168201,15748 - 168201,432204,2026-07-26 22:45:07,PAULO NOVAES,OVOS PODRES,12,0,0,0,v1-atual
15748,168200,15748 - 168200,429204,2026-07-26 22:45:20,PAULO NOVAES,OVOS PODRES,12,0,0,0,v1-atual
15748,168198,15748 - 168198,423204,2026-07-26 22:45:46,PAULO NOVAES,OVOS PODRES,284,0,0,0,v1-atual
23589,29821,23589 - 29821,720205,2026-07-27 07:09:08,LEUJUAN DIAS VIEIRA,AVARIA NA ENTREGA,30,0,0,0,v1-atual
12562,68287,12562 - 68287,291204,2026-07-27 07:09:18,JEAN ARAUJO PEREIRA,OVOS PODRES,480,0,0,0,v1-atual
23589,29811,23589 - 29811,480205,2026-07-27 07:10:07,LEUJUAN DIAS VIEIRA,AVARIA NA ENTREGA,1230,1230,0,0,v1-atual
23589,29820,23589 - 29820,630205,2026-07-27 07:10:38,LEUJUAN DIAS VIEIRA,AVARIA NA ENTREGA,110,0,60,0,v1-atual
11605,176731,11605 - 176731,270205,2026-07-27 07:13:32,RENAN DE AZEVEDO OLIVEIRA,AVARIA NO DEPÓSITO,40,40,0,0,v1-atual
11605,176730,11605 - 176730,240205,2026-07-27 07:14:15,RENAN DE AZEVEDO OLIVEIRA,AVARIA NO DEPÓSITO,1060,730,0,0,v1-atual
23589,29812,23589 - 29812,510205,2026-07-27 07:15:07,LEUJUAN DIAS VIEIRA,AVARIA NA ENTREGA,70,0,0,0,v1-atual
21200,15511,21200 - 15511,210205,2026-07-27 07:15:07,CAIO GABRIEL DA SILVA ROCHA,OVOS VENCIDOS,160,0,0,0,v1-atual
16006,281285,16006 - 281285,600205,2026-07-27 07:28:20,ANA JAMILLY SOUSA,AVARIA NA ENTREGA,2150,500,0,0,v1-atual
16006,281352,16006 - 281352,360205,2026-07-27 07:29:30,ANA JAMILLY SOUSA,AVARIA NA ENTREGA,230,230,0,0,v1-atual
11642,238190,11642 - 238190,249205,2026-07-27 08:06:05,EMERSON,AVARIA NA ENTREGA,1600,1080,0,0,v1-atual
11603,184943,11603 - 184943,342205,2026-07-27 08:07:18,JARDEL ARAUJO,AVARIA NO DEPÓSITO,570,0,0,0,v1-atual
11603,184942,11603 - 184942,339205,2026-07-27 08:07:49,JARDEL ARAUJO,AVARIA NO DEPÓSITO,950,0,0,0,v1-atual
20606,13796,20606 - 13796,570205,2026-07-27 08:11:46,ALYSON SOUSA,OVOS VENCIDOS,758,0,0,0,v1-atual
20606,13797,20606 - 13797,600205,2026-07-27 08:12:53,ALYSON SOUSA,OVOS PODRES,730,0,0,0,v1-atual
15285,19942,15285 - 19942,450205,2026-07-27 08:13:48,ALYSON SOUSA,OVOS PODRES,100,0,30,0,v1-atual
20530,32497,20530 - 32497,369205,2026-07-27 08:25:39,OPERACOES,AVARIA DE VIAGEM,150,0,0,0,v1-atual
23488,60217,23488 - 60217,252205,2026-07-27 08:30:49,OPERACOES,AVARIA DE VIAGEM,30,0,0,0,v1-atual
11012,26954,11012 - 26954,180205,2026-07-27 08:44:20,MATHEUS LAURENTINO,AVARIA NO DEPÓSITO,270,150,0,0,v1-atual
13733,13280,13733 - 13280,300179,2026-07-27 08:44:49,MATHEUS LAURENTINO,AVARIA NO DEPÓSITO,290,0,0,0,v1-atual
19578,11186,19578 - 11186,330206,2026-07-27 09:03:19,EDNELSON MENDONCA DA CRUZ,AVARIA NO PDV,66,0,0,0,v1-atual
22860,19925,22860 - 19925,258203,2026-07-27 09:03:56,WENDY FERREIRA,AVARIA NO PDV,720,720,0,0,v1-atual
12800,196557,12800 - 196557,273205,2026-07-27 09:03:57,EDNELSON MENDONCA DA CRUZ,AVARIA NO PDV,20,0,30,0,v1-atual
19909,18306,19909 - 18306,540205,2026-07-27 09:07:28,PAULO ROBERTO FREIRES,AVARIA NO PDV,270,0,0,0,v1-atual
19909,18307,19909 - 18307,750205,2026-07-27 09:09:08,PAULO ROBERTO FREIRES,FALTA DE PRODUTO,150,150,0,0,v1-atual
11012,26953,11012 - 26953,690204,2026-07-27 09:09:36,MATHEUS LAURENTINO,AVARIA NA ENTREGA,380,380,0,0,v1-atual
20924,46816,20924 - 46816,207205,2026-07-27 09:11:03,DOUGLAS CARVALHO,AVARIA NO DEPÓSITO,180,0,0,0,v1-atual
20924,46817,20924 - 46817,228205,2026-07-27 09:11:55,DOUGLAS CARVALHO,AVARIA NO DEPÓSITO,60,0,0,0,v1-atual
20924,46814,20924 - 46814,201205,2026-07-27 09:12:47,DOUGLAS CARVALHO,AVARIA NO DEPÓSITO,20,0,0,0,v1-atual
19230,111548,19230 - 111548,114197,2026-07-27 09:14:16,FABIO JOSE MOURA VASCONCELOS,OVOS PODRES,2040,0,120,0,v1-atual
15500,491764,15500 - 491764,156203,2026-07-27 09:17:05,JULYANNA MACIEL,AVARIA NO DEPÓSITO,1480,0,0,0,v1-atual
21875,131243,21875 - 131243,261204,2026-07-27 09:17:40,EDUARDO ALEXANDRE,OVOS PODRES,460,0,0,0,v1-atual
22527,36227,22527 - 36227,321204,2026-07-27 09:46:05,CD JUAZEIRO,AVARIA DE VIAGEM,600,600,0,0,v1-atual
7139,45881,7139 - 45881,120206,2026-07-27 09:47:54,ANDRE PEREIRA,AVARIA NO PDV,210,148,0,0,v1-atual
12731,210255,12731 - 210255,129205,2026-07-27 09:59:34,MAIQUES ANTONIO MACHADO,AVARIA NA ENTREGA,1750,0,0,0,v1-atual
12731,210293,12731 - 210293,390206,2026-07-27 10:00:14,MAIQUES ANTONIO MACHADO,OVOS VENCIDOS,290,0,0,0,v1-atual
8105,56150,8105 - 56150,720206,2026-07-27 10:00:25,ENIO,AVARIA NO DEPÓSITO,330,180,0,0,v1-atual
23525,5756,23525 - 5756,180205,2026-07-27 10:08:31,SILDIENY,AVARIA NO PDV,150,150,0,0,v1-atual
23525,5760,23525 - 5760,237205,2026-07-27 10:09:01,SILDIENY,AVARIA NO PDV,20,0,0,0,v1-atual
23525,5757,23525 - 5757,225205,2026-07-27 10:09:31,SILDIENY,AVARIA NO PDV,80,80,0,0,v1-atual
23525,5759,23525 - 5759,234205,2026-07-27 10:10:11,SILDIENY,AVARIA NO PDV,40,0,0,0,v1-atual
19590,11714,19590 - 11714,147205,2026-07-27 10:12:49,RAIMUNDO,AVARIA NA ENTREGA,40,35,0,0,v1-atual
19590,11715,19590 - 11715,153205,2026-07-27 10:14:47,RAIMUNDO,AVARIA NA ENTREGA,280,270,0,0,v1-atual
17263,38386,17263 - 38386,"6,25752E+19",2026-07-27 10:23:45,RUBENS ESCOCIO,AVARIA NO DEPÓSITO,750,696,0,0,v1-atual
12735,114182,12735 - 114182,135204,2026-07-27 10:30:09,ADRIANA LIMA,AVARIA NA ENTREGA,260,260,0,0,v1-atual
12735,114153,12735 - 114153,219203,2026-07-27 10:33:02,ADRIANA LIMA,AVARIA NA ENTREGA,1360,1360,0,0,v1-atual
6428,60144,6428 - 60144,303205,2026-07-27 10:33:33,FABIO REDLOG,AVARIA DE VIAGEM,800,720,0,0,v1-atual
12562,68304,12562 - 68304,111205,2026-07-27 10:34:17,FABIO REDLOG,AVARIA DE VIAGEM,2000,1800,0,0,v1-atual
12553,108768,12553 - 108768,324204,2026-07-27 10:36:37,PAULO FERNANDO SILVA,AVARIA NO PDV,60,0,0,0,v1-atual
12553,108823,12553 - 108823,480206,2026-07-27 10:39:06,PAULO FERNANDO SILVA,AVARIA NO PDV,630,630,0,0,v1-atual
12553,108824,12553 - 108824,510206,2026-07-27 10:39:36,PAULO FERNANDO SILVA,AVARIA NO PDV,70,0,0,0,v1-atual
16362,50043,16362 - 50043,417205,2026-07-27 10:40:49,FABIO REDLOG,AVARIA DE VIAGEM,700,472,0,0,v1-atual
22837,71009,22837 - 71009,243205,2026-07-27 10:41:19,FABIO REDLOG,AVARIA DE VIAGEM,400,360,0,0,v1-atual
15738,77285,15738 - 77285,159205,2026-07-27 10:45:18,PAULO FERNANDO SILVA,AVARIA NO PDV,226,226,0,0,v1-atual
15738,77284,15738 - 77284,156205,2026-07-27 10:45:54,PAULO FERNANDO SILVA,AVARIA NO PDV,50,0,60,0,v1-atual
20114,38064,20114 - 38064,306205,2026-07-27 10:47:25,PAULO FERNANDO SILVA,AVARIA NO PDV,260,260,0,0,v1-atual
20114,38063,20114 - 38063,285205,2026-07-27 10:47:46,PAULO FERNANDO SILVA,AVARIA NO PDV,32,0,30,0,v1-atual
20114,38065,20114 - 38065,315205,2026-07-27 10:48:35,PAULO FERNANDO SILVA,AVARIA NO PDV,30,0,0,0,v1-atual
25615,409,25615 - 409,108205,2026-07-27 10:51:06,RAYLLA SOUSA SANTOS,AVARIA NO PDV,100,100,0,0,v1-atual
12734,96720,12734 - 96720,102205,2026-07-27 10:51:53,FRANCIS SANTANA,AVARIA NO PDV,90,90,30,0,v1-atual
9456,90535,9456 - 90535,342198,2026-07-27 10:53:45,CARLOS HENRIQUE,OVOS PODRES,1560,1,0,0,v1-atual
9456,90593,9456 - 90593,750201,2026-07-27 10:57:06,CARLOS HENRIQUE,AVARIA NA ENTREGA,130,112,60,0,v1-atual
9456,90594,9456 - 90594,765201,2026-07-27 10:57:29,CARLOS HENRIQUE,AVARIA NA ENTREGA,180,172,0,0,v1-atual
1283,111705,1283 - 111705,621201,2026-07-27 10:59:45,CARLOS HENRIQUE,AVARIA NA ENTREGA,180,174,0,0,v1-atual
1283,111706,1283 - 111706,630201,2026-07-27 11:00:07,CARLOS HENRIQUE,AVARIA NA ENTREGA,140,125,0,0,v1-atual
25615,410,25615 - 410,117205,2026-07-27 11:01:50,RAYLLA SOUSA SANTOS,AVARIA NO PDV,160,0,0,0,v1-atual
25615,411,25615 - 411,120205,2026-07-27 11:03:21,RAYLLA SOUSA SANTOS,AVARIA NO PDV,20,0,0,0,v1-atual
22025,22025,22025 - 22025,23108349971925,2026-07-27 11:41:42,FERNANDA MORAES DOS SANTOS OLIVEIRA,AVARIA NO PDV,432,432,0,0,v1-atual
20207,97428,20207 - 97428,126204,2026-07-27 11:54:37,FERNANDO,OVOS PODRES,332,0,0,0,v1-atual
17030,127968,17030 - 127968,408205,2026-07-27 11:55:19,SILDIENY,AVARIA NO PDV,170,0,0,0,v1-atual
17030,127966,17030 - 127966,402205,2026-07-27 11:55:32,SILDIENY,AVARIA NO PDV,20,0,0,0,v1-atual
12569,123651,12569 - 123651,390204,2026-07-27 11:55:39,FERNANDO,AVARIA NO PDV,40,0,0,0,v1-atual
17030,127961,17030 - 127961,378205,2026-07-27 11:55:59,SILDIENY,AVARIA NO PDV,180,180,0,0,v1-atual
17030,127963,17030 - 127963,381205,2026-07-27 11:56:39,SILDIENY,AVARIA NO PDV,180,180,0,0,v1-atual
17030,127964,17030 - 127964,390205,2026-07-27 11:57:09,SILDIENY,AVARIA NO PDV,320,320,0,0,v1-atual
17030,127965,17030 - 127965,399205,2026-07-27 11:57:29,SILDIENY,AVARIA NO PDV,236,0,0,0,v1-atual
15150,125617,15150 - 125617,600206,2026-07-27 12:03:02,MIGUEL ABNER CARV,AVARIA NO PDV,240,180,0,0,v1-atual
15150,125615,15150 - 125615,300206,2026-07-27 12:03:32,MIGUEL ABNER CARV,AVARIA NO PDV,12,0,0,0,v1-atual
16362,50036,16362 - 50036,375205,2026-07-27 12:08:23,JOEL LOBATO ALVES,AVARIA NO PDV,130,0,0,0,v1-atual
7839,20874,7839 - 20874,706ac658-b9d9-4cfb-b05e-75bd24883ad4,2026-07-27 12:10:57,ALYSON SOUSA,AVARIA NO DEPÓSITO,280,65,0,0,v1-atual
16293,198956,16293 - 198956,102204,2026-07-27 12:25:34,CAMILA LORENA,AVARIA NO PDV,420,252,0,0,v1-atual
23753,32158,23753 - 32158,204205,2026-07-27 12:47:07,WESLEY MEDEIROS,AVARIA NO DEPÓSITO,470,330,0,0,v1-atual
23753,32159,23753 - 32159,210205,2026-07-27 12:48:39,WESLEY MEDEIROS,AVARIA NO DEPÓSITO,100,0,0,0,v1-atual
23753,32160,23753 - 32160,216205,2026-07-27 12:50:24,WESLEY MEDEIROS,AVARIA NO DEPÓSITO,0,0,180,0,v1-atual
22530,36491,22530 - 36491,150206,2026-07-27 13:14:07,ELIABE LIMA MOURA,AVARIA NA ENTREGA,350,350,0,0,v1-atual
5009,137425,5009 - 137425,162204,2026-07-27 13:23:19,WILIANE GALVAO,OVOS PODRES,490,480,0,0,v1-atual
11602,248044,11602 - 248044,11602 - 248044,2026-07-27 13:23:20,ROBSON LIMA DOS SANTOS,AVARIA NO PDV,10,0,0,0,v1-atual
5009,137424,5009 - 137424,144204,2026-07-27 13:24:35,WILIANE GALVAO,OVOS PODRES,332,328,0,0,v1-atual
11602,248045,11602 - 248045,138205,2026-07-27 13:24:37,ROBSON LIMA DOS SANTOS,AVARIA NO PDV,870,511,0,0,v1-atual
11602,248046,11602 - 248046,141205,2026-07-27 13:25:01,ROBSON LIMA DOS SANTOS,AVARIA NO PDV,180,0,0,0,v1-atual
7142,19097,7142 - 19097,387205,2026-07-27 13:27:55,ROBSON LIMA DOS SANTOS,AVARIA NA ENTREGA,180,150,0,0,v1-atual
11410,22646,11410 - 22646,144205,2026-07-27 13:28:48,ROBSON LIMA DOS SANTOS,AVARIA NA ENTREGA,480,375,0,0,v1-atual
11602,247721,11602 - 247721,240202,2026-07-27 13:29:02,ROBSON LIMA DOS SANTOS,AVARIA NA ENTREGA,10,0,0,0,v1-atual
23457,18938,23457 - 18938,450205,2026-07-27 13:32:22,JOÃO VICTOR MATOS,AVARIA DE VIAGEM,440,440,0,0,v1-atual
12569,123650,12569 - 123650,381204,2026-07-27 13:50:50,FERNANDO,AVARIA NO PDV,222,0,0,0,v1-atual
2585,1081475,2585 - 1081475,246205,2026-07-27 14:09:36,EDSON ALVES DA COSTA,AVARIA NO DEPÓSITO,0,0,450,0,v1-atual
25136,2083,25136 - 2083,441205,2026-07-27 14:21:28,SAOUSA RENATO,AVARIA NO DEPÓSITO,760,0,0,0,v1-atual
25136,2084,25136 - 2084,444205,2026-07-27 14:23:28,SAOUSA RENATO,AVARIA NO DEPÓSITO,10,0,0,0,v1-atual
22647,39149,22647 - 39149,435205,2026-07-27 14:24:48,SAMUEL AMARO,OVOS PODRES,90,0,0,0,v1-atual
22647,39148,22647 - 39148,432205,2026-07-27 14:25:01,SAMUEL AMARO,OVOS PODRES,40,0,1320,0,v1-atual
22647,39147,22647 - 39147,429205,2026-07-27 14:25:13,SAMUEL AMARO,OVOS PODRES,620,0,0,0,v1-atual
10023,396152,10023 - 396152,225204,2026-07-27 14:25:35,SAMUEL AMARO,OVOS PODRES,120,0,0,0,v1-atual
10023,396151,10023 - 396151,222204,2026-07-27 14:25:47,SAMUEL AMARO,OVOS PODRES,480,0,1530,0,v1-atual
168,1786586,168 - 1786586,150204,2026-07-27 14:26:03,SAMUEL AMARO,OVOS PODRES,340,0,0,0,v1-atual
168,1786584,168 - 1786584,147204,2026-07-27 14:26:14,SAMUEL AMARO,OVOS PODRES,1020,0,2430,0,v1-atual
10023,395416,10023 - 395416,216195,2026-07-27 14:27:23,SAMUEL AMARO,OVOS PODRES,0,0,1200,0,v1-atual
3141,537439,3141 - 537439,162205,2026-07-27 14:28:56,CAMILA LORENA,AVARIA NO PDV,0,0,1200,0,v1-atual
2907,48453,2907 - 48453,177203,2026-07-27 14:38:46,DAMIÃO BEZERRA,AVARIA NA ENTREGA,190,0,60,0,v1-atual
11608,181570,11608 - 181570,690205,2026-07-27 14:40:53,GENESE PINHEIRO ALEXANDRE,AVARIA NA ENTREGA,60,60,0,0,v1-atual
11608,181569,11608 - 181569,660205,2026-07-27 14:41:16,GENESE PINHEIRO ALEXANDRE,AVARIA NA ENTREGA,730,730,0,0,v1-atual
13331,219997,13331 - 219997,360206,2026-07-27 14:47:57,JORSIRLAN,AVARIA NA ENTREGA,380,0,0,0,v1-atual
13331,220015,13331 - 220015,600206,2026-07-27 14:48:57,JORSIRLAN,AVARIA NA ENTREGA,10,0,0,0,v1-atual
13331,220014,13331 - 220014,570206,2026-07-27 14:49:47,JORSIRLAN,AVARIA NA ENTREGA,200,0,30,0,v1-atual
21971,130668,21971 - 130668,360204,2026-07-27 14:50:37,JORSIRLAN,AVARIA NA ENTREGA,370,0,0,0,v1-atual
21971,130774,21971 - 130774,297205,2026-07-27 14:50:57,JORSIRLAN,AVARIA NA ENTREGA,300,0,30,0,v1-atual
23714,12043,23714 - 12043,330205,2026-07-27 15:08:08,BRUNO GOMES,OVOS PODRES,1280,0,0,0,v1-atual
11023,64413,11023 - 64413,420205,2026-07-27 15:09:25,BRUNO GOMES,OVOS PODRES,810,0,60,0,v1-atual
21531,101609,21531 - 101609,240206,2026-07-27 15:18:56,FRANCISCO ALEXANDRE,AVARIA NA ENTREGA,1820,1820,0,0,v1-atual
21531,101610,21531 - 101610,270206,2026-07-27 15:19:36,FRANCISCO ALEXANDRE,AVARIA NA ENTREGA,20,20,0,0,v1-atual
15500,491763,15500 - 491763,150203,2026-07-27 15:19:55,JULYANNA MACIEL,OVOS VENCIDOS,100,0,0,0,v1-atual
15500,491762,15500 - 491762,147203,2026-07-27 15:20:08,JULYANNA MACIEL,OVOS VENCIDOS,1080,0,0,0,v1-atual
16384,40136,16384 - 40136,372205,2026-07-27 15:21:09,BRUNO AUGUSTO COSTA DE CARVALHO,AVARIA DE VIAGEM,260,0,0,0,v1-atual
1693,32951,1693 - 32951,840204,2026-07-27 15:26:03,DOMINIQUE MARTINS,AVARIA NO DEPÓSITO,350,0,30,0,v1-atual
4853,5394,4853 - 5394,300205,2026-07-27 15:29:42,FRANCISCO JHONATAN NUNES GOMES,AVARIA NO DEPÓSITO,890,700,0,0,v1-atual
20887,3467,20887 - 3467,420197,2026-07-27 15:30:00,FRANCISCO JHONATAN NUNES GOMES,AVARIA NO DEPÓSITO,890,700,0,0,v1-atual
22314,21137,22314 - 21137,300205,2026-07-27 15:30:45,FRANCISCO JHONATAN NUNES GOMES,AVARIA NO DEPÓSITO,710,520,0,0,v1-atual
17266,25521,17266 - 25521,102206,2026-07-27 16:05:49,OPERACOES,AVARIA DE VIAGEM,12,0,0,0,v1-atual
17510,67256,17510 - 67256,312204,2026-07-27 16:31:40,WILKENIA,AVARIA NA ENTREGA,440,188,0,0,v1-atual
17510,67255,17510 - 67255,309204,2026-07-27 16:32:41,WILKENIA,AVARIA NO PDV,226,100,30,0,v1-atual
3897,68379,3897 - 68379,"5,39625E+16",2026-07-27 16:36:33,WILKENIA,AVARIA NA ENTREGA,390,205,30,0,v1-atual
12466,172247,12466 - 172247,198204,2026-07-27 17:18:53,RENAN,OVOS PODRES,1220,0,0,0,v1-atual
12466,172248,12466 - 172248,201204,2026-07-27 17:19:59,RENAN,OVOS PODRES,1200,0,0,0,v1-atual
12466,172261,12466 - 172261,246204,2026-07-27 17:23:14,RENAN,AVARIA NO PDV,930,520,0,0,v1-atual
12466,172315,12466 - 172315,960206,2026-07-27 17:24:05,RENAN,AVARIA NO PDV,240,0,0,0,v1-atual
12466,172316,12466 - 172316,900206,2026-07-27 17:24:34,RENAN,AVARIA NO PDV,126,0,0,0,v1-atual
21738,136696,21738 - 136696,324203,2026-07-27 17:27:58,RENAN,AVARIA NO PDV,700,0,30,0,v1-atual
12575,169629,12575 - 169629,123206,2026-07-27 17:28:55,PAULO NOVAES,AVARIA NO PDV,24,0,0,0,v1-atual
12575,169628,12575 - 169628,117206,2026-07-27 17:29:05,PAULO NOVAES,AVARIA NO PDV,44,0,120,0,v1-atual
21736,129958,21736 - 129958,465205,2026-07-27 17:37:37,FABIANE RODRIGUES,AVARIA NO PDV,90,0,0,0,v1-atual
21736,129959,21736 - 129959,468205,2026-07-27 17:37:47,FABIANE RODRIGUES,AVARIA NO PDV,60,0,0,0,v1-atual
14545,154825,14545 - 154825,165204,2026-07-27 17:43:28,FABIANE RODRIGUES,AVARIA NO PDV,180,90,30,0,v1-atual
14545,154824,14545 - 154824,141204,2026-07-27 17:46:31,FABIANE RODRIGUES,OVOS PODRES,690,0,0,0,v1-atual
12564,147794,12564 - 147794,399204,2026-07-27 17:50:45,FABIANE RODRIGUES,OVOS PODRES,240,0,0,0,v1-atual
12564,147771,12564 - 147771,294203,2026-07-27 17:51:09,FABIANE RODRIGUES,AVARIA NO PDV,26,0,0,0,v1-atual
21852,21847,21852 - 21847,180206,2026-07-27 18:03:15,ALYSON SOUSA,AVARIA NA ENTREGA,520,510,30,0,v1-atual
15558,46336,15558 - 46336,870206,2026-07-27 21:06:38,JOSENILDO SILVA SOUSA,OVOS PODRES,240,0,30,0,v1-atual
15558,46337,15558 - 46337,840206,2026-07-27 21:08:17,JOSENILDO SILVA SOUSA,OVOS PODRES,140,0,0,0,v1-atual
15558,46335,15558 - 46335,810206,2026-07-27 21:09:17,JOSENILDO SILVA SOUSA,OVOS PODRES,30,0,0,0,v1-atual
19816,84598,19816 - 84598,900205,2026-07-27 21:58:07,WASHINGTON,AVARIA NO DEPÓSITO,520,360,120,0,v1-atual
10533,238438,10533 - 238438,378204,2026-07-28 00:57:43,ISABELLA,AVARIA NO PDV,50,20,0,0,v1-atual
25615,408,25615 - 408,270205,2026-07-28 00:58:18,ISABELLA,OVOS PODRES,20,0,0,0,v1-atual
10533,238437,10533 - 238437,270204,2026-07-28 00:59:02,ISABELLA,OVOS PODRES,450,350,0,0,v1-atual
10533,238434,10533 - 238434,237204,2026-07-28 00:59:44,ISABELLA,OVOS PODRES,380,270,0,0,v1-atual
10566,120079,10566 - 120079,408204,2026-07-28 01:00:14,ISABELLA,AVARIA NA ENTREGA,430,300,0,0,v1-atual
10533,238231,10533 - 238231,492197,2026-07-28 01:01:02,ISABELLA,OVOS PODRES,1400,0,0,0,v1-atual
10566,120077,10566 - 120077,357204,2026-07-28 01:04:55,ISABELLA,OVOS PODRES,276,200,0,0,v1-atual
10533,238435,10533 - 238435,345204,2026-07-28 01:05:21,ISABELLA,AVARIA NO PDV,60,0,0,0,v1-atual
1303,19718,1303 - 19718,240205,2026-07-28 06:48:36,CLEANE BRANDAO,AVARIA NO PDV,90,0,0,0,v1-atual
25357,719,25357 - 719,750206,2026-07-28 06:49:28,CLEANE BRANDAO,AVARIA NO PDV,130,0,30,0,v1-atual
25357,718,25357 - 718,690206,2026-07-28 06:49:57,CLEANE BRANDAO,AVARIA NO PDV,60,0,0,0,v1-atual
25357,717,25357 - 717,660206,2026-07-28 06:51:08,CLEANE BRANDAO,AVARIA NO DEPÓSITO,260,260,0,0,v1-atual
5007,153556,5007 - 153556,117204,2026-07-28 07:18:10,RAYARA OLIVEIRA,AVARIA NA ENTREGA,140,0,0,0,v1-atual
5007,153557,5007 - 153557,120204,2026-07-28 07:18:44,RAYARA OLIVEIRA,OVOS PODRES,90,0,0,0,v1-atual
5007,153618,5007 - 153618,474205,2026-07-28 07:19:20,RAYARA OLIVEIRA,AVARIA NO PDV,86,0,0,0,v1-atual
5007,153620,5007 - 153620,477205,2026-07-28 07:19:54,RAYARA OLIVEIRA,AVARIA NA ENTREGA,30,0,0,0,v1-atual
7315,291794,7315 - 291794,327204,2026-07-28 07:20:54,RAYARA OLIVEIRA,AVARIA NA ENTREGA,240,240,0,0,v1-atual
7315,291795,7315 - 291795,330204,2026-07-28 07:22:11,RAYARA OLIVEIRA,OVOS PODRES,340,340,0,0,v1-atual
7315,291797,7315 - 291797,333204,2026-07-28 07:22:40,RAYARA OLIVEIRA,AVARIA NO PDV,12,0,0,0,v1-atual
7315,291805,7315 - 291805,336204,2026-07-28 07:23:26,RAYARA OLIVEIRA,AVARIA NO PDV,60,60,0,0,v1-atual
17253,157973,17253 - 157973,930206,2026-07-28 07:26:19,OPERACOES,AVARIA DE VIAGEM,1556,1556,0,0,v1-atual
17266,25522,17266 - 25522,105206,2026-07-28 07:27:19,W R EXPRESS,AVARIA DE VIAGEM,600,0,0,0,v1-atual
17264,98165,17264 - 98165,351204,2026-07-28 07:28:19,OPERACOES,AVARIA DE VIAGEM,1500,1500,0,0,v1-atual
20530,32496,20530 - 32496,366205,2026-07-28 07:29:19,OPERACOES,AVARIA DE VIAGEM,1500,1500,0,0,v1-atual
17265,35152,17265 - 35152,270205,2026-07-28 07:30:09,W R EXPRESS,AVARIA DE VIAGEM,600,0,0,0,v1-atual
15550,67374,15550 - 67374,300206,2026-07-28 07:42:49,ALINE MAIARA SILVA,OVOS VENCIDOS,230,0,0,0,v1-atual
18495,5453,18495 - 5453,453205,2026-07-28 08:00:55,DANIELE,AVARIA NO PDV,120,0,0,0,v1-atual
18495,5452,18495 - 5452,456205,2026-07-28 08:01:23,DANIELE,AVARIA NO PDV,58,0,0,0,v1-atual
18495,5455,18495 - 5455,462205,2026-07-28 08:01:40,DANIELE,AVARIA NO PDV,60,0,0,0,v1-atual
18495,5454,18495 - 5454,459205,2026-07-28 08:01:51,DANIELE,AVARIA NO PDV,40,0,0,0,v1-atual
21600,23253,21600 - 23253,207204,2026-07-28 08:37:36,SABRINA RODRIGUES BARBOSA,AVARIA NO DEPÓSITO,420,268,0,0,v1-atual
24871,9927,24871 - 9927,192203,2026-07-28 09:19:15,ERICLES CAMILO ALVES CRUZ,AVARIA NO DEPÓSITO,760,0,0,0,v1-atual
24871,9929,24871 - 9929,195203,2026-07-28 09:21:28,ERICLES CAMILO ALVES CRUZ,AVARIA NO DEPÓSITO,20,0,0,0,v1-atual
1280,134017,1280 - 134017,114205,2026-07-28 09:21:44,GUILHERME,OVOS PODRES,52,0,0,0,v1-atual
11602,247781,11602 - 247781,333202,2026-07-28 09:21:55,CD JUAZEIRO,AVARIA DE VIAGEM,1400,1400,0,0,v1-atual
1280,134019,1280 - 134019,123205,2026-07-28 09:22:40,GUILHERME,AVARIA NA ENTREGA,116,116,0,0,v1-atual
1280,134040,1280 - 134040,411205,2026-07-28 09:23:21,GUILHERME,AVARIA NO PDV,50,50,0,0,v1-atual
1280,134041,1280 - 134041,420205,2026-07-28 09:25:37,GUILHERME,AVARIA NO PDV,156,156,0,0,v1-atual
1280,134042,1280 - 134042,423205,2026-07-28 09:26:18,GUILHERME,AVARIA NO PDV,32,0,0,0,v1-atual
12027,174225,12027 - 174225,405205,2026-07-28 09:27:11,GUILHERME,AVARIA NO PDV,104,0,0,0,v1-atual
12027,174226,12027 - 174226,414205,2026-07-28 09:27:47,GUILHERME,AVARIA NO PDV,48,0,0,0,v1-atual
16066,129310,16066 - 129310,363204,2026-07-28 09:28:29,GUILHERME,AVARIA NA ENTREGA,240,0,0,0,v1-atual
16066,129311,16066 - 129311,369204,2026-07-28 09:29:07,GUILHERME,AVARIA NO PDV,80,0,0,0,v1-atual
22912,8605,22912 - 8605,840205,2026-07-28 09:29:53,GUILHERME,AVARIA NA ENTREGA,120,120,0,0,v1-atual
22912,8606,22912 - 8606,870205,2026-07-28 09:30:36,GUILHERME,AVARIA NO PDV,44,0,0,0,v1-atual
23467,7084,23467 - 7084,249204,2026-07-28 09:31:32,GUILHERME,AVARIA NA ENTREGA,40,40,0,0,v1-atual
23467,7085,23467 - 7085,252204,2026-07-28 09:32:08,GUILHERME,AVARIA NA ENTREGA,40,0,0,0,v1-atual
23467,7086,23467 - 7086,255204,2026-07-28 09:33:03,GUILHERME,AVARIA NO PDV,12,12,30,0,v1-atual
23467,7087,23467 - 7087,258204,2026-07-28 09:33:58,GUILHERME,AVARIA NO PDV,80,80,0,0,v1-atual
22759,270941,22759 - 270941,222202,2026-07-28 09:37:51,NÃO LOCALIZADO,AVARIA NA ENTREGA,1080,1080,0,0,v1-atual
9125,158110,9125 - 158110,222205,2026-07-28 09:38:55,WILIANE GALVAO,OVOS PODRES,490,0,0,0,v1-atual
23042,4764,23042 - 4764,195204,2026-07-28 09:40:15,RODRIGO,AVARIA DE VIAGEM,230,0,390,0,v1-atual
9125,158107,9125 - 158107,183205,2026-07-28 09:41:14,WILIANE GALVAO,AVARIA NA ENTREGA,180,175,0,0,v1-atual
4487,251812,4487 - 251812,870204,2026-07-28 09:42:09,RODRIGO,AVARIA DE VIAGEM,1110,0,0,0,v1-atual
9125,158109,9125 - 158109,195205,2026-07-28 09:42:39,WILIANE GALVAO,AVARIA NO PDV,84,0,0,0,v1-atual
17264,98226,17264 - 98226,"2,19848E+25",2026-07-28 09:43:42,JOSE CLAUDIO,AVARIA NA ENTREGA,930,600,90,0,v1-atual
9125,158106,9125 - 158106,174205,2026-07-28 09:45:45,WILIANE GALVAO,OVOS PODRES,60,60,0,0,v1-atual
9125,158105,9125 - 158105,171205,2026-07-28 09:48:05,WILIANE GALVAO,OVOS PODRES,282,278,0,0,v1-atual
24137,3962,24137 - 3962,114206,2026-07-28 09:50:10,WILIANE GALVAO,AVARIA NA ENTREGA,18,0,0,0,v1-atual
24137,3961,24137 - 3961,111206,2026-07-28 09:52:01,WILIANE GALVAO,AVARIA NA ENTREGA,40,0,180,0,v1-atual
24137,3960,24137 - 3960,108206,2026-07-28 09:53:40,WILIANE GALVAO,AVARIA NA ENTREGA,120,0,0,0,v1-atual
20915,75903,20915 - 75903,312196,2026-07-28 10:12:53,DISTRIBUIÇÃO,FALTA DE PRODUTO,150,0,0,0,v1-atual
21811,14051,21811 - 14051,264204,2026-07-28 10:23:14,SILDIENY,AVARIA NO PDV,60,0,0,0,v1-atual
21811,14052,21811 - 14052,267204,2026-07-28 10:23:49,SILDIENY,AVARIA NO PDV,60,0,0,0,v1-atual
21811,14053,21811 - 14053,270204,2026-07-28 10:24:31,SILDIENY,AVARIA NO PDV,120,0,180,0,v1-atual
21811,14054,21811 - 14054,273204,2026-07-28 10:31:23,SILDIENY,AVARIA NO PDV,40,0,90,0,v1-atual
21811,14055,21811 - 14055,279204,2026-07-28 10:32:26,SILDIENY,AVARIA NO PDV,170,0,30,0,v1-atual
1288,58361,1288 - 58361,426205,2026-07-28 10:33:24,SILDIENY,AVARIA NO PDV,170,170,0,0,v1-atual
1288,58362,1288 - 58362,438205,2026-07-28 10:33:52,SILDIENY,AVARIA NO PDV,246,0,30,0,v1-atual
7315,291837,7315 - 291837,402204,2026-07-28 10:45:46,RAYARA OLIVEIRA,AVARIA NO PDV,100,0,0,0,v1-atual
7315,291838,7315 - 291838,405204,2026-07-28 10:46:10,RAYARA OLIVEIRA,AVARIA NO PDV,78,0,60,0,v1-atual
7315,291839,7315 - 291839,408204,2026-07-28 10:46:33,RAYARA OLIVEIRA,AVARIA NO PDV,60,0,0,0,v1-atual
7315,291840,7315 - 291840,414204,2026-07-28 10:47:06,RAYARA OLIVEIRA,OVOS PODRES,340,0,0,0,v1-atual
7315,291904,7315 - 291904,291205,2026-07-28 10:47:40,RAYARA OLIVEIRA,AVARIA NO PDV,20,20,0,0,v1-atual
7315,291905,7315 - 291905,312205,2026-07-28 10:48:43,RAYARA OLIVEIRA,OVOS PODRES,180,180,0,0,v1-atual
7315,291906,7315 - 291906,321205,2026-07-28 10:49:09,RAYARA OLIVEIRA,AVARIA NO PDV,130,0,30,0,v1-atual
7315,291907,7315 - 291907,324205,2026-07-28 10:49:31,RAYARA OLIVEIRA,AVARIA NO PDV,20,0,0,0,v1-atual
7315,291908,7315 - 291908,333205,2026-07-28 10:49:55,RAYARA OLIVEIRA,AVARIA NO PDV,80,0,0,0,v1-atual
7315,291909,7315 - 291909,351205,2026-07-28 10:50:24,RAYARA OLIVEIRA,OVOS PODRES,100,0,0,0,v1-atual
25349,3202970,25349 - 3202970,207197,2026-07-28 11:01:19,YURI,AVARIA NA ENTREGA,5004,0,0,0,v1-atual
15701,7898891,15701 - 7898891,261205,2026-07-28 11:01:34,YURI,AVARIA NA ENTREGA,250,0,0,0,v1-atual
15701,7898950,15701 - 7898950,279205,2026-07-28 11:01:51,YURI,AVARIA NA ENTREGA,2490,0,0,0,v1-atual
15701,7898951,15701 - 7898951,282205,2026-07-28 11:02:09,YURI,AVARIA NA ENTREGA,600,0,0,0,v1-atual
15701,7898953,15701 - 7898953,300205,2026-07-28 11:02:22,YURI,AVARIA NA ENTREGA,600,0,0,0,v1-atual
15701,7898955,15701 - 7898955,309205,2026-07-28 11:02:37,YURI,AVARIA NA ENTREGA,80,0,0,0,v1-atual
15701,7898958,15701 - 7898958,318205,2026-07-28 11:02:52,YURI,AVARIA NA ENTREGA,730,0,720,0,v1-atual
15701,7898974,15701 - 7898974,327205,2026-07-28 11:03:08,YURI,AVARIA NA ENTREGA,1100,0,0,0,v1-atual
24871,10102,24871 - 10102,267208,2026-07-28 11:03:13,ERICLES CAMILO ALVES CRUZ,AVARIA NO DEPÓSITO,1560,0,0,0,v1-atual
15701,7898996,15701 - 7898996,330205,2026-07-28 11:03:24,YURI,AVARIA NA ENTREGA,540,0,0,0,v1-atual
11605,176915,11605 - 176915,132208,2026-07-28 11:03:25,RENAN DE AZEVEDO OLIVEIRA,AVARIA NO DEPÓSITO,100,100,0,0,v1-atual
15701,7899000,15701 - 7899000,336205,2026-07-28 11:03:40,YURI,AVARIA NA ENTREGA,300,0,0,0,v1-atual
11605,176914,11605 - 176914,129208,2026-07-28 11:03:51,RENAN DE AZEVEDO OLIVEIRA,AVARIA NO DEPÓSITO,670,260,0,0,v1-atual
15701,7899001,15701 - 7899001,348205,2026-07-28 11:03:55,YURI,AVARIA NA ENTREGA,60,0,0,0,v1-atual
1285,119381,1285 - 119381,303203,2026-07-28 11:07:48,FLÁVIO,AVARIA DE VIAGEM,200,180,0,0,v1-atual
5009,137451,5009 - 137451,345205,2026-07-28 11:10:28,FLÁVIO,AVARIA DE VIAGEM,1310,1210,0,0,v1-atual
23488,60110,23488 - 60110,300204,2026-07-28 11:13:21,KLEVERTON FRAGOSO,AVARIA NO DEPÓSITO,0,0,840,0,v1-atual
17030,127589,17030 - 127589,231197,2026-07-28 11:13:48,FLÁVIO,AVARIA DE VIAGEM,80,60,0,0,v1-atual
5007,153449,5007 - 153449,246198,2026-07-28 11:15:20,FLÁVIO,AVARIA DE VIAGEM,1024,990,0,0,v1-atual
9125,158111,9125 - 158111,231205,2026-07-28 11:16:14,FLÁVIO,AVARIA DE VIAGEM,340,330,0,0,v1-atual
21738,137078,21738 - 137078,690208,2026-07-28 11:27:50,RENAN,AVARIA NA ENTREGA,840,0,0,0,v1-atual
20831,145805,20831 - 145805,654208,2026-07-28 11:29:02,RENAN,AVARIA NO DEPÓSITO,300,0,150,0,v1-atual
20831,145804,20831 - 145804,651208,2026-07-28 11:29:54,RENAN,AVARIA NO DEPÓSITO,300,0,0,0,v1-atual
7315,291834,7315 - 291834,366204,2026-07-28 11:31:00,FLÁVIO,AVARIA DE VIAGEM,400,390,0,0,v1-atual
14400,220287,14400 - 220287,627208,2026-07-28 11:31:11,RENAN,AVARIA NO PDV,300,0,60,0,v1-atual
2286,60178,2286 - 60178,150208,2026-07-28 11:31:51,GEISSON BRENER DA SILVA GOMES,AVARIA NO DEPÓSITO,270,0,0,0,v1-atual
12560,260923,12560 - 260923,411208,2026-07-28 11:32:08,FLÁVIO,AVARIA DE VIAGEM,140,120,0,0,v1-atual
2251,5440993,2251 - 5440993,630208,2026-07-28 11:32:28,GEISSON BRENER DA SILVA GOMES,AVARIA NO DEPÓSITO,810,0,150,0,v1-atual
1094,71110,1094 - 71110,600208,2026-07-28 11:32:55,GEISSON BRENER DA SILVA GOMES,AVARIA NO DEPÓSITO,460,270,90,0,v1-atual
1145,100351,1145 - 100351,105208,2026-07-28 12:32:38,ALYSON SOUSA,OVOS PODRES,200,0,0,0,v1-atual
1216,35950,1216 - 35950,114208,2026-07-28 12:33:30,ALYSON SOUSA,OVOS PODRES,160,0,0,0,v1-atual
10653,31181,10653 - 31181,930208,2026-07-28 12:34:07,ALYSON SOUSA,NÃO LOCALIZADO,794,0,30,0,v1-atual
10653,31182,10653 - 31182,960208,2026-07-28 12:43:27,ALYSON SOUSA,PROXIMO AO VENCIMENTO,466,280,0,0,v1-atual
8155,52074,8155 - 52074,990208,2026-07-28 12:44:28,MIGUEL ABNER CARV,AVARIA NO PDV,220,200,0,0,v1-atual
8155,52075,8155 - 52075,102208,2026-07-28 12:45:18,MIGUEL ABNER CARV,AVARIA NO PDV,60,50,0,0,v1-atual
17695,4709,17695 - 4709,171203,2026-07-28 12:53:49,KENNY ROBERT CARDOSO MARTINS,AVARIA NA ENTREGA,210,0,30,0,v1-atual
20506,50305,20506 - 50305,447205,2026-07-28 12:54:59,KENNY ROBERT CARDOSO MARTINS,AVARIA NA ENTREGA,100,0,30,0,v1-atual
20402,83557,20402 - 83557,267203,2026-07-28 12:58:51,DISTRIBUIÇÃO,AVARIA NA ENTREGA,10,10,0,0,v1-atual
20402,83558,20402 - 83558,270203,2026-07-28 13:00:33,DISTRIBUIÇÃO,AVARIA NA ENTREGA,20,20,0,0,v1-atual
17090,48632,17090 - 48632,309202,2026-07-28 13:02:21,DISTRIBUIÇÃO,FALTA DE PRODUTO,300,0,0,0,v1-atual
23083,30459,23083 - 30459,330198,2026-07-28 13:04:36,DISTRIBUIÇÃO,AVARIA NA ENTREGA,240,0,0,0,v1-atual
5950,681101,5950 - 681101,720192,2026-07-28 13:08:16,DISTRIBUIÇÃO,AVARIA NA ENTREGA,480,480,630,630,v1-atual
6950,115066,6950 - 115066,210204,2026-07-28 13:09:28,DISTRIBUIÇÃO,AVARIA NA ENTREGA,240,240,0,0,v1-atual
20402,83637,20402 - 83637,315204,2026-07-28 13:10:39,DISTRIBUIÇÃO,AVARIA NA ENTREGA,10,10,0,0,v1-atual
17081,32244,17081 - 32244,384205,2026-07-28 13:14:37,WILLIAN DIAS DOS SANTOS,OVOS PODRES,120,0,0,0,v1-atual
6951,34484,6951 - 34484,273203,2026-07-28 13:14:47,DISTRIBUIÇÃO,FALTA DE PRODUTO,150,0,0,0,v1-atual
23682,26859,23682 - 26859,360205,2026-07-28 13:17:00,DISTRIBUIÇÃO,AVARIA NA ENTREGA,300,300,0,0,v1-atual
15150,125686,15150 - 125686,900208,2026-07-28 13:20:34,MIGUEL ABNER CARV,AVARIA NO PDV,340,300,0,0,v1-atual
15150,125685,15150 - 125685,870208,2026-07-28 13:21:02,MIGUEL ABNER CARV,AVARIA NO PDV,20,0,0,0,v1-atual
13515,1309414,13515 - 1309414,153208,2026-07-28 13:21:38,FRANCINETE VIANA,AVARIA NO PDV,1534,0,330,0,v1-atual
17576,20278,17576 - 20278,210188,2026-07-28 13:30:50,DISTRIBUIÇÃO,AVARIA NA ENTREGA,200,200,0,0,v1-atual
4363,38736,4363 - 38736,141208,2026-07-28 13:57:13,PAULO ROBERTO FREIRES,AVARIA NO DEPÓSITO,570,110,30,0,v1-atual
22515,6116,22515 - 6116,150208,2026-07-28 13:58:37,PAULO ROBERTO FREIRES,AVARIA NO PDV,110,0,300,0,v1-atual
19299,48626,19299 - 48626,558208,2026-07-28 14:02:10,WILLIAN DIAS DOS SANTOS,OVOS PODRES,110,0,90,0,v1-atual
19299,48563,19299 - 48563,540206,2026-07-28 14:02:23,WILLIAN DIAS DOS SANTOS,OVOS PODRES,362,0,90,0,v1-atual
21983,105662,21983 - 105662,660196,2026-07-28 14:05:43,YURI,FALTA DE PRODUTO,540,540,0,0,v1-atual
20443,88991,20443 - 88991,600196,2026-07-28 14:07:30,YURI,FALTA DE PRODUTO,200,200,0,0,v1-atual
11607,238709,11607 - 238709,270197,2026-07-28 14:08:59,YURI,FALTA DE PRODUTO,300,300,0,0,v1-atual
12026,52622,12026 - 52622,900197,2026-07-28 14:10:14,YURI,AVARIA NA ENTREGA,80,80,0,0,v1-atual
10650,361360,10650 - 361360,480198,2026-07-28 14:12:43,YURI,AVARIA NA ENTREGA,200,200,0,0,v1-atual
1216,35832,1216 - 35832,690198,2026-07-28 14:14:24,YURI,AVARIA NA ENTREGA,460,460,0,0,v1-atual
1216,35859,1216 - 35859,690201,2026-07-28 14:15:06,YURI,AVARIA NA ENTREGA,220,220,0,0,v1-atual
21271,10392,21271 - 10392,690202,2026-07-28 14:16:11,YURI,AVARIA NA ENTREGA,570,570,0,0,v1-atual
11606,182894,11606 - 182894,270204,2026-07-28 14:17:18,YURI,FALTA DE PRODUTO,600,600,0,0,v1-atual
21254,6454,21254 - 6454,330204,2026-07-28 14:19:36,YURI,FALTA DE PRODUTO,300,300,0,0,v1-atual
11220,24040,11220 - 24040,720204,2026-07-28 14:20:50,YURI,FALTA DE PRODUTO,1800,1800,0,0,v1-atual
20443,89507,20443 - 89507,900205,2026-07-28 14:23:10,YURI,FALTA DE PRODUTO,150,10,0,0,v1-atual
21983,106860,21983 - 106860,390205,2026-07-28 14:23:54,YURI,FALTA DE PRODUTO,600,600,1200,1200,v1-atual
8156,33135,8156 - 33135,900206,2026-07-28 14:24:57,YURI,FALTA DE PRODUTO,200,200,0,0,v1-atual
15550,67399,15550 - 67399,156208,2026-07-28 14:35:34,ALINE MAIARA SILVA,AVARIA NO PDV,30,0,0,0,v1-atual
23111,12243,23111 - 12243,"7,53661E+20",2026-07-28 14:39:18,RUBENS ESCOCIO,AVARIA NA ENTREGA,360,341,0,0,v1-atual
12026,52832,12026 - 52832,300208,2026-07-28 14:42:25,RENAN DE AZEVEDO OLIVEIRA,OVOS VENCIDOS,340,0,0,0,v1-atual
12026,52834,12026 - 52834,300208,2026-07-28 14:45:55,RENAN DE AZEVEDO OLIVEIRA,AVARIA NO DEPÓSITO,220,139,30,0,v1-atual
2251,5440940,2251 - 5440940,630201,2026-07-28 14:53:41,YURI,FALTA DE PRODUTO,490,490,0,0,v1-atual
1216,35862,1216 - 35862,720201,2026-07-28 14:54:06,YURI,FALTA DE PRODUTO,300,300,0,0,v1-atual
1697,120006,1697 - 120006,354204,2026-07-28 14:59:38,DISTRIBUIÇÃO,AVARIA NA ENTREGA,1380,1380,0,0,v1-atual
20338,10908,20338 - 10908,624208,2026-07-28 15:15:27,KARINA COSTA,AVARIA NO PDV,80,0,0,0,v1-atual
22760,127132,22760 - 127132,342202,2026-07-28 15:20:28,DISTRIBUIÇÃO,AVARIA NA ENTREGA,720,720,0,0,v1-atual
17271,43191,17271 - 43191,294205,2026-07-28 15:23:34,DISTRIBUIÇÃO,AVARIA NA ENTREGA,47840,47840,0,0,v1-atual
16998,691219,16998 - 691219,114204,2026-07-28 15:35:36,DISTRIBUIÇÃO,AVARIA NA ENTREGA,400,400,0,0,v1-atual
13963,1623,13963 - 1623,990206,2026-07-28 15:52:21,MAURICIO PINHEIRO MIRANDA,AVARIA NO PDV,270,0,180,0,v1-atual
17263,38393,17263 - 38393,453208,2026-07-28 16:05:12,W R EXPRESS,AVARIA DE VIAGEM,360,0,0,0,v1-atual
17266,25532,17266 - 25532,600208,2026-07-28 16:05:49,W R EXPRESS,AVARIA DE VIAGEM,300,0,0,0,v1-atual
22591,68587,22591 - 68587,990196,2026-07-28 16:06:15,NÃO LOCALIZADO,AVARIA NA ENTREGA,2700,0,0,0,v1-atual
21547,13517,21547 - 13517,372208,2026-07-28 16:06:19,W R EXPRESS,AVARIA DE VIAGEM,200,0,0,0,v1-atual
20699,74028,20699 - 74028,543208,2026-07-28 16:10:59,W R EXPRESS,AVARIA DE VIAGEM,1588,1588,0,0,v1-atual
17263,38394,17263 - 38394,459208,2026-07-28 16:11:59,W R EXPRESS,AVARIA DE VIAGEM,3010,3010,0,0,v1-atual
21547,13516,21547 - 13516,366208,2026-07-28 16:13:39,W R EXPRESS,AVARIA DE VIAGEM,600,0,0,0,v1-atual
1290,551709,1290 - 551709,363205,2026-07-28 17:06:55,FLÁVIO,AVARIA DE VIAGEM,800,720,0,0,v1-atual
21740,120362,21740 - 120362,663208,2026-07-28 17:07:22,FABIO REDLOG,AVARIA DE VIAGEM,3000,2880,0,0,v1-atual
23231,564538,23231 - 564538,150205,2026-07-28 17:21:56,MATEUS OLIVEIRA,AVARIA NO PDV,1712,0,0,0,v1-atual
15777,46854,15777 - 46854,840208,2026-07-28 17:54:12,CHARLES SANTOS GON,PROXIMO AO VENCIMENTO,1720,1089,180,0,v1-atual
1290,551874,1290 - 551874,762208,2026-07-28 17:59:06,JESSICA COSTA,OVOS PODRES,100,0,0,0,v1-atual
1290,551875,1290 - 551875,765208,2026-07-28 18:00:09,JESSICA COSTA,OVOS PODRES,210,0,0,0,v1-atual
1290,551877,1290 - 551877,768208,2026-07-28 18:00:56,JESSICA COSTA,OVOS PODRES,900,0,0,0,v1-atual
1290,551879,1290 - 551879,774208,2026-07-28 18:10:47,JESSICA COSTA,OVOS PODRES,220,220,0,0,v1-atual
1290,551880,1290 - 551880,777208,2026-07-28 18:11:48,JESSICA COSTA,OVOS PODRES,720,720,0,0,v1-atual
1290,551876,1290 - 551876,786208,2026-07-28 18:14:27,JESSICA COSTA,OVOS PODRES,480,480,0,0,v1-atual
1290,551878,1290 - 551878,771208,2026-07-28 18:15:33,JESSICA COSTA,OVOS PODRES,0,0,300,0,v1-atual
1290,551881,1290 - 551881,789208,2026-07-28 18:16:47,JESSICA COSTA,OVOS PODRES,1760,1760,0,0,v1-atual
1290,551882,1290 - 551882,780208,2026-07-28 18:18:30,JESSICA COSTA,AVARIA NO PDV,20,0,0,0,v1-atual
4487,251917,4487 - 251917,474208,2026-07-28 18:21:13,LEIS LEAL DOS SANTOS,AVARIA NA ENTREGA,512,367,120,0,v1-atual
1290,551883,1290 - 551883,783208,2026-07-28 18:22:07,JESSICA COSTA,AVARIA NO PDV,22,0,0,0,v1-atual
23918,11432,23918 - 11432,255203,2026-07-28 18:46:00,DISTRIBUIÇÃO,AVARIA NA ENTREGA,200,200,0,0,v1-atual
16998,688591,16998 - 688591,270197,2026-07-28 18:48:08,DISTRIBUIÇÃO,AVARIA NA ENTREGA,740,740,0,0,v1-atual
25615,429,25615 - 429,456208,2026-07-28 19:26:20,RAYLLA SOUSA SANTOS,AVARIA NO PDV,20,0,0,0,v1-atual
25615,430,25615 - 430,462208,2026-07-28 19:27:09,RAYLLA SOUSA SANTOS,AVARIA NO PDV,80,80,0,0,v1-atual
19826,51712,19826 - 51712,231208,2026-07-28 20:25:16,FELIPE MARQUES,AVARIA NA ENTREGA,130,99,0,0,v1-atual
24642,3950,24642 - 3950,243204,2026-07-28 23:36:33,ELENILDE,AVARIA NO DEPÓSITO,590,0,0,0,v1-atual
24642,3945,24642 - 3945,231204,2026-07-28 23:37:32,ELENILDE,AVARIA NO DEPÓSITO,320,0,30,0,v1-atual
1287,121746,1287 - 121746,822208,2026-07-28 23:50:10,ELENILDE,AVARIA NO PDV,40,0,0,0,v1-atual
1287,121745,1287 - 121745,816208,2026-07-28 23:50:59,ELENILDE,AVARIA NO PDV,220,0,0,0,v1-atual
1287,121744,1287 - 121744,804208,2026-07-28 23:51:41,ELENILDE,AVARIA NO PDV,336,0,210,0,v1-atual
2044,17775,2044 - 17775,297203,2026-07-28 23:55:36,ELENILDE,AVARIA NO PDV,12,0,0,0,v1-atual
7316,137888,7316 - 137888,255208,2026-07-28 23:56:41,ELENILDE,AVARIA NO PDV,20,0,0,0,v1-atual
7316,137887,7316 - 137887,237208,2026-07-28 23:59:46,ELENILDE,AVARIA NO PDV,136,0,0,0,v1-atual
7316,137886,7316 - 137886,228208,2026-07-29 00:04:47,ELENILDE,AVARIA NO PDV,40,0,0,0,v1-atual
15925,34328,15925 - 34328,267205,2026-07-29 00:15:17,ELENILDE,AVARIA NO PDV,282,0,0,0,v1-atual
15925,34270,15925 - 34270,405201,2026-07-29 00:16:21,ELENILDE,AVARIA NO PDV,200,0,0,0,v1-atual
15925,34273,15925 - 34273,705201,2026-07-29 00:17:27,ELENILDE,AVARIA NO PDV,206,0,0,0,v1-atual
15925,34329,15925 - 34329,264205,2026-07-29 00:18:04,ELENILDE,AVARIA NO PDV,250,0,0,0,v1-atual
23376,6729,23376 - 6729,177208,2026-07-29 00:19:09,ELENILDE,AVARIA NO PDV,100,0,0,0,v1-atual
23376,6728,23376 - 6728,171208,2026-07-29 00:19:57,ELENILDE,AVARIA NA ENTREGA,40,0,0,0,v1-atual
23376,6726,23376 - 6726,162208,2026-07-29 00:21:05,ELENILDE,AVARIA NA ENTREGA,144,0,0,0,v1-atual
23376,6657,23376 - 6657,159201,2026-07-29 00:22:10,ELENILDE,AVARIA NA ENTREGA,150,0,0,0,v1-atual
23376,6727,23376 - 6727,168208,2026-07-29 00:22:51,ELENILDE,AVARIA NA ENTREGA,220,0,0,0,v1-atual
11501,25316,11501 - 25316,510208,2026-07-29 06:47:23,EVELINE DE SOUSA,AVARIA NO PDV,1106,0,30,0,v1-atual
20189,41314,20189 - 41314,513208,2026-07-29 06:48:43,EVELINE DE SOUSA,AVARIA NO PDV,260,0,0,0,v1-atual
20189,41311,20189 - 41311,432208,2026-07-29 06:51:06,EVELINE DE SOUSA,AVARIA NO PDV,230,230,0,0,v1-atual
3897,68380,3897 - 68380,213208,2026-07-29 06:51:46,WILKENIA,AVARIA NO PDV,290,100,90,0,v1-atual
3897,68381,3897 - 68381,210208,2026-07-29 06:52:06,WILKENIA,AVARIA NO PDV,40,0,0,0,v1-atual
3897,68382,3897 - 68382,219208,2026-07-29 06:52:47,WILKENIA,OVOS PODRES,310,200,0,0,v1-atual
25086,36451,25086 - 36451,282208,2026-07-29 07:11:44,KEWIN,AVARIA NO PDV,80,0,0,0,v1-atual
25086,36452,25086 - 36452,285208,2026-07-29 07:13:41,KEWIN,OVOS PODRES,600,0,0,0,v1-atual
25286,1418,25286 - 1418,210206,2026-07-29 07:15:05,MATHEUS LAURENTINO,AVARIA NO DEPÓSITO,370,0,0,0,v1-atual
23589,29894,23589 - 29894,810208,2026-07-29 07:21:04,LEUJUAN DIAS VIEIRA,AVARIA NA ENTREGA,20,20,0,0,v1-atual
23589,29893,23589 - 29893,780208,2026-07-29 07:21:44,LEUJUAN DIAS VIEIRA,AVARIA NO DEPÓSITO,780,780,0,0,v1-atual
23589,29892,23589 - 29892,750208,2026-07-29 07:22:04,LEUJUAN DIAS VIEIRA,AVARIA NA ENTREGA,720,720,0,0,v1-atual
15450,46275,15450 - 46275,"8,54113E+22",2026-07-29 07:45:13,ALAN,AVARIA NO DEPÓSITO,450,300,720,0,v1-atual
16007,78851,16007 - 78851,"5,56085E+21",2026-07-29 07:49:33,ALAN,AVARIA NO DEPÓSITO,1780,1080,30,0,v1-atual
1284,246540,1284 - 246540,219205,2026-07-29 08:24:57,DANILO,AVARIA NO DEPÓSITO,40,31,0,0,v1-atual
23754,85630,23754 - 85630,9b4c77c9-bbcd-451e-9b64-464711eb0351,2026-07-29 08:27:13,WESLEY MEDEIROS,AVARIA NO DEPÓSITO,360,238,390,0,v1-atual
23754,85631,23754 - 85631,117756438604610,2026-07-29 08:28:13,WESLEY MEDEIROS,AVARIA NO DEPÓSITO,70,0,0,0,v1-atual
1284,246662,1284 - 246662,693208,2026-07-29 08:28:56,DANILO,AVARIA NO DEPÓSITO,36,25,0,0,v1-atual
1284,246661,1284 - 246661,687208,2026-07-29 08:30:06,DANILO,AVARIA NO DEPÓSITO,632,420,0,0,v1-atual
1284,246539,1284 - 246539,213205,2026-07-29 08:32:10,DANILO,AVARIA NO DEPÓSITO,240,201,0,0,v1-atual
1284,246538,1284 - 246538,198205,2026-07-29 08:32:39,DANILO,AVARIA NO DEPÓSITO,136,105,30,0,v1-atual
1284,246333,1284 - 246333,120199,2026-07-29 08:33:45,DANILO,AVARIA NO DEPÓSITO,480,440,0,0,v1-atual
1284,246332,1284 - 246332,117199,2026-07-29 08:35:00,DANILO,AVARIA NO DEPÓSITO,82,61,0,0,v1-atual
1284,246331,1284 - 246331,114199,2026-07-29 08:35:46,DANILO,AVARIA NO DEPÓSITO,80,67,0,0,v1-atual
1284,246330,1284 - 246330,111199,2026-07-29 08:36:22,DANILO,AVARIA NO DEPÓSITO,358,320,0,0,v1-atual
1284,246117,1284 - 246117,468194,2026-07-29 08:37:12,DANILO,AVARIA NO DEPÓSITO,360,322,0,0,v1-atual
25048,2434,25048 - 2434,192205,2026-07-29 08:37:55,DANILO,AVARIA NO DEPÓSITO,180,166,0,0,v1-atual
25048,2433,25048 - 2433,186205,2026-07-29 08:38:35,DANILO,AVARIA NO DEPÓSITO,40,27,30,0,v1-atual
8079,25757,8079 - 25757,132205,2026-07-29 08:39:21,DANILO,AVARIA NO DEPÓSITO,220,205,0,0,v1-atual
24200,31746,24200 - 31746,186204,2026-07-29 08:44:06,ELENILDE,AVARIA NO PDV,70,0,0,0,v1-atual
24200,31745,24200 - 31745,183204,2026-07-29 08:45:37,ELENILDE,AVARIA NO PDV,0,0,600,0,v1-atual
15090,49217,15090 - 49217,"7,61506E+27",2026-07-29 08:46:23,ALYSON SOUSA,AVARIA NA ENTREGA,1170,900,120,0,v1-atual
23525,5775,23525 - 5775,273208,2026-07-29 08:55:55,SILDIENY,AVARIA NO PDV,60,0,0,0,v1-atual
17030,128074,17030 - 128074,681208,2026-07-29 08:57:02,SILDIENY,AVARIA NO PDV,20,0,60,0,v1-atual
17030,128076,17030 - 128076,684208,2026-07-29 08:57:57,SILDIENY,AVARIA NO PDV,320,0,0,0,v1-atual
1283,111760,1283 - 111760,408208,2026-07-29 09:11:07,CARLOS HENRIQUE,AVARIA NO PDV,60,54,0,0,v1-atual
21254,6563,21254 - 6563,138208,2026-07-29 09:11:07,FRANCISCO JAMISON SOUSA DE MIRANDA,AVARIA NA ENTREGA,400,400,0,0,v1-atual
1283,111759,1283 - 111759,402208,2026-07-29 09:11:25,CARLOS HENRIQUE,AVARIA NO PDV,150,105,0,0,v1-atual
21254,6548,21254 - 6548,108208,2026-07-29 09:11:25,FRANCISCO JAMISON SOUSA DE MIRANDA,AVARIA NA ENTREGA,440,0,90,0,v1-atual
21254,6562,21254 - 6562,135208,2026-07-29 09:11:46,FRANCISCO JAMISON SOUSA DE MIRANDA,AVARIA NA ENTREGA,430,430,0,0,v1-atual
16006,281593,16006 - 281593,690208,2026-07-29 09:13:05,ANA JAMILLY SOUSA,AVARIA NA ENTREGA,30,16,0,0,v1-atual
9456,90804,9456 - 90804,747208,2026-07-29 09:13:27,CARLOS HENRIQUE,AVARIA NO PDV,160,135,150,0,v1-atual
16006,281592,16006 - 281592,660208,2026-07-29 09:13:45,ANA JAMILLY SOUSA,AVARIA NA ENTREGA,880,880,0,0,v1-atual
9456,90798,9456 - 90798,735208,2026-07-29 09:15:08,CARLOS HENRIQUE,AVARIA NO PDV,300,121,0,0,v1-atual
19825,64875,19825 - 64875,192208,2026-07-29 09:29:48,JARDEL ARAUJO,AVARIA NA ENTREGA,480,0,0,0,v1-atual
17576,20463,17576 - 20463,612208,2026-07-29 09:34:10,ANDRESSA NEVES,OVOS PODRES,24,0,0,0,v1-atual
17576,20461,17576 - 20461,609208,2026-07-29 09:35:11,ANDRESSA NEVES,OVOS PODRES,0,0,840,0,v1-atual
17576,20462,17576 - 20462,606208,2026-07-29 09:35:47,ANDRESSA NEVES,AVARIA NA ENTREGA,20,0,0,0,v1-atual
17518,16017,17518 - 16017,648208,2026-07-29 09:37:41,RAIMUNDO,AVARIA NA ENTREGA,140,133,0,0,v1-atual
17576,20460,17576 - 20460,588208,2026-07-29 09:38:54,ANDRESSA NEVES,AVARIA NA ENTREGA,100,20,90,0,v1-atual
19590,11726,19590 - 11726,174208,2026-07-29 09:40:10,RAIMUNDO,AVARIA NA ENTREGA,300,279,0,0,v1-atual
17576,20459,17576 - 20459,546208,2026-07-29 09:40:36,ANDRESSA NEVES,AVARIA NA ENTREGA,434,390,0,0,v1-atual
15697,156078,15697 - 156078,165208,2026-07-29 09:48:19,DOUGLAS CARVALHO,AVARIA NO DEPÓSITO,380,330,0,0,v1-atual
20924,46869,20924 - 46869,450208,2026-07-29 09:49:13,DOUGLAS CARVALHO,AVARIA NO DEPÓSITO,420,0,0,0,v1-atual
16363,40462,16363 - 40462,189208,2026-07-29 10:05:44,RENAN,AVARIA NO PDV,50,0,0,0,v1-atual
5009,137497,5009 - 137497,492208,2026-07-29 10:14:19,WILIANE GALVAO,AVARIA NA ENTREGA,204,198,0,0,v1-atual
9125,158201,9125 - 158201,618208,2026-07-29 10:18:15,WILIANE GALVAO,AVARIA NA ENTREGA,250,248,0,0,v1-atual
20739,27382,20739 - 27382,282204,2026-07-29 10:18:42,DISTRIBUIÇÃO,AVARIA NA ENTREGA,900,900,0,0,v1-atual
9125,158200,9125 - 158200,603208,2026-07-29 10:18:50,WILIANE GALVAO,AVARIA NA ENTREGA,36,0,120,0,v1-atual
9125,158199,9125 - 158199,594208,2026-07-29 10:19:30,WILIANE GALVAO,AVARIA NO PDV,310,0,0,0,v1-atual
15701,7901271,15701 - 7901271,468208,2026-07-29 10:20:12,DISTRIBUIÇÃO,FALTA DE PRODUTO,360,0,0,0,v1-atual
5009,137498,5009 - 137498,678208,2026-07-29 10:20:24,WILIANE GALVAO,OVOS PODRES,340,328,0,0,v1-atual
22119,60078,22119 - 60078,630206,2026-07-29 10:21:02,DISTRIBUIÇÃO,AVARIA NA ENTREGA,500,500,0,0,v1-atual
2043,20323,2043 - 20323,384208,2026-07-29 10:22:13,WILIANE GALVAO,OVOS PODRES,230,95,180,0,v1-atual
15591,50129,15591 - 50129,249208,2026-07-29 10:30:03,JOÃO MARCOS,AVARIA NA ENTREGA,220,150,0,0,v1-atual
13515,1308193,13515 - 1308193,306204,2026-07-29 10:42:02,DISTRIBUIÇÃO,AVARIA NA ENTREGA,2100,2100,0,0,v1-atual
17271,43303,17271 - 43303,126206,2026-07-29 10:50:22,DISTRIBUIÇÃO,AVARIA NA ENTREGA,8890,8890,0,0,v1-atual
20402,83794,20402 - 83794,621208,2026-07-29 10:52:27,ANDERSON BARBOSA,OVOS PODRES,280,0,1200,0,v1-atual
11602,248388,11602 - 248388,162209,2026-07-29 10:54:34,ROBSON LIMA DOS SANTOS,AVARIA NA ENTREGA,30,0,0,0,v1-atual
11602,248387,11602 - 248387,159209,2026-07-29 10:55:17,ROBSON LIMA DOS SANTOS,AVARIA NA ENTREGA,1240,650,0,0,v1-atual
22648,39406,22648 - 39406,207209,2026-07-29 11:03:53,ANDERSON BARBOSA,OVOS PODRES,470,0,1200,0,v1-atual
8156,33192,8156 - 33192,390209,2026-07-29 11:10:41,JOAQUIM BORGES DA SILVA NETO,AVARIA NA ENTREGA,686,589,60,0,v1-atual
8156,33191,8156 - 33191,360209,2026-07-29 11:11:02,JOAQUIM BORGES DA SILVA NETO,AVARIA NA ENTREGA,100,50,0,0,v1-atual
8156,33190,8156 - 33190,330209,2026-07-29 11:11:24,JOAQUIM BORGES DA SILVA NETO,AVARIA NA ENTREGA,40,40,0,0,v1-atual
14254,44491,14254 - 44491,441208,2026-07-29 11:12:42,PAULO NATAN,AVARIA NO PDV,480,0,150,0,v1-atual
14254,44490,14254 - 44490,438208,2026-07-29 11:14:12,PAULO NATAN,AVARIA NO PDV,520,0,0,0,v1-atual
14254,44489,14254 - 44489,426208,2026-07-29 11:16:52,PAULO NATAN,AVARIA NO PDV,840,0,0,0,v1-atual
17264,98270,17264 - 98270,372209,2026-07-29 11:30:42,W R EXPRESS,AVARIA DE VIAGEM,1500,1500,0,0,v1-atual
24391,4889,24391 - 4889,255209,2026-07-29 11:33:01,W R EXPRESS,AVARIA DE VIAGEM,1600,1600,0,0,v1-atual
17265,35179,17265 - 35179,198209,2026-07-29 11:35:12,W R EXPRESS,AVARIA DE VIAGEM,1500,1500,0,0,v1-atual
12030,176674,12030 - 176674,666208,2026-07-29 11:36:39,DANIELE,AVARIA NO PDV,280,280,0,0,v1-atual
12030,176673,12030 - 176673,657208,2026-07-29 11:36:53,DANIELE,AVARIA NO PDV,20,0,60,0,v1-atual
12030,176671,12030 - 176671,630208,2026-07-29 11:37:08,DANIELE,AVARIA NO PDV,200,0,0,0,v1-atual
20698,53917,20698 - 53917,285209,2026-07-29 11:37:11,W R EXPRESS,AVARIA DE VIAGEM,1822,1822,0,0,v1-atual
13871,17397,13871 - 17397,186209,2026-07-29 11:39:27,FELIPE MARQUES,AVARIA NA ENTREGA,180,120,0,0,v1-atual
12560,260954,12560 - 260954,714208,2026-07-29 11:48:54,KAYTH,AVARIA NO PDV,300,300,0,0,v1-atual
12560,260953,12560 - 260953,711208,2026-07-29 11:49:24,KAYTH,AVARIA NO DEPÓSITO,100,100,0,0,v1-atual
12560,260952,12560 - 260952,705208,2026-07-29 11:49:52,KAYTH,AVARIA NO DEPÓSITO,100,100,0,0,v1-atual
12560,260951,12560 - 260951,702208,2026-07-29 11:50:14,KAYTH,AVARIA NO PDV,80,0,0,0,v1-atual
12560,260950,12560 - 260950,708208,2026-07-29 11:50:29,KAYTH,AVARIA NO PDV,20,0,0,0,v1-atual
12560,260949,12560 - 260949,699208,2026-07-29 11:50:46,KAYTH,AVARIA NO PDV,50,0,60,0,v1-atual
12560,260894,12560 - 260894,204208,2026-07-29 11:51:00,KAYTH,AVARIA NO PDV,52,0,90,0,v1-atual
12560,260897,12560 - 260897,267208,2026-07-29 11:51:11,KAYTH,AVARIA NO PDV,80,0,0,0,v1-atual
11517,47517,11517 - 47517,147209,2026-07-29 11:52:20,MARIA IRANEIDE,AVARIA NA ENTREGA,300,0,0,0,v1-atual
12560,260902,12560 - 260902,297208,2026-07-29 11:53:08,KAYTH,AVARIA NO PDV,420,420,0,0,v1-atual
23836,9183,23836 - 9183,321209,2026-07-29 11:59:23,MATEUS FIGUEIREDO FERREIRA,PROXIMO AO VENCIMENTO,480,300,0,0,v1-atual
8233,34857,8233 - 34857,258209,2026-07-29 12:00:30,MATEUS FIGUEIREDO FERREIRA,AVARIA NO PDV,170,100,30,0,v1-atual
4490,58082,4490 - 58082,102209,2026-07-29 12:01:22,MATEUS FIGUEIREDO FERREIRA,AVARIA NO PDV,120,100,30,0,v1-atual
25437,795,25437 - 795,120208,2026-07-29 12:19:23,CAIO GABRIEL DA SILVA ROCHA,AVARIA NO PDV,650,0,0,0,v1-atual
25224,1996,25224 - 1996,393208,2026-07-29 12:45:29,MARIA,OVOS PODRES,360,0,0,0,v1-atual
25224,1997,25224 - 1997,390208,2026-07-29 12:45:51,MARIA,AVARIA NO PDV,80,0,0,0,v1-atual
1700,41611,1700 - 41611,225209,2026-07-29 13:58:06,MARIA IRANEIDE,OVOS VENCIDOS,180,0,0,0,v1-atual
12553,108872,12553 - 108872,498208,2026-07-29 13:59:07,PAULO FERNANDO SILVA,AVARIA NO PDV,92,92,0,0,v1-atual
12553,108871,12553 - 108871,483208,2026-07-29 13:59:32,PAULO FERNANDO SILVA,AVARIA NO PDV,20,0,0,0,v1-atual
1700,41612,1700 - 41612,228209,2026-07-29 14:00:08,MARIA IRANEIDE,AVARIA NA ENTREGA,330,0,0,0,v1-atual
15738,77354,15738 - 77354,291208,2026-07-29 14:00:22,PAULO FERNANDO SILVA,AVARIA NO PDV,0,0,30,0,v1-atual
15738,77353,15738 - 77353,288208,2026-07-29 14:00:52,PAULO FERNANDO SILVA,AVARIA NO PDV,100,100,0,0,v1-atual
6952,60152,6952 - 60152,165205,2026-07-29 14:15:25,EVANDRO CORREIA,AVARIA NO PDV,20,0,0,0,v1-atual
23710,41520,23710 - 41520,390209,2026-07-29 14:16:34,EVANDRO CORREIA,AVARIA NO DEPÓSITO,0,0,1200,0,v1-atual
20071,125631,20071 - 125631,570208,2026-07-29 14:16:57,EDUARDO ALEXANDRE,OVOS PODRES,410,0,450,0,v1-atual
20071,125628,20071 - 125628,561208,2026-07-29 14:18:32,EDUARDO ALEXANDRE,OVOS PODRES,30,0,0,0,v1-atual
20071,125630,20071 - 125630,564208,2026-07-29 14:19:02,EDUARDO ALEXANDRE,OVOS PODRES,80,0,0,0,v1-atual
22119,60177,22119 - 60177,540208,2026-07-29 14:19:26,VILMENIA,AVARIA NA ENTREGA,200,100,0,0,v1-atual
23710,41518,23710 - 41518,387209,2026-07-29 14:20:05,EVANDRO CORREIA,AVARIA NO PDV,420,410,0,0,v1-atual
23683,57130,23683 - 57130,243209,2026-07-29 14:21:25,EVANDRO CORREIA,AVARIA NO PDV,30,25,2220,0,v1-atual
22119,60178,22119 - 60178,552208,2026-07-29 14:21:31,VILMENIA,AVARIA NA ENTREGA,240,100,0,0,v1-atual
23683,57131,23683 - 57131,249209,2026-07-29 14:22:16,EVANDRO CORREIA,AVARIA NO DEPÓSITO,840,661,0,0,v1-atual
22007,13451,22007 - 13451,495208,2026-07-29 14:27:03,ALISSON GONÇALVES CRUZ,AVARIA NO PDV,730,400,0,0,v1-atual
25048,2470,25048 - 2470,369208,2026-07-29 14:55:57,DANILO,AVARIA NO DEPÓSITO,200,159,0,0,v1-atual
25048,2469,25048 - 2469,363208,2026-07-29 14:57:37,DANILO,AVARIA NO DEPÓSITO,30,21,60,0,v1-atual
8079,25768,8079 - 25768,198208,2026-07-29 14:58:57,DANILO,AVARIA NO DEPÓSITO,60,41,0,0,v1-atual
23629,9941,23629 - 9941,549208,2026-07-29 15:08:57,ANDRESSA NEVES,OVOS PODRES,0,0,1980,0,v1-atual
23629,9939,23629 - 9939,531208,2026-07-29 15:10:36,ANDRESSA NEVES,AVARIA NA ENTREGA,60,0,0,0,v1-atual
25137,2110,25137 - 2110,639208,2026-07-29 15:11:02,JOÃO MARCOS,AVARIA NA ENTREGA,80,80,0,0,v1-atual
25137,2109,25137 - 2109,633208,2026-07-29 15:11:42,JOÃO MARCOS,AVARIA NA ENTREGA,250,120,0,0,v1-atual
23629,9940,23629 - 9940,534208,2026-07-29 15:15:18,ANDRESSA NEVES,AVARIA NA ENTREGA,580,520,0,0,v1-atual
22111,9012,22111 - 9012,480208,2026-07-29 15:23:23,ALISSON GONÇALVES CRUZ,OVOS PODRES,120,0,0,0,v1-atual
23404,6662,23404 - 6662,360209,2026-07-29 15:26:13,ALISSON GONÇALVES CRUZ,AVARIA NO PDV,360,180,0,0,v1-atual
16296,84933,16296 - 84933,360208,2026-07-29 15:31:52,CAMILA LORENA,AVARIA NA ENTREGA,1200,1200,0,0,v1-atual
17513,67244,17513 - 67244,597208,2026-07-29 16:01:00,GILERLESON FEQUES,AVARIA NA ENTREGA,160,160,0,0,v1-atual
17513,67243,17513 - 67243,582208,2026-07-29 16:01:21,GILERLESON FEQUES,AVARIA NA ENTREGA,20,20,0,0,v1-atual
17513,67241,17513 - 67241,573208,2026-07-29 16:01:47,GILERLESON FEQUES,AVARIA NA ENTREGA,120,120,0,0,v1-atual
15741,107205,15741 - 107205,753208,2026-07-29 16:04:24,SAOUSA RENATO,AVARIA NO DEPÓSITO,560,0,0,0,v1-atual
25136,2133,25136 - 2133,315209,2026-07-29 16:05:29,SAOUSA RENATO,AVARIA NO DEPÓSITO,360,0,0,0,v1-atual
25136,2137,25136 - 2137,342209,2026-07-29 16:06:04,SAOUSA RENATO,AVARIA NO DEPÓSITO,300,0,0,0,v1-atual
25136,2136,25136 - 2136,339209,2026-07-29 16:06:34,SAOUSA RENATO,AVARIA NO DEPÓSITO,180,0,0,0,v1-atual
2777,10005,2777 - 10005,507208,2026-07-29 16:43:41,ANA SELMA DA SILVA REIS,AVARIA NO PDV,640,0,30,0,v1-atual
2777,10015,2777 - 10015,156209,2026-07-29 16:44:17,ANA SELMA DA SILVA REIS,OVOS PODRES,290,0,0,0,v1-atual
1316,43712,1316 - 43712,120206,2026-07-29 17:18:26,LETICIA ELLEN COSTA DA SILVA,AVARIA NA ENTREGA,280,150,0,0,v1-atual
11599,33118,11599 - 33118,144208,2026-07-29 17:19:02,LETICIA ELLEN COSTA DA SILVA,AVARIA NA ENTREGA,100,60,0,0,v1-atual
21998,23191,21998 - 23191,630209,2026-07-29 17:19:50,LETICIA ELLEN COSTA DA SILVA,AVARIA NA ENTREGA,620,300,0,0,v1-atual
6689,391634,6689 - 391634,636208,2026-07-29 17:55:48,VILMENIA,AVARIA NA ENTREGA,348,200,0,0,v1-atual
6689,391635,6689 - 391635,645208,2026-07-29 17:59:07,VILMENIA,AVARIA NA ENTREGA,240,200,0,0,v1-atual
11606,183106,11606 - 183106,210208,2026-07-29 18:06:55,CAIO GABRIEL DA SILVA ROCHA,AVARIA NO PDV,20,0,0,0,v1-atual
11606,183107,11606 - 183107,270208,2026-07-29 18:07:33,CAIO GABRIEL DA SILVA ROCHA,AVARIA NO PDV,20,0,0,0,v1-atual
11606,183108,11606 - 183108,240208,2026-07-29 18:08:13,CAIO GABRIEL DA SILVA ROCHA,AVARIA NO PDV,90,0,0,0,v1-atual
11606,183105,11606 - 183105,180208,2026-07-29 18:09:02,CAIO GABRIEL DA SILVA ROCHA,AVARIA NA ENTREGA,780,780,0,0,v1-atual
21896,8736,21896 - 8736,147208,2026-07-29 18:10:16,CAIO GABRIEL DA SILVA ROCHA,AVARIA NO PDV,260,0,30,0,v1-atual
21200,15545,21200 - 15545,900208,2026-07-29 18:10:54,CAIO GABRIEL DA SILVA ROCHA,AVARIA NO PDV,260,0,30,0,v1-atual
2661,32337,2661 - 32337,570208,2026-07-29 18:12:38,CAIO GABRIEL DA SILVA ROCHA,AVARIA NO PDV,1066,0,60,0,v1-atual
19561,11368,19561 - 11368,480208,2026-07-29 18:17:07,CAIO GABRIEL DA SILVA ROCHA,OVOS VENCIDOS,470,0,150,0,v1-atual
19561,11369,19561 - 11369,510208,2026-07-29 18:17:22,CAIO GABRIEL DA SILVA ROCHA,AVARIA NO PDV,120,0,0,0,v1-atual
19561,11370,19561 - 11370,600208,2026-07-29 18:17:29,CAIO GABRIEL DA SILVA ROCHA,AVARIA NO PDV,140,0,30,0,v1-atual
19119,7690,19119 - 7690,261209,2026-07-29 18:30:29,JOEL LOBATO ALVES,AVARIA NO DEPÓSITO,610,0,690,0,v1-atual
18992,24216,18992 - 24216,930205,2026-07-29 21:51:44,SAOUSA RENATO,AVARIA NO DEPÓSITO,80,0,30,0,v1-atual
18992,24217,18992 - 24217,990205,2026-07-29 21:53:17,SAOUSA RENATO,AVARIA NO DEPÓSITO,30,0,0,0,v1-atual
18992,24346,18992 - 24346,312208,2026-07-29 21:55:04,SAOUSA RENATO,AVARIA NO DEPÓSITO,130,0,210,0,v1-atual
1302,20089,1302 - 20089,525208,2026-07-29 23:03:45,GUILHERME,NÃO LOCALIZADO,12,0,0,0,v1-atual
1302,20086,1302 - 20086,396208,2026-07-29 23:05:57,GUILHERME,AVARIA NO PDV,0,0,120,0,v1-atual
23467,7111,23467 - 7111,717208,2026-07-29 23:08:05,GUILHERME,AVARIA NO PDV,40,40,0,0,v1-atual
23467,7112,23467 - 7112,720208,2026-07-29 23:08:54,GUILHERME,AVARIA NA ENTREGA,60,60,0,0,v1-atual
23467,7113,23467 - 7113,723208,2026-07-29 23:09:34,GUILHERME,AVARIA NO PDV,20,0,30,0,v1-atual
5008,101750,5008 - 101750,315208,2026-07-29 23:10:24,GUILHERME,AVARIA NO PDV,20,0,0,0,v1-atual
5008,101749,5008 - 101749,321208,2026-07-29 23:11:03,GUILHERME,AVARIA NO PDV,30,0,0,0,v1-atual
5008,101751,5008 - 101751,327208,2026-07-29 23:14:31,GUILHERME,AVARIA NO PDV,120,120,0,0,v1-atual
5008,101753,5008 - 101753,333208,2026-07-29 23:16:23,GUILHERME,AVARIA NO PDV,40,40,0,0,v1-atual
5008,101754,5008 - 101754,342208,2026-07-29 23:21:18,GUILHERME,AVARIA NO PDV,40,40,0,0,v1-atual
5008,101755,5008 - 101755,345208,2026-07-29 23:23:11,GUILHERME,AVARIA NA ENTREGA,60,60,0,0,v1-atual
1138,78006,1138 - 78006,360208,2026-07-29 23:54:08,JOSÉ JULIANO RODRIGUES,OVOS PODRES,610,0,0,0,v1-atual
6566,94249,6566 - 94249,201209,2026-07-30 05:33:42,FERNANDO GALDINO,AVARIA NO PDV,460,0,0,0,v1-atual
17333,100807,17333 - 100807,222209,2026-07-30 05:35:35,FERNANDO GALDINO,AVARIA NO PDV,940,630,0,0,v1-atual
21530,92075,21530 - 92075,600209,2026-07-30 06:23:06,RAFAEL DOS SANTOS,AVARIA NO PDV,20,0,0,0,v1-atual
21530,92074,21530 - 92074,570209,2026-07-30 06:25:09,RAFAEL DOS SANTOS,AVARIA NA ENTREGA,430,350,0,0,v1-atual
21530,92073,21530 - 92073,540209,2026-07-30 06:29:09,RAFAEL DOS SANTOS,AVARIA NO DEPÓSITO,720,320,0,0,v1-atual
11608,181830,11608 - 181830,960209,2026-07-30 06:33:17,GENESE PINHEIRO ALEXANDRE,AVARIA NA ENTREGA,1430,1430,0,0,v1-atual
22946,77694,22946 - 77694,210209,2026-07-30 06:34:00,GENESE PINHEIRO ALEXANDRE,AVARIA NA ENTREGA,680,680,0,0,v1-atual
22946,77693,22946 - 77693,180209,2026-07-30 06:34:24,GENESE PINHEIRO ALEXANDRE,AVARIA NA ENTREGA,450,450,0,0,v1-atual
5528,173674,5528 - 173674,792208,2026-07-30 06:39:53,CLEANE BRANDAO,AVARIA NO PDV,84,84,0,0,v1-atual
5528,173670,5528 - 173670,744208,2026-07-30 06:40:23,CLEANE BRANDAO,AVARIA NO PDV,40,40,0,0,v1-atual
5528,173669,5528 - 173669,738208,2026-07-30 06:40:53,CLEANE BRANDAO,AVARIA NO PDV,60,60,0,0,v1-atual
5528,173668,5528 - 173668,729208,2026-07-30 06:41:55,CLEANE BRANDAO,AVARIA NO PDV,20,0,0,0,v1-atual
5528,173667,5528 - 173667,726208,2026-07-30 06:42:34,CLEANE BRANDAO,AVARIA NO PDV,170,0,30,0,v1-atual
14465,21486,14465 - 21486,516208,2026-07-30 06:43:35,CLEANE BRANDAO,AVARIA NO DEPÓSITO,280,280,0,0,v1-atual
14465,21485,14465 - 21485,501208,2026-07-30 06:44:06,CLEANE BRANDAO,AVARIA NO PDV,60,0,150,0,v1-atual
14465,21484,14465 - 21484,489208,2026-07-30 06:44:47,CLEANE BRANDAO,AVARIA NO DEPÓSITO,100,0,0,0,v1-atual
21155,31559,21155 - 31559,492208,2026-07-30 06:45:28,CLEANE BRANDAO,AVARIA NO PDV,40,0,0,0,v1-atual
21155,31558,21155 - 31558,486208,2026-07-30 06:45:59,CLEANE BRANDAO,AVARIA NO PDV,12,0,0,0,v1-atual
21155,31557,21155 - 31557,477208,2026-07-30 06:47:00,CLEANE BRANDAO,AVARIA NO PDV,10,0,0,0,v1-atual
21155,31556,21155 - 31556,465208,2026-07-30 06:47:31,CLEANE BRANDAO,AVARIA NO PDV,100,0,90,0,v1-atual
21155,31554,21155 - 31554,447208,2026-07-30 06:49:07,CLEANE BRANDAO,AVARIA NO PDV,120,120,0,0,v1-atual
21155,31552,21155 - 31552,444208,2026-07-30 06:50:31,CLEANE BRANDAO,AVARIA NO PDV,80,80,0,0,v1-atual
12029,108191,12029 - 108191,759208,2026-07-30 06:51:11,CLEANE BRANDAO,AVARIA NO DEPÓSITO,610,610,210,0,v1-atual
12029,108189,12029 - 108189,756208,2026-07-30 06:51:41,CLEANE BRANDAO,AVARIA NO DEPÓSITO,90,0,0,0,v1-atual
12029,108187,12029 - 108187,750208,2026-07-30 06:52:11,CLEANE BRANDAO,AVARIA NO DEPÓSITO,550,0,0,0,v1-atual
12029,108186,12029 - 108186,741208,2026-07-30 06:53:01,CLEANE BRANDAO,AVARIA NO PDV,20,0,0,0,v1-atual
12029,108185,12029 - 108185,732208,2026-07-30 06:53:21,CLEANE BRANDAO,AVARIA NO PDV,146,0,60,0,v1-atual
2341,44596,2341 - 44596,600209,2026-07-30 07:19:29,BRUNO GOMES,AVARIA NO PDV,240,0,30,0,v1-atual
23714,12089,23714 - 12089,450208,2026-07-30 07:19:59,BRUNO GOMES,OVOS PODRES,560,0,450,0,v1-atual
1139,74632,1139 - 74632,105209,2026-07-30 07:24:52,KARINA COSTA,AVARIA NO PDV,380,0,0,0,v1-atual
3811,538573,3811 - 538573,114209,2026-07-30 07:26:02,KARINA COSTA,AVARIA NO PDV,0,0,4200,0,v1-atual
20546,132906,20546 - 132906,300209,2026-07-30 07:31:00,KILDERLAN,AVARIA NA ENTREGA,350,350,0,0,v1-atual
20546,132905,20546 - 132905,270209,2026-07-30 07:31:29,KILDERLAN,AVARIA NA ENTREGA,510,510,0,0,v1-atual
21735,164177,21735 - 164177,330209,2026-07-30 08:05:56,KEWIN,AVARIA NO PDV,510,0,0,0,v1-atual
11604,223916,11604 - 223916,117208,2026-07-30 08:08:44,JOÃO VICTOR GOMES FERREIRA,AVARIA NO DEPÓSITO,510,460,0,0,v1-atual
11604,223917,11604 - 223917,120208,2026-07-30 08:08:56,JOÃO VICTOR GOMES FERREIRA,AVARIA NO DEPÓSITO,60,0,0,0,v1-atual
11604,223918,11604 - 223918,123208,2026-07-30 08:09:07,JOÃO VICTOR GOMES FERREIRA,AVARIA NO DEPÓSITO,60,0,0,0,v1-atual
23484,39436,23484 - 39436,480209,2026-07-30 08:09:12,FRANCISCO ALEXANDRE,AVARIA NA ENTREGA,300,300,300,0,v1-atual
11604,223919,11604 - 223919,126208,2026-07-30 08:09:20,JOÃO VICTOR GOMES FERREIRA,AVARIA NO DEPÓSITO,120,0,0,0,v1-atual
23484,39434,23484 - 39434,450209,2026-07-30 08:10:02,FRANCISCO ALEXANDRE,AVARIA NA ENTREGA,230,140,0,0,v1-atual
23484,39433,23484 - 39433,420209,2026-07-30 08:10:42,FRANCISCO ALEXANDRE,AVARIA NA ENTREGA,106,0,0,0,v1-atual
12562,68368,12562 - 68368,504208,2026-07-30 08:11:32,JEAN ARAUJO PEREIRA,AVARIA NO PDV,160,0,0,0,v1-atual
21531,101830,21531 - 101830,750209,2026-07-30 08:12:52,FRANCISCO ALEXANDRE,AVARIA NA ENTREGA,1140,1140,0,0,v1-atual
6428,60163,6428 - 60163,135209,2026-07-30 08:13:32,JEAN ARAUJO PEREIRA,OVOS PODRES,1180,0,30,0,v1-atual
21531,101832,21531 - 101832,810209,2026-07-30 08:13:33,FRANCISCO ALEXANDRE,AVARIA NA ENTREGA,570,280,0,0,v1-atual
21531,101831,21531 - 101831,780209,2026-07-30 08:13:52,FRANCISCO ALEXANDRE,AVARIA NA ENTREGA,80,0,0,0,v1-atual
6676,120854,6676 - 120854,528208,2026-07-30 08:17:57,GILERLESON FEQUES,AVARIA NA ENTREGA,50,50,30,0,v1-atual
17512,40283,17512 - 40283,324208,2026-07-30 08:18:33,GILERLESON FEQUES,AVARIA NA ENTREGA,168,168,0,0,v1-atual
1145,100422,1145 - 100422,"5,43777E+23",2026-07-30 08:20:09,ALYSON SOUSA,OVOS VENCIDOS,70,0,0,0,v1-atual
1145,100421,1145 - 100421,"2,58441E+22",2026-07-30 08:23:00,ALYSON SOUSA,AVARIA NO DEPÓSITO,1180,1000,0,0,v1-atual
11207,45922,11207 - 45922,126203,2026-07-30 08:31:26,JOÃO VITOR DE ALCANTARA FURTADO,AVARIA NO PDV,55,0,0,0,v1-atual
22118,18933,22118 - 18933,300209,2026-07-30 08:34:28,PAULO HENRIQUE,AVARIA NO PDV,310,0,0,0,v1-atual
4488,159222,4488 - 159222,108209,2026-07-30 08:34:32,JOÃO VITOR DE ALCANTARA FURTADO,AVARIA NO PDV,190,60,360,0,v1-atual
23803,11111,23803 - 11111,375209,2026-07-30 08:35:04,JOÃO VITOR DE ALCANTARA FURTADO,AVARIA NO PDV,340,260,360,0,v1-atual
23767,15453,23767 - 15453,207203,2026-07-30 08:35:20,JOÃO VITOR DE ALCANTARA FURTADO,AVARIA NO PDV,250,0,60,0,v1-atual
16021,122225,16021 - 122225,213209,2026-07-30 08:36:48,PAULO HENRIQUE,AVARIA NA ENTREGA,810,360,0,0,v1-atual
20189,41340,20189 - 41340,348209,2026-07-30 08:38:04,EVELINE DE SOUSA,AVARIA NO PDV,46,0,0,0,v1-atual
20189,41336,20189 - 41336,192209,2026-07-30 08:40:13,EVELINE DE SOUSA,AVARIA NO PDV,50,0,0,0,v1-atual
4242,81834,4242 - 81834,660209,2026-07-30 08:40:30,CHARLES SANTOS GON,AVARIA NO PDV,1260,1080,0,0,v1-atual
4818,91085,4818 - 91085,870209,2026-07-30 08:41:06,CHARLES SANTOS GON,AVARIA NO PDV,490,407,0,0,v1-atual
15777,46866,15777 - 46866,300209,2026-07-30 08:41:30,CHARLES SANTOS GON,AVARIA NO PDV,1220,987,0,0,v1-atual
11407,176432,11407 - 176432,258208,2026-07-30 08:44:29,LEO JAIME,AVARIA NA ENTREGA,4120,2880,390,0,v1-atual
11407,176431,11407 - 176431,246208,2026-07-30 08:45:05,LEO JAIME,AVARIA NA ENTREGA,2742,2405,840,0,v1-atual
20451,68339,20451 - 68339,180208,2026-07-30 08:45:10,BRENDO SILVA,AVARIA NO PDV,80,0,180,0,v1-atual
21299,42351,21299 - 42351,141209,2026-07-30 08:45:23,BRENDO SILVA,NÃO LOCALIZADO,100,0,240,0,v1-atual
21299,42352,21299 - 42352,144209,2026-07-30 08:46:22,BRENDO SILVA,AVARIA NA ENTREGA,710,0,0,0,v1-atual
21930,31145,21930 - 31145,351208,2026-07-30 08:46:41,BRENDO SILVA,AVARIA NO PDV,12,0,0,0,v1-atual
21930,31144,21930 - 31144,348208,2026-07-30 08:46:46,BRENDO SILVA,AVARIA NO PDV,210,0,0,0,v1-atual
21930,31064,21930 - 31064,108204,2026-07-30 08:46:52,BRENDO SILVA,AVARIA NA ENTREGA,480,0,0,0,v1-atual
22025,43364,22025 - 43364,330208,2026-07-30 08:47:04,BRENDO SILVA,AVARIA NO PDV,12,0,0,0,v1-atual
22025,43365,22025 - 43365,336208,2026-07-30 08:47:11,BRENDO SILVA,AVARIA NO DEPÓSITO,420,0,0,0,v1-atual
23510,13501,23510 - 13501,336201,2026-07-30 08:47:39,BRENDO SILVA,AVARIA NO DEPÓSITO,2790,0,0,0,v1-atual
5765,354047,5765 - 354047,354208,2026-07-30 08:48:14,RARIEL,AVARIA NO PDV,400,330,0,0,v1-atual
12789,92320,12789 - 92320,153209,2026-07-30 08:48:37,BRENDO SILVA,AVARIA NO PDV,90,0,0,0,v1-atual
12789,92285,12789 - 92285,780206,2026-07-30 08:48:44,BRENDO SILVA,AVARIA NA ENTREGA,390,0,0,0,v1-atual
12789,92252,12789 - 92252,213204,2026-07-30 08:48:53,BRENDO SILVA,AVARIA NO DEPÓSITO,300,0,0,0,v1-atual
12789,92278,12789 - 92278,450206,2026-07-30 08:49:00,BRENDO SILVA,AVARIA NO PDV,110,0,0,0,v1-atual
12789,92253,12789 - 92253,216204,2026-07-30 08:51:15,BRENDO SILVA,AVARIA NO DEPÓSITO,200,0,0,0,v1-atual
5765,354046,5765 - 354046,339208,2026-07-30 08:51:51,RARIEL,AVARIA NO PDV,340,150,180,0,v1-atual
21417,47127,21417 - 47127,159204,2026-07-30 08:52:27,BRENDO SILVA,AVARIA NO DEPÓSITO,2080,2080,0,0,v1-atual
5765,354044,5765 - 354044,318208,2026-07-30 08:55:02,RARIEL,AVARIA NA ENTREGA,240,121,0,0,v1-atual
1282,59700,1282 - 59700,642208,2026-07-30 08:57:19,RARIEL,AVARIA NA ENTREGA,100,90,30,0,v1-atual
20051,144917,20051 - 144917,123209,2026-07-30 09:26:55,EDNELSON MENDONCA DA CRUZ,AVARIA NO PDV,224,0,135,0,v1-atual
25615,438,25615 - 438,171209,2026-07-30 09:30:09,RAYLLA SOUSA SANTOS,AVARIA NO PDV,20,0,0,0,v1-atual
4493,65835,4493 - 65835,522208,2026-07-30 09:30:29,LUHHE COSTA DA COSTA,AVARIA NO PDV,510,160,90,90,v1-atual
7640,22463,7640 - 22463,300209,2026-07-30 09:31:22,LUHHE COSTA DA COSTA,AVARIA NO PDV,520,484,0,0,v1-atual
25615,439,25615 - 439,180209,2026-07-30 09:31:42,RAYLLA SOUSA SANTOS,AVARIA NO PDV,140,140,0,0,v1-atual
18967,795755,18967 - 795755,138203,2026-07-30 09:40:49,LUHHE COSTA DA COSTA,AVARIA NO PDV,350,0,30,0,v1-atual
17755,129970,17755 - 129970,159208,2026-07-30 09:47:16,EDUARDO JOSÉ,AVARIA NO DEPÓSITO,0,0,3300,0,v1-atual
17695,4810,17695 - 4810,375209,2026-07-30 09:48:15,FABIO REDLOG,AVARIA DE VIAGEM,150,93,0,0,v1-atual
8105,56405,8105 - 56405,183210,2026-07-30 10:12:38,ENIO,AVARIA NO PDV,360,180,180,0,v1-atual
20530,32568,20530 - 32568,261210,2026-07-30 10:13:30,W R EXPRESS,AVARIA DE VIAGEM,8304,7200,0,0,v1-atual
8105,56404,8105 - 56404,174210,2026-07-30 10:13:58,ENIO,AVARIA NO PDV,20,0,0,0,v1-atual
2614,234989,2614 - 234989,114210,2026-07-30 10:17:58,ALBA,AVARIA NA ENTREGA,830,0,60,0,v1-atual
2614,234988,2614 - 234988,111210,2026-07-30 10:20:06,ALBA,AVARIA NA ENTREGA,390,390,0,0,v1-atual
3944,78630,3944 - 78630,378209,2026-07-30 10:22:01,ALBA,AVARIA NA ENTREGA,120,0,0,0,v1-atual
20029,185783,20029 - 185783,294209,2026-07-30 10:24:55,ALBA,AVARIA NA ENTREGA,96,96,0,0,v1-atual
20029,185782,20029 - 185782,261209,2026-07-30 10:25:55,ALBA,AVARIA NA ENTREGA,20,0,0,0,v1-atual
23488,60479,23488 - 60479,591208,2026-07-30 10:40:31,KLEVERTON FRAGOSO,AVARIA NO DEPÓSITO,900,0,360,0,v1-atual
15550,67477,15550 - 67477,120210,2026-07-30 10:43:45,ALINE MAIARA SILVA,AVARIA NO PDV,140,0,0,0,v1-atual
8291,244993,8291 - 244993,405208,2026-07-30 10:44:23,BRENDO SILVA,NÃO LOCALIZADO,340,340,0,0,v1-atual
21416,48742,21416 - 48742,117209,2026-07-30 10:47:56,BRENDO SILVA,AVARIA NO PDV,190,0,0,0,v1-atual
21416,48773,21416 - 48773,393209,2026-07-30 10:48:03,BRENDO SILVA,AVARIA NO PDV,160,0,0,0,v1-atual
24183,10160,24183 - 10160,210210,2026-07-30 10:48:45,BRENDO SILVA,AVARIA NO PDV,12,0,0,0,v1-atual
24183,10161,24183 - 10161,213210,2026-07-30 10:48:53,BRENDO SILVA,AVARIA NO PDV,240,0,0,0,v1-atual
14830,17322,14830 - 17322,210210,2026-07-30 10:49:01,PAULO ROBERTO FREIRES,AVARIA NO DEPÓSITO,580,340,0,0,v1-atual
22647,39287,22647 - 39287,258210,2026-07-30 10:51:15,SAMUEL AMARO,OVOS PODRES,520,0,0,0,v1-atual
23383,5341,23383 - 5341,120209,2026-07-30 11:01:09,RAMON DE SOUZA JUCA,AVARIA NO PDV,170,60,0,0,v1-atual
9698,54776,9698 - 54776,900209,2026-07-30 11:03:21,MATHEUS LAURENTINO,AVARIA NO DEPÓSITO,100,0,0,0,v1-atual
23741,4777,23741 - 4777,930209,2026-07-30 11:04:05,MATHEUS LAURENTINO,NÃO LOCALIZADO,180,0,0,0,v1-atual
20297,85163,20297 - 85163,330208,2026-07-30 11:04:49,MATHEUS LAURENTINO,OVOS VENCIDOS,200,0,0,0,v1-atual
7140,52348,7140 - 52348,324209,2026-07-30 11:11:47,ANDRE PEREIRA,AVARIA NA ENTREGA,160,134,0,0,v1-atual
20831,145834,20831 - 145834,279209,2026-07-30 11:21:29,RENAN,AVARIA NO PDV,670,0,180,0,v1-atual
16006,281683,16006 - 281683,510209,2026-07-30 11:21:52,ANA JAMILLY SOUSA,AVARIA NA ENTREGA,340,340,0,0,v1-atual
20831,145835,20831 - 145835,285209,2026-07-30 11:22:19,RENAN,AVARIA NO PDV,100,0,0,0,v1-atual
20831,145836,20831 - 145836,288209,2026-07-30 11:23:32,RENAN,AVARIA NO DEPÓSITO,640,0,0,0,v1-atual
12735,114236,12735 - 114236,357208,2026-07-30 11:25:08,ADRIANA LIMA,AVARIA NA ENTREGA,1340,1340,0,0,v1-atual
20831,145879,20831 - 145879,207210,2026-07-30 11:25:19,RENAN,AVARIA NA ENTREGA,210,0,180,0,v1-atual
20831,145878,20831 - 145878,195210,2026-07-30 11:26:15,RENAN,AVARIA NA ENTREGA,210,0,0,0,v1-atual
11607,239549,11607 - 239549,900209,2026-07-30 11:26:18,FRANCISCO JAMISON SOUSA DE MIRANDA,AVARIA NA ENTREGA,630,500,0,0,v1-atual
11607,239550,11607 - 239550,120209,2026-07-30 11:26:43,FRANCISCO JAMISON SOUSA DE MIRANDA,AVARIA NA ENTREGA,220,200,0,0,v1-atual
20831,145877,20831 - 145877,189210,2026-07-30 11:26:59,RENAN,OVOS PODRES,1300,0,0,0,v1-atual
20831,145871,20831 - 145871,138210,2026-07-30 11:27:39,RENAN,AVARIA NO PDV,210,0,30,0,v1-atual
8480,344151,8480 - 344151,420210,2026-07-30 11:28:49,CAMILA LIMA,AVARIA NO PDV,420,328,0,0,v1-atual
1216,35979,1216 - 35979,510210,2026-07-30 11:30:05,ALYSON SOUSA,OVOS VENCIDOS,150,0,0,0,v1-atual
12735,114298,12735 - 114298,225210,2026-07-30 11:30:08,ADRIANA LIMA,AVARIA NA ENTREGA,300,300,0,0,v1-atual
1094,71194,1094 - 71194,120210,2026-07-30 11:35:12,GEISSON BRENER DA SILVA GOMES,AVARIA NA ENTREGA,520,432,0,0,v1-atual
24666,2636,24666 - 2636,240210,2026-07-30 11:36:32,GEISSON BRENER DA SILVA GOMES,AVARIA NO DEPÓSITO,330,251,0,0,v1-atual
23683,57163,23683 - 57163,105210,2026-07-30 11:39:56,EVANDRO CORREIA,AVARIA NO PDV,0,0,150,0,v1-atual
23683,57164,23683 - 57164,108210,2026-07-30 11:40:45,EVANDRO CORREIA,AVARIA NO PDV,220,196,0,0,v1-atual
14545,154909,14545 - 154909,567208,2026-07-30 12:56:44,FABIANE RODRIGUES,OVOS PODRES,220,0,0,0,v1-atual
14545,154908,14545 - 154908,555208,2026-07-30 12:56:59,FABIANE RODRIGUES,AVARIA NO PDV,20,0,0,0,v1-atual
14545,154907,14545 - 154907,537208,2026-07-30 12:59:00,FABIANE RODRIGUES,AVARIA NO PDV,100,60,0,0,v1-atual
21498,62466,21498 - 62466,243208,2026-07-30 13:13:47,TIAGO ARAGÃO DE JESUS,AVARIA NA ENTREGA,420,317,0,0,v1-atual
13777,71806,13777 - 71806,294208,2026-07-30 13:36:15,FERNANDO,OVOS PODRES,306,0,0,0,v1-atual
13777,71807,13777 - 71807,300208,2026-07-30 13:36:39,FERNANDO,AVARIA NO PDV,240,0,0,0,v1-atual
20207,97501,20207 - 97501,303208,2026-07-30 13:37:05,FERNANDO,OVOS PODRES,70,0,30,0,v1-atual
20207,97513,20207 - 97513,414208,2026-07-30 13:37:31,FERNANDO,AVARIA NO PDV,110,0,0,0,v1-atual
20207,97514,20207 - 97514,420208,2026-07-30 13:37:43,FERNANDO,OVOS PODRES,120,0,0,0,v1-atual
13331,220436,13331 - 220436,333210,2026-07-30 14:28:04,JORSIRLAN,AVARIA NA ENTREGA,330,0,0,0,v1-atual
21971,131392,21971 - 131392,309210,2026-07-30 14:28:34,JORSIRLAN,AVARIA NA ENTREGA,220,0,30,0,v1-atual
23986,2906,23986 - 2906,615208,2026-07-30 14:33:07,ALISSON GONÇALVES CRUZ,AVARIA NO PDV,200,120,0,0,v1-atual
11605,177139,11605 - 177139,630210,2026-07-30 14:40:55,RENAN DE AZEVEDO OLIVEIRA,AVARIA NA ENTREGA,710,360,0,0,v1-atual
11605,177141,11605 - 177141,690210,2026-07-30 14:41:55,RENAN DE AZEVEDO OLIVEIRA,AVARIA NA ENTREGA,20,20,0,0,v1-atual
11604,224084,11604 - 224084,570210,2026-07-30 14:42:39,JOÃO VICTOR GOMES FERREIRA,AVARIA NA ENTREGA,630,600,0,0,v1-atual
11605,177140,11605 - 177140,660210,2026-07-30 14:42:55,RENAN DE AZEVEDO OLIVEIRA,AVARIA NA ENTREGA,350,280,0,0,v1-atual
11604,224083,11604 - 224083,540210,2026-07-30 14:43:39,JOÃO VICTOR GOMES FERREIRA,AVARIA NA ENTREGA,10,10,0,0,v1-atual
16993,79631,16993 - 79631,279210,2026-07-30 14:49:37,JORSIRLAN,AVARIA NA ENTREGA,260,0,0,0,v1-atual
16022,461637,16022 - 461637,198210,2026-07-30 14:55:47,ANDERSON BARBOSA,OVOS PODRES,1200,1200,0,0,v1-atual
16022,461636,16022 - 461636,192210,2026-07-30 14:57:42,ANDERSON BARBOSA,OVOS PODRES,140,140,0,0,v1-atual
23904,31358,23904 - 31358,174209,2026-07-30 14:57:52,LEONARDO HENRIQUE,OVOS PODRES,260,0,0,0,v1-atual
17262,26672,17262 - 26672,177210,2026-07-30 15:29:08,JOSE CLAUDIO,AVARIA NA ENTREGA,510,420,330,0,v1-atual
21529,96511,21529 - 96511,420208,2026-07-30 15:29:37,RAFAEL DOS SANTOS,AVARIA NA ENTREGA,270,160,0,0,v1-atual
21529,96510,21529 - 96510,390208,2026-07-30 15:30:12,RAFAEL DOS SANTOS,AVARIA NA ENTREGA,1100,500,0,0,v1-atual
23682,26897,23682 - 26897,222208,2026-07-30 15:32:27,MÉRCIO,AVARIA NO DEPÓSITO,160,0,0,0,v1-atual
23682,26898,23682 - 26898,225208,2026-07-30 15:35:26,MÉRCIO,AVARIA NA ENTREGA,360,270,0,0,v1-atual
25468,170,25468 - 170,600210,2026-07-30 15:47:45,ALYSON SOUSA,OVOS VENCIDOS,308,0,0,0,v1-atual
20545,124101,20545 - 124101,720210,2026-07-30 15:47:47,EVERTON DUARTE,AVARIA NA ENTREGA,1270,880,0,0,v1-atual
20545,124103,20545 - 124103,780210,2026-07-30 15:48:29,EVERTON DUARTE,AVARIA NO DEPÓSITO,730,0,0,0,v1-atual
20545,124104,20545 - 124104,810210,2026-07-30 15:48:49,EVERTON DUARTE,AVARIA NO PDV,120,0,0,0,v1-atual
20545,124102,20545 - 124102,750210,2026-07-30 15:49:07,EVERTON DUARTE,AVARIA NO PDV,50,0,0,0,v1-atual
21983,107405,21983 - 107405,360210,2026-07-30 15:54:25,GENESE PINHEIRO ALEXANDRE,AVARIA NA ENTREGA,210,210,0,0,v1-atual
19233,61378,19233 - 61378,216210,2026-07-30 15:54:42,DOMINIQUE MARTINS,AVARIA NO DEPÓSITO,364,0,0,0,v1-atual
21983,107404,21983 - 107404,330210,2026-07-30 15:55:07,GENESE PINHEIRO ALEXANDRE,AVARIA NA ENTREGA,930,840,0,0,v1-atual
1697,120320,1697 - 120320,234209,2026-07-30 15:56:26,DOMINIQUE MARTINS,AVARIA NO PDV,576,0,270,0,v1-atual
10967,10843,10967 - 10843,162210,2026-07-30 16:00:22,IRACILDA DA SILVA,AVARIA NO PDV,280,0,120,0,v1-atual
2293,8388,2293 - 8388,111208,2026-07-30 16:13:19,FRANCISCO JHONATAN NUNES GOMES,AVARIA NO DEPÓSITO,500,0,60,0,v1-atual
15521,22022,15521 - 22022,450210,2026-07-30 16:13:51,FRANCISCO JHONATAN NUNES GOMES,AVARIA NO DEPÓSITO,0,0,720,0,v1-atual
22532,15492,22532 - 15492,150209,2026-07-30 16:14:14,FRANCISCO JHONATAN NUNES GOMES,AVARIA NO DEPÓSITO,240,200,0,0,v1-atual
3141,537764,3141 - 537764,168210,2026-07-30 16:49:48,CAMILA LORENA,AVARIA NO PDV,1220,720,0,0,v1-atual
3141,537765,3141 - 537765,180210,2026-07-30 16:51:33,CAMILA LORENA,AVARIA NO PDV,0,0,600,0,v1-atual
21498,62467,21498 - 62467,261208,2026-07-30 17:18:38,TIAGO ARAGÃO DE JESUS,AVARIA NA ENTREGA,650,0,0,0,v1-atual
1290,551952,1290 - 551952,402209,2026-07-30 17:51:35,JESSICA COSTA,OVOS PODRES,12,0,0,0,v1-atual
1290,551953,1290 - 551953,399209,2026-07-30 17:52:35,JESSICA COSTA,OVOS PODRES,200,0,0,0,v1-atual
1285,119440,1285 - 119440,216209,2026-07-30 18:17:35,WILIANE GALVAO,OVOS PODRES,290,275,0,0,v1-atual
1285,119439,1285 - 119439,213209,2026-07-30 18:19:57,WILIANE GALVAO,OVOS PODRES,450,0,0,0,v1-atual
2043,20332,2043 - 20332,153210,2026-07-30 18:22:27,WILIANE GALVAO,OVOS PODRES,100,98,0,0,v1-atual
22876,7456,22876 - 7456,930210,2026-07-30 19:54:15,FELIPE MARQUES,AVARIA NA ENTREGA,100,0,0,0,v1-atual
1304,23943,1304 - 23943,237209,2026-07-31 05:12:35,DANIELE,AVARIA NO PDV,168,0,0,0,v1-atual
12028,138089,12028 - 138089,375208,2026-07-31 05:13:40,DANIELE,AVARIA NO PDV,252,0,60,0,v1-atual
12028,138090,12028 - 138090,378208,2026-07-31 05:14:20,DANIELE,AVARIA NO PDV,20,0,0,0,v1-atual
12028,138091,12028 - 138091,381208,2026-07-31 05:14:50,DANIELE,AVARIA NO PDV,300,300,0,0,v1-atual
19010,173886,19010 - 173886,285203,2026-07-31 05:49:44,MARCOS ALBERTO,AVARIA DE VIAGEM,0,0,13800,13800,v1-atual
1138,78066,1138 - 78066,270210,2026-07-31 06:37:41,JOSÉ JULIANO RODRIGUES,OVOS PODRES,280,0,0,0,v1-atual
24034,1827,24034 - 1827,177209,2026-07-31 06:37:58,RAYARA OLIVEIRA,AVARIA NO PDV,0,0,30,0,v1-atual
24034,1826,24034 - 1826,168209,2026-07-31 06:38:24,RAYARA OLIVEIRA,AVARIA NO PDV,20,0,0,0,v1-atual
24034,1825,24034 - 1825,162209,2026-07-31 06:38:57,RAYARA OLIVEIRA,AVARIA NO DEPÓSITO,180,0,0,0,v1-atual
23811,2193,23811 - 2193,294210,2026-07-31 06:39:26,RAYARA OLIVEIRA,AVARIA NO PDV,70,0,0,0,v1-atual
23811,2195,23811 - 2195,291210,2026-07-31 06:39:55,RAYARA OLIVEIRA,AVARIA NO PDV,20,0,0,0,v1-atual
5007,153675,5007 - 153675,795208,2026-07-31 06:40:34,RAYARA OLIVEIRA,AVARIA NA ENTREGA,44,0,0,0,v1-atual
5007,153676,5007 - 153676,798208,2026-07-31 06:41:05,RAYARA OLIVEIRA,AVARIA NO DEPÓSITO,40,0,0,0,v1-atual
5007,153678,5007 - 153678,801208,2026-07-31 06:41:37,RAYARA OLIVEIRA,AVARIA NO PDV,214,0,30,0,v1-atual
5007,153679,5007 - 153679,807208,2026-07-31 06:42:08,RAYARA OLIVEIRA,AVARIA NO PDV,90,0,0,0,v1-atual
5007,153680,5007 - 153680,810208,2026-07-31 06:42:40,RAYARA OLIVEIRA,AVARIA NO PDV,20,0,0,0,v1-atual
5007,153681,5007 - 153681,813208,2026-07-31 06:43:15,RAYARA OLIVEIRA,AVARIA NO PDV,120,120,0,0,v1-atual
5007,153682,5007 - 153682,819208,2026-07-31 06:43:47,RAYARA OLIVEIRA,AVARIA NO PDV,120,120,0,0,v1-atual
7315,292002,7315 - 292002,183208,2026-07-31 06:45:20,RAYARA OLIVEIRA,AVARIA NO PDV,20,20,0,0,v1-atual
7315,292003,7315 - 292003,186208,2026-07-31 06:45:58,RAYARA OLIVEIRA,AVARIA NO PDV,20,20,0,0,v1-atual
7315,292005,7315 - 292005,201208,2026-07-31 06:46:45,RAYARA OLIVEIRA,OVOS PODRES,240,240,0,0,v1-atual
7315,292008,7315 - 292008,234208,2026-07-31 06:47:24,RAYARA OLIVEIRA,AVARIA NO PDV,12,0,0,0,v1-atual
7315,292010,7315 - 292010,240208,2026-07-31 06:47:52,RAYARA OLIVEIRA,AVARIA NO PDV,20,0,0,0,v1-atual
7315,292012,7315 - 292012,276208,2026-07-31 06:48:17,RAYARA OLIVEIRA,AVARIA NO PDV,20,0,0,0,v1-atual
7315,292036,7315 - 292036,435208,2026-07-31 06:48:56,RAYARA OLIVEIRA,AVARIA NO DEPÓSITO,180,0,0,0,v1-atual
7315,292011,7315 - 292011,279208,2026-07-31 06:49:26,RAYARA OLIVEIRA,AVARIA NO PDV,40,0,0,0,v1-atual
7315,292032,7315 - 292032,417208,2026-07-31 06:50:04,RAYARA OLIVEIRA,AVARIA NO DEPÓSITO,20,20,0,0,v1-atual
7315,292033,7315 - 292033,423208,2026-07-31 06:50:40,RAYARA OLIVEIRA,AVARIA NO DEPÓSITO,140,140,0,0,v1-atual
7315,292034,7315 - 292034,429208,2026-07-31 06:51:08,RAYARA OLIVEIRA,AVARIA NO PDV,60,0,60,0,v1-atual
7315,292379,7315 - 292379,300210,2026-07-31 06:51:39,RAYARA OLIVEIRA,AVARIA NO PDV,40,0,30,0,v1-atual
25615,445,25615 - 445,132210,2026-07-31 07:02:51,RAYLLA SOUSA SANTOS,AVARIA NO PDV,40,0,0,0,v1-atual
25615,446,25615 - 446,135210,2026-07-31 07:04:21,RAYLLA SOUSA SANTOS,AVARIA NO PDV,80,80,0,0,v1-atual
2043,20330,2043 - 20330,144210,2026-07-31 07:21:44,WILIANE GALVAO,OVOS PODRES,120,0,60,0,v1-atual
9125,158242,9125 - 158242,141210,2026-07-31 07:22:42,WILIANE GALVAO,AVARIA NA ENTREGA,240,230,0,0,v1-atual
7315,292381,7315 - 292381,303210,2026-07-31 07:26:04,RAYARA OLIVEIRA,AVARIA NO PDV,30,0,0,0,v1-atual
7315,292384,7315 - 292384,306210,2026-07-31 07:26:40,RAYARA OLIVEIRA,AVARIA NO PDV,20,0,0,0,v1-atual
7315,292385,7315 - 292385,315210,2026-07-31 07:27:07,RAYARA OLIVEIRA,AVARIA NO PDV,40,0,0,0,v1-atual
7315,292388,7315 - 292388,318210,2026-07-31 07:27:55,RAYARA OLIVEIRA,AVARIA NO DEPÓSITO,70,0,0,0,v1-atual
22055,17556,22055 - 17556,900210,2026-07-31 07:47:12,FELIPE MARQUES,AVARIA NA ENTREGA,280,210,30,0,v1-atual
17561,25578,17561 - 25578,342209,2026-07-31 07:47:49,MAURICIO PINHEIRO MIRANDA,AVARIA NO PDV,350,0,0,0,v1-atual
4486,23931,4486 - 23931,390209,2026-07-31 07:48:39,MAURICIO PINHEIRO MIRANDA,AVARIA NO PDV,140,50,150,0,v1-atual
4491,56266,4491 - 56266,291209,2026-07-31 07:49:30,MAURICIO PINHEIRO MIRANDA,AVARIA NO PDV,292,192,0,0,v1-atual
4519,63243,4519 - 63243,102210,2026-07-31 07:50:19,MAURICIO PINHEIRO MIRANDA,AVARIA NO PDV,380,300,0,0,v1-atual
4494,40131,4494 - 40131,129209,2026-07-31 07:51:09,MAURICIO PINHEIRO MIRANDA,AVARIA NO PDV,190,160,0,0,v1-atual
21739,127290,21739 - 127290,228210,2026-07-31 07:53:06,KEWIN,AVARIA NA ENTREGA,720,0,60,0,v1-atual
23740,908,23740 - 908,150210,2026-07-31 07:55:03,MATHEUS LAURENTINO,AVARIA NO DEPÓSITO,530,0,300,0,v1-atual
13733,13440,13733 - 13440,180210,2026-07-31 07:55:28,MATHEUS LAURENTINO,AVARIA NO DEPÓSITO,300,0,0,0,v1-atual
21739,127294,21739 - 127294,243210,2026-07-31 07:55:57,KEWIN,AVARIA NO PDV,510,0,210,0,v1-atual
24642,3996,24642 - 3996,342210,2026-07-31 08:01:44,ELENILDE,AVARIA NA ENTREGA,0,0,210,0,v1-atual
24642,3994,24642 - 3994,336210,2026-07-31 08:03:51,ELENILDE,AVARIA NA ENTREGA,268,0,0,0,v1-atual
24642,3988,24642 - 3988,156210,2026-07-31 08:05:02,ELENILDE,AVARIA NA ENTREGA,40,0,0,0,v1-atual
24642,3987,24642 - 3987,150210,2026-07-31 08:06:19,ELENILDE,AVARIA NA ENTREGA,420,420,0,0,v1-atual
24642,3983,24642 - 3983,990209,2026-07-31 08:07:38,ELENILDE,AVARIA NO PDV,220,220,0,0,v1-atual
12734,96799,12734 - 96799,159210,2026-07-31 08:11:05,FRANCIS SANTANA,FALTA DE PRODUTO,300,300,0,0,v1-atual
12734,96784,12734 - 96784,207209,2026-07-31 08:12:56,FRANCIS SANTANA,FALTA DE PRODUTO,650,650,30,0,v1-atual
22706,87578,22706 - 87578,381201,2026-07-31 08:17:13,GILERLESON FEQUES,AVARIA NA ENTREGA,260,0,0,0,v1-atual
24642,3995,24642 - 3995,339210,2026-07-31 08:17:47,ELENILDE,AVARIA NO PDV,20,0,0,0,v1-atual
14569,134941,14569 - 134941,315209,2026-07-31 08:42:03,DIEGO,AVARIA NO PDV,386,0,0,0,v1-atual
14569,134940,14569 - 134940,309209,2026-07-31 08:42:30,DIEGO,AVARIA NA ENTREGA,22,0,60,0,v1-atual
23370,5388,23370 - 5388,237204,2026-07-31 08:50:02,BRENDO SILVA,AVARIA NO DEPÓSITO,900,900,0,0,v1-atual
23370,5389,23370 - 5389,240204,2026-07-31 08:50:10,BRENDO SILVA,AVARIA NO PDV,60,0,0,0,v1-atual
23370,5478,23370 - 5478,471208,2026-07-31 08:50:15,BRENDO SILVA,AVARIA NO PDV,20,0,0,0,v1-atual
21377,134190,21377 - 134190,348210,2026-07-31 08:51:52,PAULO NOVAES,OVOS PODRES,76,0,0,0,v1-atual
21377,134189,21377 - 134189,345210,2026-07-31 08:53:05,PAULO NOVAES,OVOS PODRES,180,0,90,0,v1-atual
8155,52127,8155 - 52127,900210,2026-07-31 09:00:33,MIGUEL ABNER CARV,AVARIA NO PDV,280,200,0,0,v1-atual
8155,52126,8155 - 52126,600210,2026-07-31 09:01:13,MIGUEL ABNER CARV,AVARIA NO PDV,210,173,0,0,v1-atual
8155,52125,8155 - 52125,300210,2026-07-31 09:01:43,MIGUEL ABNER CARV,AVARIA NO PDV,24,0,0,0,v1-atual
6689,391638,6689 - 391638,660208,2026-07-31 09:06:18,WILLIAM,AVARIA NO PDV,180,0,0,0,v1-atual
22637,10256,22637 - 10256,246210,2026-07-31 09:20:44,WILLIAM,AVARIA NA ENTREGA,600,0,0,0,v1-atual
19626,19308,19626 - 19308,534176,2026-07-31 09:21:38,WILLIAM,AVARIA NA ENTREGA,1280,0,0,0,v1-atual
17050,91244,17050 - 91244,576208,2026-07-31 09:32:05,LETICIA,AVARIA NA ENTREGA,1162,954,120,0,v1-atual
17050,91245,17050 - 91245,579208,2026-07-31 09:32:46,LETICIA,AVARIA NO PDV,240,198,0,0,v1-atual
17050,91246,17050 - 91246,585208,2026-07-31 09:34:01,LETICIA,AVARIA NA ENTREGA,220,213,0,0,v1-atual
13777,71819,13777 - 71819,186209,2026-07-31 09:41:20,FERNANDO,OVOS PODRES,280,0,0,0,v1-atual
13777,71820,13777 - 71820,192209,2026-07-31 09:41:47,FERNANDO,AVARIA NO PDV,210,0,0,0,v1-atual
17253,158195,17253 - 158195,"5,68843E+16",2026-07-31 09:42:12,RUBENS ESCOCIO,AVARIA NA ENTREGA,2462,1778,270,0,v1-atual
19578,11316,19578 - 11316,324210,2026-07-31 09:44:08,EDNELSON MENDONCA DA CRUZ,AVARIA NO PDV,20,0,45,0,v1-atual
21895,105499,21895 - 105499,222210,2026-07-31 09:44:36,EDNELSON MENDONCA DA CRUZ,AVARIA NO PDV,88,0,0,0,v1-atual
5346,370195,5346 - 370195,303209,2026-07-31 09:51:40,KENNY ROBERT CARDOSO MARTINS,AVARIA NA ENTREGA,150,0,60,0,v1-atual
301,144387,301 - 144387,351209,2026-07-31 09:53:50,KENNY ROBERT CARDOSO MARTINS,AVARIA NA ENTREGA,460,0,0,0,v1-atual
15090,49295,15090 - 49295,426ad995-a1ee-4cde-a707-2a8dbc75c865,2026-07-31 09:59:47,ALYSON SOUSA,AVARIA NA ENTREGA,3180,2080,180,0,v1-atual
301,144388,301 - 144388,360209,2026-07-31 10:12:00,KENNY ROBERT CARDOSO MARTINS,PROXIMO AO VENCIMENTO,460,460,0,0,v1-atual
25118,2708,25118 - 2708,249209,2026-07-31 10:12:35,LUHHE COSTA DA COSTA,AVARIA NO PDV,765,755,0,0,v1-atual
20660,34713,20660 - 34713,390210,2026-07-31 10:22:52,CHARLES SANTOS GON,AVARIA NO PDV,100,0,0,0,v1-atual
18967,795851,18967 - 795851,330210,2026-07-31 11:01:34,LUHHE COSTA DA COSTA,AVARIA NO PDV,240,240,0,0,v1-atual
12419,41073,12419 - 41073,231210,2026-07-31 11:02:28,MATEUS FIGUEIREDO FERREIRA,AVARIA NO DEPÓSITO,270,0,0,0,v1-atual
21555,17163,21555 - 17163,321210,2026-07-31 11:03:19,LUHHE COSTA DA COSTA,AVARIA NO PDV,400,350,90,90,v1-atual
10533,238626,10533 - 238626,306209,2026-07-31 11:04:17,ISABELLA,AVARIA NA ENTREGA,580,350,0,0,v1-atual
23837,9833,23837 - 9833,201211,2026-07-31 11:05:12,LUHHE COSTA DA COSTA,AVARIA NO PDV,890,0,150,0,v1-atual
4489,50085,4489 - 50085,285210,2026-07-31 11:05:16,LEIS LEAL DOS SANTOS,AVARIA NA ENTREGA,130,124,510,510,v1-atual
10533,238621,10533 - 238621,270209,2026-07-31 11:05:22,ISABELLA,AVARIA NO PDV,300,200,0,0,v1-atual
4484,25830,4484 - 25830,381209,2026-07-31 11:06:55,LEIS LEAL DOS SANTOS,AVARIA NA ENTREGA,468,443,0,0,v1-atual
8234,180647,8234 - 180647,327210,2026-07-31 11:07:01,MATEUS FIGUEIREDO FERREIRA,AVARIA NO DEPÓSITO,850,800,240,0,v1-atual
23590,15580,23590 - 15580,450211,2026-07-31 11:07:06,RENAN DE AZEVEDO OLIVEIRA,OVOS VENCIDOS,340,340,0,0,v1-atual
23590,15581,23590 - 15581,480211,2026-07-31 11:07:56,RENAN DE AZEVEDO OLIVEIRA,OVOS VENCIDOS,80,80,0,0,v1-atual
23590,15582,23590 - 15582,630211,2026-07-31 11:09:22,RENAN DE AZEVEDO OLIVEIRA,AVARIA NO PDV,60,0,0,0,v1-atual
23590,15583,23590 - 15583,690211,2026-07-31 11:11:36,RENAN DE AZEVEDO OLIVEIRA,AVARIA NA ENTREGA,360,277,0,0,v1-atual
23590,15585,23590 - 15585,720211,2026-07-31 11:11:49,RENAN DE AZEVEDO OLIVEIRA,AVARIA NA ENTREGA,20,20,0,0,v1-atual
3765,450356,3765 - 450356,171210,2026-07-31 11:22:38,JEAN ARAUJO PEREIRA,AVARIA NO PDV,50,0,0,0,v1-atual
1083,72785,1083 - 72785,219211,2026-07-31 11:23:04,JEAN ARAUJO PEREIRA,AVARIA NO PDV,180,0,0,0,v1-atual
22528,31774,22528 - 31774,870210,2026-07-31 11:35:55,BRUNO GOMES,OVOS PODRES,110,0,0,0,v1-atual
23714,12194,23714 - 12194,"3,62979E+19",2026-07-31 11:36:54,BRUNO GOMES,OVOS PODRES,1260,0,0,0,v1-atual
21003,21668,21003 - 21668,414211,2026-07-31 11:42:24,PEDRO HENRIQUE TEIXEIRA DE SOUZA,AVARIA NA ENTREGA,340,0,0,0,v1-atual
13000,66104,13000 - 66104,243209,2026-07-31 12:41:54,JOÃO VICTOR GOMES FERREIRA,OVOS VENCIDOS,580,0,0,0,v1-atual
19825,64991,19825 - 64991,270211,2026-07-31 12:41:58,JARDEL ARAUJO,AVARIA NO PDV,320,0,0,0,v1-atual
13000,66103,13000 - 66103,228209,2026-07-31 12:43:01,JOÃO VICTOR GOMES FERREIRA,AVARIA NO DEPÓSITO,860,0,30,0,v1-atual
13000,66003,13000 - 66003,810205,2026-07-31 12:43:40,JOÃO VICTOR GOMES FERREIRA,AVARIA NO DEPÓSITO,1320,0,30,0,v1-atual
1140,89471,1140 - 89471,354209,2026-07-31 12:44:37,JOÃO VICTOR GOMES FERREIRA,AVARIA NO DEPÓSITO,1940,0,0,0,v1-atual
1140,89372,1140 - 89372,276205,2026-07-31 12:44:47,JOÃO VICTOR GOMES FERREIRA,AVARIA NO DEPÓSITO,2760,0,0,0,v1-atual
22315,47099,22315 - 47099,114211,2026-07-31 12:48:51,LEUJUAN DIAS VIEIRA,AVARIA NO DEPÓSITO,530,530,90,90,v1-atual
1281,470566,1281 - 470566,234210,2026-07-31 12:48:59,VILMENIA,AVARIA NA ENTREGA,330,240,0,0,v1-atual
23589,29989,23589 - 29989,780211,2026-07-31 12:49:56,LEUJUAN DIAS VIEIRA,AVARIA NA ENTREGA,110,0,0,0,v1-atual
23589,29988,23589 - 29988,660211,2026-07-31 12:50:36,LEUJUAN DIAS VIEIRA,NÃO LOCALIZADO,70,0,0,0,v1-atual
1281,470652,1281 - 470652,204211,2026-07-31 12:50:51,VILMENIA,AVARIA NA ENTREGA,388,300,60,0,v1-atual
23589,29986,23589 - 29986,330211,2026-07-31 12:52:41,LEUJUAN DIAS VIEIRA,AVARIA NO DEPÓSITO,60,0,30,0,v1-atual
15697,156595,15697 - 156595,345211,2026-07-31 13:02:01,DOUGLAS CARVALHO,AVARIA NO DEPÓSITO,10,0,0,0,v1-atual
19826,51767,19826 - 51767,261211,2026-07-31 13:04:12,FELIPE MARQUES,AVARIA NA ENTREGA,60,0,0,0,v1-atual
23510,13636,23510 - 13636,696208,2026-07-31 13:05:04,BRENDO SILVA,OVOS VENCIDOS,1250,0,0,0,v1-atual
15697,156596,15697 - 156596,351211,2026-07-31 13:07:42,DOUGLAS CARVALHO,AVARIA NO DEPÓSITO,380,302,150,0,v1-atual
23485,50678,23485 - 50678,159211,2026-07-31 13:52:39,JOAQUIM BORGES DA SILVA NETO,AVARIA NA ENTREGA,890,745,480,0,v1-atual
23485,50677,23485 - 50677,156211,2026-07-31 13:52:59,JOAQUIM BORGES DA SILVA NETO,AVARIA NA ENTREGA,12,12,0,0,v1-atual
12385,213819,12385 - 213819,165210,2026-07-31 13:53:18,WALDERLANEA,AVARIA NO PDV,2630,438,0,0,v1-atual
16297,111327,16297 - 111327,333209,2026-07-31 13:56:29,WALDERLANEA,AVARIA NO PDV,1300,930,210,0,v1-atual
17081,32291,17081 - 32291,111209,2026-07-31 13:58:59,RENAN,AVARIA NO PDV,60,0,0,0,v1-atual
21852,21904,21852 - 21904,840209,2026-07-31 14:00:48,YURI,FALTA DE PRODUTO,600,0,0,0,v1-atual
14415,49111,14415 - 49111,690209,2026-07-31 14:01:23,YURI,FALTA DE PRODUTO,360,0,0,0,v1-atual
21529,96601,21529 - 96601,720209,2026-07-31 14:01:42,YURI,FALTA DE PRODUTO,160,0,0,0,v1-atual
15450,46276,15450 - 46276,"7,87891E+23",2026-07-31 14:07:18,ALAN,AVARIA NO DEPÓSITO,140,0,0,0,v1-atual
16295,68732,16295 - 68732,231209,2026-07-31 14:07:45,WALDERLANEA,AVARIA NO PDV,280,260,240,0,v1-atual
16296,84982,16296 - 84982,297210,2026-07-31 14:16:50,CAMILA LORENA,AVARIA NO PDV,1900,1470,0,0,v1-atual
22442,16061,22442 - 16061,396209,2026-07-31 14:18:52,SUPERVISOR MERCHAN,AVARIA NA ENTREGA,540,423,0,0,v1-atual
6952,60635,6952 - 60635,258211,2026-07-31 14:26:01,EVANDRO CORREIA,AVARIA NO PDV,20,0,0,0,v1-atual
6952,60634,6952 - 60634,255211,2026-07-31 14:26:50,EVANDRO CORREIA,AVARIA NO PDV,10,0,0,0,v1-atual
6952,60606,6952 - 60606,165211,2026-07-31 14:27:50,EVANDRO CORREIA,AVARIA NO DEPÓSITO,1150,976,60,0,v1-atual
1142,83410,1142 - 83410,960211,2026-07-31 14:53:17,ELIABE LIMA MOURA,OVOS VENCIDOS,800,0,0,0,v1-atual
1142,83411,1142 - 83411,990211,2026-07-31 14:53:37,ELIABE LIMA MOURA,AVARIA NO PDV,380,380,90,0,v1-atual
22530,36617,22530 - 36617,210211,2026-07-31 14:53:53,ELIABE LIMA MOURA,AVARIA NA ENTREGA,260,260,0,0,v1-atual
22530,36616,22530 - 36616,150211,2026-07-31 14:54:10,ELIABE LIMA MOURA,AVARIA NA ENTREGA,110,110,0,0,v1-atual
22530,36615,22530 - 36615,180211,2026-07-31 14:54:28,ELIABE LIMA MOURA,AVARIA NA ENTREGA,540,500,0,0,v1-atual
2144,41709,2144 - 41709,129211,2026-07-31 14:54:47,ELIABE LIMA MOURA,AVARIA NA ENTREGA,400,400,30,0,v1-atual
25155,7223,25155 - 7223,126211,2026-07-31 14:56:15,ALYSON SOUSA,OVOS VENCIDOS,250,0,0,0,v1-atual
25155,7222,25155 - 7222,123211,2026-07-31 14:59:14,ALYSON SOUSA,AVARIA NO DEPÓSITO,930,650,60,0,v1-atual
1145,100435,1145 - 100435,105211,2026-07-31 15:00:43,ALYSON SOUSA,OVOS PODRES,290,0,0,0,v1-atual
8079,25804,8079 - 25804,438211,2026-07-31 15:06:40,DANILO,AVARIA NO DEPÓSITO,40,30,0,0,v1-atual
8079,25803,8079 - 25803,432211,2026-07-31 15:07:21,DANILO,AVARIA NO DEPÓSITO,60,51,0,0,v1-atual
8079,25802,8079 - 25802,429211,2026-07-31 15:07:53,DANILO,AVARIA NO DEPÓSITO,66,48,0,0,v1-atual
8079,25801,8079 - 25801,411211,2026-07-31 15:08:40,DANILO,AVARIA NO DEPÓSITO,80,67,0,0,v1-atual
8079,25800,8079 - 25800,405211,2026-07-31 15:09:35,DANILO,AVARIA NO DEPÓSITO,160,135,0,0,v1-atual
7464,119854,7464 - 119854,174211,2026-07-31 15:21:00,IRACILDA DA SILVA,AVARIA NO PDV,1030,0,660,0,v1-atual
3415,9785,3415 - 9785,162211,2026-07-31 15:40:13,PAULO ROBERTO FREIRES,AVARIA NO DEPÓSITO,280,225,0,0,v1-atual
7008,29907,7008 - 29907,930211,2026-07-31 15:43:43,PAULO ROBERTO FREIRES,AVARIA NO DEPÓSITO,110,82,0,0,v1-atual
24691,4315,24691 - 4315,225211,2026-07-31 15:52:13,RAIMUNDO,AVARIA NA ENTREGA,130,100,0,0,v1-atual
24691,4316,24691 - 4316,228211,2026-07-31 15:56:01,RAIMUNDO,AVARIA NA ENTREGA,84,65,0,0,v1-atual
21998,23220,21998 - 23220,150211,2026-07-31 16:02:06,LETICIA ELLEN COSTA DA SILVA,AVARIA NA ENTREGA,400,320,0,0,v1-atual
11023,64564,11023 - 64564,"9,74203E+24",2026-07-31 16:14:58,BRUNO GOMES,AVARIA NO DEPÓSITO,640,290,30,0,v1-atual
168,1787626,168 - 1787626,237211,2026-07-31 16:25:50,SAMUEL AMARO,OVOS PODRES,4720,0,0,0,v1-atual
168,1787628,168 - 1787628,240211,2026-07-31 16:26:12,SAMUEL AMARO,OVOS PODRES,0,0,2820,0,v1-atual
21734,254164,21734 - 254164,216211,2026-07-31 17:07:58,KEWIN,OVOS PODRES,690,0,60,0,v1-atual
25086,36676,25086 - 36676,330211,2026-07-31 17:09:51,KEWIN,OVOS PODRES,680,0,0,0,v1-atual
16384,40268,16384 - 40268,462211,2026-07-31 18:23:10,FABIO REDLOG,AVARIA DE VIAGEM,2000,1850,0,0,v1-atual
20051,145093,20051 - 145093,327211,2026-07-31 18:25:10,FABIO REDLOG,AVARIA DE VIAGEM,2640,1604,0,0,v1-atual
15748,168483,15748 - 168483,510211,2026-07-31 18:26:00,FABIO REDLOG,AVARIA DE VIAGEM,360,330,0,0,v1-atual
15748,168482,15748 - 168482,507211,2026-07-31 18:27:10,FABIO REDLOG,AVARIA DE VIAGEM,2000,1640,0,0,v1-atual
1082,284766,1082 - 284766,321211,2026-07-31 18:27:50,FABIO REDLOG,AVARIA DE VIAGEM,2400,1800,0,0,v1-atual
21701,3261,21701 - 3261,810211,2026-07-31 18:29:30,FABIO REDLOG,AVARIA DE VIAGEM,1800,1350,0,0,v1-atual
19243,107158,19243 - 107158,366211,2026-07-31 18:30:20,FABIO REDLOG,AVARIA DE VIAGEM,900,720,1440,1370,v1-atual
664,35814,664 - 35814,444211,2026-07-31 18:31:10,FABIO REDLOG,AVARIA DE VIAGEM,2560,2160,720,706,v1-atual
21529,96761,21529 - 96761,570211,2026-07-31 19:14:53,RAFAEL DOS SANTOS,AVARIA NO PDV,20,0,0,0,v1-atual
21529,96762,21529 - 96762,600211,2026-07-31 19:15:22,RAFAEL DOS SANTOS,AVARIA NO DEPÓSITO,80,0,0,0,v1-atual
21529,96760,21529 - 96760,540211,2026-07-31 19:15:56,RAFAEL DOS SANTOS,AVARIA NA ENTREGA,880,400,0,0,v1-atual
14569,134998,14569 - 134998,492211,2026-08-01 07:35:43,DIEGO,OVOS PODRES,370,0,0,0,v1-atual
23767,15657,23767 - 15657,288210,2026-08-01 07:47:42,JOÃO VITOR DE ALCANTARA FURTADO,AVARIA NO PDV,364,0,30,0,v1-atual
25116,149142,25116 - 149142,495211,2026-08-01 07:47:53,JOÃO VITOR DE ALCANTARA FURTADO,AVARIA NO PDV,300,0,150,0,v1-atual
4485,24196,4485 - 24196,129210,2026-08-01 07:48:24,JOÃO VITOR DE ALCANTARA FURTADO,AVARIA NO PDV,330,160,120,0,v1-atual
25117,64561,25117 - 64561,408211,2026-08-01 07:59:13,MAURICIO PINHEIRO MIRANDA,OVOS PODRES,320,0,0,0,v1-atual
12734,96827,12734 - 96827,426211,2026-08-01 08:22:29,FRANCIS SANTANA,AVARIA NO PDV,150,0,0,0,v1-atual
1080,479830,1080 - 479830,186210,2026-08-01 08:24:38,WILLIAN DIAS DOS SANTOS,OVOS PODRES,324,0,0,0,v1-atual
21292,40826,21292 - 40826,504211,2026-08-01 09:04:44,THALYS PABLO RODRIGUES LIMA,AVARIA NO DEPÓSITO,120,0,0,0,v1-atual
21292,40825,21292 - 40825,501211,2026-08-01 09:05:07,THALYS PABLO RODRIGUES LIMA,AVARIA NO DEPÓSITO,560,0,0,0,v1-atual
21292,40824,21292 - 40824,498211,2026-08-01 09:05:22,THALYS PABLO RODRIGUES LIMA,AVARIA NO DEPÓSITO,860,0,0,0,v1-atual
15550,67524,15550 - 67524,183211,2026-08-01 09:35:41,ALINE MAIARA SILVA,AVARIA NO PDV,520,0,0,0,v1-atual
22760,127243,22760 - 127243,330209,2026-08-01 10:11:28,DISTRIBUIÇÃO,AVARIA NA ENTREGA,2160,2160,0,0,v1-atual
8291,245036,8291 - 245036,672208,2026-08-01 10:13:27,DISTRIBUIÇÃO,AVARIA NA ENTREGA,280,280,0,0,v1-atual
23905,30518,23905 - 30518,288205,2026-08-01 10:14:27,DISTRIBUIÇÃO,AVARIA NA ENTREGA,130,130,450,450,v1-atual
13777,71847,13777 - 71847,465211,2026-08-01 10:42:00,FERNANDO,OVOS PODRES,370,0,30,0,v1-atual
22648,39418,22648 - 39418,267209,2026-08-01 10:48:12,DISTRIBUIÇÃO,AVARIA NA ENTREGA,140,140,0,0,v1-atual
22648,39416,22648 - 39416,264209,2026-08-01 10:48:39,DISTRIBUIÇÃO,AVARIA NA ENTREGA,220,220,0,0,v1-atual
21793,1785,21793 - 1785,201209,2026-08-01 10:49:30,DISTRIBUIÇÃO,AVARIA NA ENTREGA,20,20,0,0,v1-atual
17262,26694,17262 - 26694,453211,2026-08-01 10:55:46,W R EXPRESS,AVARIA DE VIAGEM,430,0,0,0,v1-atual
20831,145922,20831 - 145922,360211,2026-08-01 10:55:53,RENAN,AVARIA NO PDV,140,0,0,0,v1-atual
19243,107148,19243 - 107148,213211,2026-08-01 10:57:08,RENAN,AVARIA NO PDV,190,0,120,0,v1-atual
17266,25556,17266 - 25556,369211,2026-08-01 10:57:58,W R EXPRESS,AVARIA DE VIAGEM,10,0,0,0,v1-atual
21547,13548,21547 - 13548,279211,2026-08-01 10:59:18,W R EXPRESS,AVARIA DE VIAGEM,80,0,0,0,v1-atual
20831,145921,20831 - 145921,357211,2026-08-01 11:01:40,RENAN,AVARIA NO PDV,50,0,0,0,v1-atual
1079,114917,1079 - 114917,303211,2026-08-01 11:03:30,RENAN,AVARIA NO PDV,168,0,180,0,v1-atual
4856,673171,4856 - 673171,108211,2026-08-01 11:34:57,FRANCISCO ROSCI,NÃO LOCALIZADO,60,60,0,0,v1-atual
4856,673170,4856 - 673170,102211,2026-08-01 11:36:47,FRANCISCO ROSCI,AVARIA NA ENTREGA,150,128,0,0,v1-atual
19817,128195,19817 - 128195,750211,2026-08-01 11:38:27,FRANCISCO ROSCI,NÃO LOCALIZADO,330,234,0,0,v1-atual
20402,83926,20402 - 83926,297211,2026-08-01 13:04:52,ANDERSON BARBOSA,OVOS PODRES,600,0,3000,0,v1-atual
21377,134207,21377 - 134207,384211,2026-08-01 17:53:38,PAULO NOVAES,AVARIA NO PDV,30,0,0,0,v1-atual
21377,134208,21377 - 134208,387211,2026-08-01 17:54:32,PAULO NOVAES,AVARIA NA ENTREGA,262,0,0,0,v1-atual
15748,168443,15748 - 168443,291211,2026-08-01 17:55:55,PAULO NOVAES,AVARIA NO PDV,192,0,0,0,v1-atual
15748,168442,15748 - 168442,285211,2026-08-01 17:57:35,PAULO NOVAES,AVARIA NA ENTREGA,320,0,60,0,v1-atual
12575,169704,12575 - 169704,489211,2026-08-01 18:05:24,PAULO NOVAES,AVARIA NO PDV,10,0,0,0,v1-atual
12575,169703,12575 - 169703,483211,2026-08-01 18:06:59,PAULO NOVAES,AVARIA NA ENTREGA,18,0,0,0,v1-atual
12575,169701,12575 - 169701,474211,2026-08-01 18:08:06,PAULO NOVAES,AVARIA NO PDV,46,0,0,0,v1-atual
12575,169702,12575 - 169702,477211,2026-08-01 18:08:58,PAULO NOVAES,AVARIA NA ENTREGA,160,0,0,0,v1-atual
22527,36523,22527 - 36523,339211,2026-08-02 10:27:21,KARINA COSTA,AVARIA NO PDV,120,0,60,0,v1-atual
3811,538839,3811 - 538839,180211,2026-08-02 10:29:51,KARINA COSTA,AVARIA NO PDV,12,0,0,0,v1-atual
3811,538838,3811 - 538838,177211,2026-08-02 10:30:41,KARINA COSTA,AVARIA NO PDV,580,184,1680,0,v1-atual
3811,538837,3811 - 538837,171211,2026-08-02 10:32:38,KARINA COSTA,AVARIA NO PDV,0,0,4200,0,v1-atual
3811,538834,3811 - 538834,168211,2026-08-02 10:33:01,KARINA COSTA,AVARIA NO PDV,0,0,4200,0,v1-atual
25286,1486,25286 - 1486,120211,2026-08-02 16:18:09,MATHEUS LAURENTINO,AVARIA NO DEPÓSITO,690,0,420,0,v1-atual
11012,26976,11012 - 26976,900211,2026-08-02 16:19:42,MATHEUS LAURENTINO,OVOS VENCIDOS,790,0,0,0,v1-atual
7315,292566,7315 - 292566,447211,2026-08-02 18:05:19,RAYARA OLIVEIRA,AVARIA NO PDV,180,180,0,0,v1-atual
7315,292569,7315 - 292569,456211,2026-08-02 18:06:09,RAYARA OLIVEIRA,AVARIA NO PDV,48,48,0,0,v1-atual
7315,292570,7315 - 292570,459211,2026-08-02 18:06:46,RAYARA OLIVEIRA,AVARIA NO PDV,160,160,0,0,v1-atual
7315,292574,7315 - 292574,471211,2026-08-02 18:07:13,RAYARA OLIVEIRA,AVARIA NO PDV,60,0,0,0,v1-atual
7315,292575,7315 - 292575,486211,2026-08-02 18:07:56,RAYARA OLIVEIRA,AVARIA NO PDV,190,0,180,0,v1-atual
7315,292595,7315 - 292595,513211,2026-08-02 18:08:30,RAYARA OLIVEIRA,AVARIA NO PDV,48,0,0,0,v1-atual
7315,292596,7315 - 292596,516211,2026-08-02 18:09:29,RAYARA OLIVEIRA,AVARIA NO PDV,80,0,0,0,v1-atual
14569,134997,14569 - 134997,480211,2026-08-02 22:47:07,DIEGO,AVARIA NO PDV,250,0,30,0,v1-atual
6950,115702,6950 - 115702,276211,2026-08-03 05:27:36,MARCOS ALBERTO,AVARIA DE VIAGEM,30,30,0,0,v1-atual
17755,130082,17755 - 130082,990210,2026-08-03 05:37:39,EDUARDO JOSÉ,AVARIA NO DEPÓSITO,80,80,0,0,v1-atual
17755,130081,17755 - 130081,960210,2026-08-03 05:41:57,EDUARDO JOSÉ,AVARIA NO DEPÓSITO,440,440,0,0,v1-atual
15738,77479,15738 - 77479,186211,2026-08-03 07:21:03,PAULO FERNANDO SILVA,AVARIA NO PDV,20,0,30,0,v1-atual
15738,77480,15738 - 77480,189211,2026-08-03 07:22:01,PAULO FERNANDO SILVA,AVARIA NO PDV,220,220,0,0,v1-atual
22529,23564,22529 - 23564,198211,2026-08-03 07:57:55,ANA CAROLLINE SOUSA CARVALHO,AVARIA NA ENTREGA,320,0,120,0,v1-atual
2645,184980,2645 - 184980,441211,2026-08-03 08:28:13,RARIEL,AVARIA NO PDV,634,360,0,0,v1-atual
2645,184979,2645 - 184979,423211,2026-08-03 08:31:13,RARIEL,AVARIA NA ENTREGA,460,336,0,0,v1-atual
2645,184982,2645 - 184982,450211,2026-08-03 08:35:24,RARIEL,AVARIA NO PDV,80,0,0,0,v1-atual
1144,101575,1144 - 101575,240211,2026-08-03 08:49:14,EVERTON DUARTE,AVARIA NO PDV,600,220,0,0,v1-atual
20443,89804,20443 - 89804,135211,2026-08-03 08:51:43,EVERTON DUARTE,AVARIA NO DEPÓSITO,490,360,0,0,v1-atual
20443,89812,20443 - 89812,147211,2026-08-03 08:52:03,EVERTON DUARTE,AVARIA NO PDV,250,0,90,0,v1-atual
20443,89806,20443 - 89806,144211,2026-08-03 08:52:13,EVERTON DUARTE,AVARIA NO PDV,144,0,0,0,v1-atual
20443,89805,20443 - 89805,138211,2026-08-03 08:52:23,EVERTON DUARTE,AVARIA NO PDV,20,0,0,0,v1-atual
20443,89803,20443 - 89803,132211,2026-08-03 08:52:37,EVERTON DUARTE,AVARIA NO DEPÓSITO,300,0,0,0,v1-atual
15500,493275,15500 - 493275,318211,2026-08-03 09:34:00,JULYANNA MACIEL,OVOS PODRES,70,0,0,0,v1-atual
15500,493274,15500 - 493274,315211,2026-08-03 09:34:18,JULYANNA MACIEL,OVOS VENCIDOS,50,0,0,0,v1-atual
15500,493273,15500 - 493273,312211,2026-08-03 09:34:48,JULYANNA MACIEL,AVARIA NO DEPÓSITO,2410,0,0,0,v1-atual
15500,493272,15500 - 493272,309211,2026-08-03 09:35:11,JULYANNA MACIEL,AVARIA NO DEPÓSITO,4580,0,930,0,v1-atual
15500,493271,15500 - 493271,306211,2026-08-03 09:35:39,JULYANNA MACIEL,AVARIA NO DEPÓSITO,280,0,0,0,v1-atual
17265,35203,17265 - 35203,"4,57704E+24",2026-08-03 09:48:58,KLEVERTON FRAGOSO,AVARIA NO DEPÓSITO,330,240,0,0,v1-atual
22702,4805,22702 - 4805,120211,2026-08-03 09:59:13,FRANCISCO DANIZETE MACIEL DE SOUSA,AVARIA NO DEPÓSITO,200,90,0,0,v1-atual
22702,4804,22702 - 4804,117211,2026-08-03 09:59:46,FRANCISCO DANIZETE MACIEL DE SOUSA,OVOS VENCIDOS,110,110,0,0,v1-atual
23231,564711,23231 - 564711,249210,2026-08-03 10:01:54,MATEUS OLIVEIRA,AVARIA NO PDV,2492,0,210,0,v1-atual
17266,25557,17266 - 25557,372211,2026-08-03 10:31:53,W R EXPRESS,AVARIA DE VIAGEM,1620,1620,0,0,v1-atual
17264,98361,17264 - 98361,312212,2026-08-03 10:36:13,W R EXPRESS,AVARIA DE VIAGEM,1256,1256,0,0,v1-atual
17264,98362,17264 - 98362,315212,2026-08-03 10:38:03,W R EXPRESS,AVARIA DE VIAGEM,1200,1200,0,0,v1-atual
17265,35219,17265 - 35219,378212,2026-08-03 10:39:43,W R EXPRESS,AVARIA DE VIAGEM,1200,1200,0,0,v1-atual
17263,38466,17263 - 38466,810213,2026-08-03 10:41:23,W R EXPRESS,AVARIA DE VIAGEM,640,640,0,0,v1-atual
3897,68467,3897 - 68467,168212,2026-08-03 10:45:00,WILKENIA,AVARIA NO PDV,230,100,90,0,v1-atual
3897,68465,3897 - 68465,156212,2026-08-03 10:46:41,WILKENIA,AVARIA NA ENTREGA,724,510,0,0,v1-atual
17253,158226,17253 - 158226,366212,2026-08-03 10:54:33,W R EXPRESS,AVARIA DE VIAGEM,1290,1290,0,0,v1-atual
21971,131516,21971 - 131516,393211,2026-08-03 11:07:23,JORSIRLAN,AVARIA NA ENTREGA,20,0,0,0,v1-atual
21971,131515,21971 - 131515,390211,2026-08-03 11:07:43,JORSIRLAN,AVARIA NA ENTREGA,350,0,60,0,v1-atual
21971,131517,21971 - 131517,396211,2026-08-03 11:08:03,JORSIRLAN,AVARIA NA ENTREGA,320,0,30,0,v1-atual
8105,56650,8105 - 56650,960213,2026-08-03 11:16:52,ENIO,AVARIA NO PDV,600,420,450,0,v1-atual
23429,10229,23429 - 10229,288211,2026-08-03 11:27:21,ANA LUIZA GOMES DO AMARAL,AVARIA NO PDV,40,37,0,0,v1-atual
23429,10228,23429 - 10228,282211,2026-08-03 11:32:57,ANA LUIZA GOMES DO AMARAL,AVARIA NO PDV,270,253,0,0,v1-atual
21875,132227,21875 - 132227,225212,2026-08-03 11:57:01,EDUARDO ALEXANDRE,OVOS PODRES,620,0,0,0,v1-atual
21875,132113,21875 - 132113,378211,2026-08-03 11:57:22,EDUARDO ALEXANDRE,AVARIA NA ENTREGA,400,0,0,0,v1-atual
21875,132114,21875 - 132114,381211,2026-08-03 11:57:50,EDUARDO ALEXANDRE,AVARIA NA ENTREGA,110,0,150,0,v1-atual
21875,132112,21875 - 132112,375211,2026-08-03 11:58:21,EDUARDO ALEXANDRE,OVOS PODRES,20,0,0,0,v1-atual
21600,23345,21600 - 23345,222211,2026-08-03 11:59:56,SABRINA RODRIGUES BARBOSA,AVARIA NO DEPÓSITO,240,0,0,0,v1-atual
20071,125845,20071 - 125845,201212,2026-08-03 12:01:34,EDUARDO ALEXANDRE,OVOS PODRES,480,0,0,0,v1-atual
20071,125844,20071 - 125844,192212,2026-08-03 12:01:50,EDUARDO ALEXANDRE,OVOS PODRES,10,0,390,0,v1-atual
20071,125843,20071 - 125843,186212,2026-08-03 12:02:08,EDUARDO ALEXANDRE,OVOS PODRES,80,0,0,0,v1-atual
13015,62512,13015 - 62512,348209,2026-08-03 12:49:24,DISTRIBUIÇÃO,FALTA DE PRODUTO,360,0,0,0,v1-atual
21738,137320,21738 - 137320,231211,2026-08-03 12:49:46,DISTRIBUIÇÃO,FALTA DE PRODUTO,300,0,0,0,v1-atual
13984,202684,13984 - 202684,123210,2026-08-03 12:50:28,DISTRIBUIÇÃO,AVARIA NA ENTREGA,630,630,0,0,v1-atual
21998,23256,21998 - 23256,120213,2026-08-03 13:02:42,LETICIA ELLEN COSTA DA SILVA,AVARIA NA ENTREGA,1350,940,0,0,v1-atual
21998,23255,21998 - 23255,900213,2026-08-03 13:03:37,LETICIA ELLEN COSTA DA SILVA,OVOS VENCIDOS,880,0,0,0,v1-atual
2251,5441003,2251 - 5441003,180212,2026-08-03 13:07:17,GEISSON BRENER DA SILVA GOMES,AVARIA NO DEPÓSITO,440,200,0,0,v1-atual
12026,52920,12026 - 52920,870212,2026-08-03 13:14:56,RENAN DE AZEVEDO OLIVEIRA,OVOS VENCIDOS,50,0,0,0,v1-atual
16006,281943,16006 - 281943,840211,2026-08-03 13:25:19,ANA JAMILLY SOUSA,AVARIA NA ENTREGA,510,360,0,0,v1-atual
23083,30977,23083 - 30977,330213,2026-08-03 13:28:54,MARIA IRANEIDE,AVARIA NA ENTREGA,190,0,60,0,v1-atual
21740,120818,21740 - 120818,270212,2026-08-03 14:58:11,KEWIN,AVARIA NO PDV,580,0,30,0,v1-atual
15697,156875,15697 - 156875,102213,2026-08-03 14:59:06,DOUGLAS CARVALHO,AVARIA NO DEPÓSITO,560,460,30,0,v1-atual
12731,210482,12731 - 210482,750213,2026-08-03 15:09:41,MAIQUES ANTONIO MACHADO,AVARIA NA ENTREGA,1250,0,0,0,v1-atual
2144,41712,2144 - 41712,510212,2026-08-03 15:21:15,ELIABE LIMA MOURA,AVARIA NA ENTREGA,450,450,30,0,v1-atual
9841,33709,9841 - 33709,540212,2026-08-03 15:24:47,ELIABE LIMA MOURA,AVARIA NA ENTREGA,1060,1060,0,0,v1-atual
19558,11757,19558 - 11757,690212,2026-08-03 15:25:25,ELIABE LIMA MOURA,AVARIA NA ENTREGA,1200,1200,0,0,v1-atual
19558,11752,19558 - 11752,330212,2026-08-03 15:25:51,ELIABE LIMA MOURA,AVARIA NA ENTREGA,790,790,60,0,v1-atual
22530,36668,22530 - 36668,108212,2026-08-03 15:26:07,ELIABE LIMA MOURA,AVARIA NA ENTREGA,150,150,0,0,v1-atual
19558,11756,19558 - 11756,360212,2026-08-03 15:26:35,ELIABE LIMA MOURA,AVARIA NO DEPÓSITO,920,920,0,0,v1-atual
17333,100990,17333 - 100990,273211,2026-08-03 15:26:39,FERNANDO GALDINO,AVARIA NO PDV,20,0,0,0,v1-atual
2291,27266,2291 - 27266,300212,2026-08-03 15:26:46,ALYSON SOUSA,OVOS PODRES,670,480,0,0,v1-atual
15683,5680,15683 - 5680,390212,2026-08-03 15:27:57,ALYSON SOUSA,OVOS PODRES,300,240,90,0,v1-atual
21852,22011,21852 - 22011,102212,2026-08-03 15:28:34,ALYSON SOUSA,OVOS VENCIDOS,70,0,0,0,v1-atual
21852,22009,21852 - 22009,990212,2026-08-03 15:30:31,ALYSON SOUSA,AVARIA NA ENTREGA,310,300,0,0,v1-atual
10653,31264,10653 - 31264,780212,2026-08-03 15:32:26,ALYSON SOUSA,OVOS VENCIDOS,160,0,0,0,v1-atual
17264,98451,17264 - 98451,6d4a8f5b-d6ee-4e67-9008-f6e8d487100f,2026-08-03 15:32:33,JOSE CLAUDIO,AVARIA NA ENTREGA,1832,1440,240,0,v1-atual
21895,105621,21895 - 105621,126212,2026-08-03 15:36:24,FABIO REDLOG,AVARIA DE VIAGEM,1200,1080,0,0,v1-atual
23360,51735,23360 - 51735,216212,2026-08-03 15:37:18,FABIO REDLOG,AVARIA DE VIAGEM,1000,1000,0,0,v1-atual
12562,68466,12562 - 68466,144212,2026-08-03 15:37:48,FABIO REDLOG,AVARIA DE VIAGEM,3000,2880,0,0,v1-atual
12617,55818,12617 - 55818,243212,2026-08-03 15:38:13,FABIO REDLOG,AVARIA DE VIAGEM,2000,1830,0,0,v1-atual
6428,60217,6428 - 60217,360212,2026-08-03 15:38:37,FABIO REDLOG,AVARIA DE VIAGEM,1480,1078,0,0,v1-atual
3141,537907,3141 - 537907,132212,2026-08-03 15:51:27,CAMILA LORENA,AVARIA NO PDV,150,98,0,0,v1-atual
15741,107319,15741 - 107319,264211,2026-08-03 16:02:16,SAOUSA RENATO,AVARIA NO DEPÓSITO,484,0,30,0,v1-atual
18992,24498,18992 - 24498,195211,2026-08-03 16:05:23,SAOUSA RENATO,AVARIA NO DEPÓSITO,12,0,0,0,v1-atual
18992,24497,18992 - 24497,192211,2026-08-03 16:06:33,SAOUSA RENATO,AVARIA NO DEPÓSITO,540,0,0,0,v1-atual
25136,2210,25136 - 2210,690213,2026-08-03 16:07:53,SAOUSA RENATO,AVARIA NO DEPÓSITO,210,0,30,0,v1-atual
25136,2211,25136 - 2211,720213,2026-08-03 16:09:23,SAOUSA RENATO,AVARIA NO DEPÓSITO,150,0,0,0,v1-atual
25136,2208,25136 - 2208,630213,2026-08-03 16:11:33,SAOUSA RENATO,OVOS VENCIDOS,720,0,0,0,v1-atual
25136,2209,25136 - 2209,660213,2026-08-03 16:12:33,SAOUSA RENATO,OVOS VENCIDOS,30,0,0,0,v1-atual
5950,683074,5950 - 683074,189210,2026-08-03 17:07:44,HIVANILDO,AVARIA NO DEPÓSITO,1160,620,0,0,v1-atual
5950,683073,5950 - 683073,186210,2026-08-03 17:10:04,HIVANILDO,AVARIA NO DEPÓSITO,0,0,2550,0,v1-atual
16022,462515,16022 - 462515,306212,2026-08-03 17:11:48,ANDERSON BARBOSA,OVOS PODRES,260,0,600,0,v1-atual
22837,71459,22837 - 71459,285212,2026-08-03 17:27:51,BRUNO AUGUSTO COSTA DE CARVALHO,AVARIA NO PDV,60,0,15,0,v1-atual
14545,154992,14545 - 154992,435211,2026-08-03 17:49:17,FABIANE RODRIGUES,AVARIA NO PDV,80,30,30,0,v1-atual
12564,147913,12564 - 147913,420211,2026-08-03 17:51:25,FABIANE RODRIGUES,AVARIA NO PDV,330,120,120,0,v1-atual
5346,370343,5346 - 370343,336212,2026-08-03 18:25:01,KENNY ROBERT CARDOSO MARTINS,AVARIA NA ENTREGA,352,0,180,0,v1-atual
665,38396,665 - 38396,381212,2026-08-03 18:28:57,KENNY ROBERT CARDOSO MARTINS,AVARIA NO PDV,630,0,60,0,v1-atual
17266,25582,17266 - 25582,"9,87268E+18",2026-08-03 19:44:15,JOSE CLAUDIO,AVARIA NA ENTREGA,290,240,30,0,v1-atual
23488,61054,23488 - 61054,900213,2026-08-03 20:25:07,KLEVERTON FRAGOSO,AVARIA NO DEPÓSITO,0,0,570,0,v1-atual
23488,61055,23488 - 61055,930213,2026-08-03 20:28:06,KLEVERTON FRAGOSO,AVARIA NO DEPÓSITO,780,0,0,0,v1-atual
13800,165118,13800 - 165118,141212,2026-08-03 20:45:28,FELIPE MARQUES,FALTA DE PRODUTO,300,300,0,0,v1-atual
17438,215581,17438 - 215581,372212,2026-08-03 20:46:30,FELIPE MARQUES,FALTA DE PRODUTO,960,960,0,0,v1-atual
19371,26251,19371 - 26251,480213,2026-08-03 20:47:40,FELIPE MARQUES,AVARIA NA ENTREGA,40,30,60,0,v1-atual
21914,19497,21914 - 19497,111212,2026-08-03 20:48:17,FELIPE MARQUES,AVARIA NA ENTREGA,150,150,0,0,v1-atual
12734,96841,12734 - 96841,333212,2026-08-03 20:54:09,BRENDO SILVA,AVARIA NO PDV,180,0,0,0,v1-atual
20451,68536,20451 - 68536,324211,2026-08-03 20:55:35,BRENDO SILVA,AVARIA NO DEPÓSITO,260,0,240,0,v1-atual
21255,40918,21255 - 40918,291212,2026-08-03 20:55:51,BRENDO SILVA,OVOS PODRES,260,0,960,0,v1-atual
22144,41731,22144 - 41731,267212,2026-08-03 20:57:08,BRENDO SILVA,AVARIA NO DEPÓSITO,420,0,150,0,v1-atual
22144,41730,22144 - 41730,264212,2026-08-03 20:57:21,BRENDO SILVA,AVARIA NO PDV,240,0,0,0,v1-atual
21299,42437,21299 - 42437,183212,2026-08-03 20:57:30,BRENDO SILVA,AVARIA NO PDV,20,0,0,0,v1-atual
21299,42438,21299 - 42438,189212,2026-08-03 20:57:41,BRENDO SILVA,AVARIA NO DEPÓSITO,280,0,240,0,v1-atual
21416,48813,21416 - 48813,333211,2026-08-03 20:58:03,BRENDO SILVA,AVARIA NO PDV,120,0,0,0,v1-atual
21416,48847,21416 - 48847,174212,2026-08-03 20:58:10,BRENDO SILVA,AVARIA NO PDV,50,0,0,0,v1-atual
4817,107824,4817 - 107824,150213,2026-08-04 06:52:27,JOSÉ JULIANO RODRIGUES,OVOS PODRES,620,100,0,0,v1-atual
18994,11565,18994 - 11565,900211,2026-08-04 06:54:16,JOSÉ JULIANO RODRIGUES,AVARIA NO DEPÓSITO,860,155,0,0,v1-atual
17473,41532,17473 - 41532,600213,2026-08-04 06:56:07,JOSÉ JULIANO RODRIGUES,AVARIA NO DEPÓSITO,630,440,0,0,v1-atual
13950,35107,13950 - 35107,153211,2026-08-04 06:58:46,JOSÉ JULIANO RODRIGUES,AVARIA NO DEPÓSITO,1350,1350,0,0,v1-atual
2585,1081876,2585 - 1081876,219210,2026-08-04 07:05:43,EDSON ALVES DA COSTA,AVARIA NO DEPÓSITO,160,0,810,0,v1-atual
14460,17553,14460 - 17553,342212,2026-08-04 07:07:06,GUILHERME,AVARIA NO PDV,10,0,30,0,v1-atual
5008,101838,5008 - 101838,327212,2026-08-04 07:08:09,GUILHERME,AVARIA NO PDV,80,0,0,0,v1-atual
5008,101839,5008 - 101839,330212,2026-08-04 07:08:59,GUILHERME,AVARIA NO PDV,20,0,30,0,v1-atual
19235,54292,19235 - 54292,276210,2026-08-04 07:10:54,EDSON ALVES DA COSTA,AVARIA NO DEPÓSITO,3190,0,60,0,v1-atual
2667,21918,2667 - 21918,600212,2026-08-04 07:21:44,CAIO GABRIEL DA SILVA ROCHA,AVARIA NO PDV,330,0,60,0,v1-atual
10650,362757,10650 - 362757,210213,2026-08-04 07:26:59,FRANCISCO DANIZETE MACIEL DE SOUSA,AVARIA NA ENTREGA,940,360,0,0,v1-atual
10650,362758,10650 - 362758,240213,2026-08-04 07:29:05,FRANCISCO DANIZETE MACIEL DE SOUSA,AVARIA NO DEPÓSITO,120,30,90,0,v1-atual
2614,235195,2614 - 235195,402212,2026-08-04 07:35:49,EVELINE DE SOUSA,AVARIA NO PDV,70,0,0,0,v1-atual
2614,235193,2614 - 235193,399212,2026-08-04 07:40:02,EVELINE DE SOUSA,AVARIA NO PDV,150,150,0,0,v1-atual
21270,10681,21270 - 10681,300211,2026-08-04 07:46:13,JOSÉ JULIANO RODRIGUES,AVARIA NO DEPÓSITO,850,680,30,0,v1-atual
15921,18167,15921 - 18167,120212,2026-08-04 07:47:07,BRUNO GOMES,AVARIA NA ENTREGA,270,250,0,0,v1-atual
21270,10680,21270 - 10680,270211,2026-08-04 07:48:23,JOSÉ JULIANO RODRIGUES,OVOS VENCIDOS,3120,3120,0,0,v1-atual
12553,108981,12553 - 108981,123212,2026-08-04 07:51:01,PAULO FERNANDO SILVA,AVARIA NO PDV,230,230,0,0,v1-atual
15150,125853,15150 - 125853,600212,2026-08-04 08:14:58,MIGUEL ABNER CARV,FALTA DE PRODUTO,190,174,0,0,v1-atual
15150,125854,15150 - 125854,900212,2026-08-04 08:15:18,MIGUEL ABNER CARV,FALTA DE PRODUTO,10,0,0,0,v1-atual
21254,6672,21254 - 6672,150212,2026-08-04 08:17:03,FRANCISCO JAMISON SOUSA DE MIRANDA,AVARIA NA ENTREGA,10,0,150,0,v1-atual
21254,6673,21254 - 6673,210212,2026-08-04 08:17:28,FRANCISCO JAMISON SOUSA DE MIRANDA,AVARIA NA ENTREGA,60,60,0,0,v1-atual
21254,6675,21254 - 6675,270212,2026-08-04 08:17:41,FRANCISCO JAMISON SOUSA DE MIRANDA,AVARIA NA ENTREGA,80,80,0,0,v1-atual
21254,6674,21254 - 6674,240212,2026-08-04 08:17:56,FRANCISCO JAMISON SOUSA DE MIRANDA,AVARIA NA ENTREGA,80,80,0,0,v1-atual
1284,246770,1284 - 246770,195212,2026-08-04 08:41:09,DANILO,AVARIA NO DEPÓSITO,130,110,0,0,v1-atual
25048,2530,25048 - 2530,228212,2026-08-04 08:41:59,DANILO,AVARIA NO DEPÓSITO,240,205,0,0,v1-atual
1139,74728,1139 - 74728,171215,2026-08-04 10:46:08,KARINA COSTA,OVOS VENCIDOS,600,0,0,0,v1-atual
20126,43011,20126 - 43011,420213,2026-08-04 10:48:38,KARINA COSTA,AVARIA NO PDV,140,0,0,0,v1-atual
22110,15997,22110 - 15997,324212,2026-08-04 10:53:18,KARINA COSTA,AVARIA NO PDV,180,0,0,0,v1-atual
20698,54002,20698 - 54002,186215,2026-08-04 11:06:08,KLEVERTON FRAGOSO,AVARIA NO DEPÓSITO,1054,360,2100,0,v1-atual
17263,38506,17263 - 38506,"5,09129E+26",2026-08-04 11:22:47,RUBENS ESCOCIO,AVARIA NO DEPÓSITO,944,782,30,0,v1-atual
15550,67648,15550 - 67648,900215,2026-08-04 11:27:09,ALINE MAIARA SILVA,AVARIA NO PDV,230,0,0,0,v1-atual
11220,24086,11220 - 24086,510215,2026-08-04 11:28:14,LUCAS DE MOURA,AVARIA NO DEPÓSITO,1290,1290,30,30,v1-atual
17262,26730,17262 - 26730,"7,74476E+15",2026-08-04 11:31:12,JOSE CLAUDIO,AVARIA NO DEPÓSITO,230,168,0,0,v1-atual
11012,26983,11012 - 26983,270213,2026-08-04 12:21:39,MATHEUS LAURENTINO,AVARIA NA ENTREGA,60,60,0,0,v1-atual
21740,121051,21740 - 121051,228215,2026-08-04 12:53:28,FABIO REDLOG,AVARIA DE VIAGEM,3000,2800,0,0,v1-atual
8155,52357,8155 - 52357,690215,2026-08-04 12:54:20,MIGUEL ABNER CARV,AVARIA NO PDV,720,582,0,0,v1-atual
21738,137508,21738 - 137508,288212,2026-08-04 13:19:26,RENAN,AVARIA NO PDV,880,0,0,0,v1-atual
11220,24071,11220 - 24071,180213,2026-08-04 13:21:01,RAFAEL DOS SANTOS,OVOS VENCIDOS,1030,1030,30,0,v1-atual
4242,81943,4242 - 81943,300213,2026-08-04 13:43:18,CHARLES SANTOS GON,AVARIA NO PDV,300,200,0,0,v1-atual
20439,10230,20439 - 10230,840212,2026-08-04 13:44:08,CHARLES SANTOS GON,AVARIA NA ENTREGA,1050,987,0,0,v1-atual
19609,163100,19609 - 163100,"8,31532E+16",2026-08-04 13:46:09,ANDEROSN DOS SANTOS,OVOS PODRES,1670,420,1890,0,v1-atual
24566,8684,24566 - 8684,540213,2026-08-04 14:00:49,DIEGO,NÃO LOCALIZADO,190,0,90,0,v1-atual
24566,8686,24566 - 8686,600213,2026-08-04 14:01:01,DIEGO,AVARIA NO PDV,10,0,0,0,v1-atual
24566,8685,24566 - 8685,570213,2026-08-04 14:01:10,DIEGO,AVARIA NO PDV,10,0,0,0,v1-atual
23683,57549,23683 - 57549,750215,2026-08-04 14:08:08,EVANDRO CORREIA,AVARIA NO PDV,20,0,0,0,v1-atual
1085,87547,1085 - 87547,213212,2026-08-04 14:10:26,RENAN,AVARIA NO PDV,84,0,30,0,v1-atual
23683,57550,23683 - 57550,780215,2026-08-04 14:10:27,EVANDRO CORREIA,AVARIA NO PDV,100,95,930,0,v1-atual
20924,47055,20924 - 47055,189215,2026-08-04 14:25:21,DOUGLAS CARVALHO,AVARIA NO DEPÓSITO,330,0,30,0,v1-atual
20924,47056,20924 - 47056,195215,2026-08-04 14:25:27,DOUGLAS CARVALHO,AVARIA NO DEPÓSITO,20,0,0,0,v1-atual
11605,177402,11605 - 177402,330215,2026-08-04 14:50:51,RENAN DE AZEVEDO OLIVEIRA,AVARIA NO DEPÓSITO,1700,950,0,0,v1-atual
11605,177404,11605 - 177404,390215,2026-08-04 14:51:53,RENAN DE AZEVEDO OLIVEIRA,AVARIA NO DEPÓSITO,160,130,0,0,v1-atual
11605,177403,11605 - 177403,360215,2026-08-04 14:52:41,RENAN DE AZEVEDO OLIVEIRA,AVARIA NO DEPÓSITO,180,120,0,0,v1-atual
23682,27149,23682 - 27149,450213,2026-08-04 15:30:27,MÉRCIO,AVARIA NA ENTREGA,420,267,0,0,v1-atual
16362,50195,16362 - 50195,780213,2026-08-04 15:35:12,JOEL LOBATO ALVES,AVARIA NO DEPÓSITO,280,0,0,0,v1-atual
16363,40599,16363 - 40599,300213,2026-08-04 15:36:02,JOEL LOBATO ALVES,AVARIA NO DEPÓSITO,140,0,0,0,v1-atual
23231,564795,23231 - 564795,273212,2026-08-04 15:36:13,MATEUS OLIVEIRA,AVARIA NO PDV,4650,0,210,0,v1-atual
20698,54005,20698 - 54005,225215,2026-08-04 15:48:37,W R EXPRESS,AVARIA DE VIAGEM,1560,1560,0,0,v1-atual
17263,38494,17263 - 38494,255215,2026-08-04 15:50:27,W R EXPRESS,AVARIA DE VIAGEM,900,900,0,0,v1-atual
16006,282344,16006 - 282344,540215,2026-08-04 15:52:04,ANA JAMILLY SOUSA,AVARIA NA ENTREGA,1890,1,0,0,v1-atual
24391,4946,24391 - 4946,234215,2026-08-04 15:53:03,W R EXPRESS,AVARIA DE VIAGEM,220,0,0,0,v1-atual
5765,354577,5765 - 354577,108215,2026-08-04 16:46:52,RARIEL,AVARIA NO DEPÓSITO,740,655,0,0,v1-atual
25224,2119,25224 - 2119,237212,2026-08-04 17:05:38,MARIA,OVOS PODRES,240,0,0,0,v1-atual
25224,2120,25224 - 2120,240212,2026-08-04 17:05:58,MARIA,AVARIA NO PDV,80,0,0,0,v1-atual
25224,2178,25224 - 2178,261215,2026-08-04 17:07:18,MARIA,OVOS PODRES,110,0,0,0,v1-atual
12560,261180,12560 - 261180,369212,2026-08-04 21:56:27,KAYTH,AVARIA NO DEPÓSITO,180,0,0,0,v1-atual
12560,261178,12560 - 261178,363212,2026-08-04 21:57:50,KAYTH,AVARIA NO DEPÓSITO,40,0,0,0,v1-atual
12560,261177,12560 - 261177,357212,2026-08-04 21:58:47,KAYTH,AVARIA NO DEPÓSITO,60,0,0,0,v1-atual
12560,261176,12560 - 261176,354212,2026-08-04 21:59:58,KAYTH,OVOS PODRES,300,300,0,0,v1-atual
12560,261174,12560 - 261174,351212,2026-08-04 22:00:50,KAYTH,OVOS PODRES,600,0,0,0,v1-atual
12560,261172,12560 - 261172,348212,2026-08-04 22:01:42,KAYTH,OVOS PODRES,200,0,0,0,v1-atual
12560,261171,12560 - 261171,345212,2026-08-04 22:02:50,KAYTH,AVARIA NO PDV,344,0,90,0,v1-atual
21740,121066,21740 - 121066,243215,2026-08-04 23:47:04,KEWIN,AVARIA NO PDV,0,0,720,0,v1-atual
21739,127758,21739 - 127758,126215,2026-08-04 23:47:34,KEWIN,AVARIA NO PDV,490,0,120,0,v1-atual
25086,36865,25086 - 36865,192215,2026-08-04 23:48:04,KEWIN,AVARIA NO PDV,670,0,0,0,v1-atual
12729,4641,12729 - 4641,255212,2026-08-05 00:31:24,MATEUS OLIVEIRA,AVARIA NO PDV,850,850,0,0,v1-atual
12729,4639,12729 - 4639,246212,2026-08-05 00:36:00,MATEUS OLIVEIRA,AVARIA NO PDV,540,540,0,0,v1-atual
11608,181911,11608 - 181911,840210,2026-08-05 06:55:02,RAFAEL DOS SANTOS,AVARIA NA ENTREGA,140,100,0,0,v1-atual
11608,182041,11608 - 182041,750212,2026-08-05 06:56:08,RAFAEL DOS SANTOS,AVARIA NA ENTREGA,60,40,0,0,v1-atual
11608,182037,11608 - 182037,720212,2026-08-05 06:56:39,RAFAEL DOS SANTOS,AVARIA NA ENTREGA,960,820,0,0,v1-atual
17512,40336,17512 - 40336,348211,2026-08-05 07:45:17,GILERLESON FEQUES,AVARIA NA ENTREGA,60,0,0,0,v1-atual
17512,40335,17512 - 40335,342211,2026-08-05 07:46:15,GILERLESON FEQUES,AVARIA NA ENTREGA,334,0,0,0,v1-atual
22706,88858,22706 - 88858,276212,2026-08-05 07:47:05,GILERLESON FEQUES,AVARIA NA ENTREGA,150,0,0,0,v1-atual
10769,46480,10769 - 46480,300212,2026-08-05 07:47:36,GILERLESON FEQUES,AVARIA NA ENTREGA,360,0,0,0,v1-atual
10769,46479,10769 - 46479,297212,2026-08-05 07:47:51,FLÁVIO,AVARIA DE VIAGEM,1132,1080,0,0,v1-atual
12562,68526,12562 - 68526,135215,2026-08-05 09:03:27,JEAN ARAUJO PEREIRA,AVARIA NO PDV,140,0,30,0,v1-atual
21875,132595,21875 - 132595,180215,2026-08-05 09:45:27,EDUARDO ALEXANDRE,AVARIA NA ENTREGA,30,0,570,0,v1-atual
1960,40545,1960 - 40545,300215,2026-08-05 10:41:44,ALYSON SOUSA,OVOS VENCIDOS,660,0,0,0,v1-atual
2777,10157,2777 - 10157,207216,2026-08-05 12:27:38,ANA SELMA DA SILVA REIS,OVOS PODRES,260,0,60,0,v1-atual
15150,126050,15150 - 126050,153216,2026-08-05 12:50:34,MIGUEL ABNER CARV,AVARIA NA ENTREGA,390,240,0,0,v1-atual
12419,41147,12419 - 41147,315216,2026-08-05 13:13:12,MATEUS FIGUEIREDO FERREIRA,AVARIA NO DEPÓSITO,370,200,0,0,v1-atual
8234,180946,8234 - 180946,348216,2026-08-05 13:14:16,MATEUS FIGUEIREDO FERREIRA,PROXIMO AO VENCIMENTO,1050,1000,150,0,v1-atual
4490,58153,4490 - 58153,174216,2026-08-05 13:15:06,MATEUS FIGUEIREDO FERREIRA,AVARIA NA ENTREGA,230,200,30,0,v1-atual
21914,19525,21914 - 19525,168216,2026-08-05 14:19:24,FELIPE MARQUES,AVARIA NA ENTREGA,330,240,0,0,v1-atual
1140,89545,1140 - 89545,279212,2026-08-05 14:40:17,JARDEL ARAUJO,AVARIA NO PDV,630,0,0,0,v1-atual
1140,89607,1140 - 89607,165215,2026-08-05 14:41:47,JARDEL ARAUJO,AVARIA NO PDV,200,0,0,0,v1-atual
13000,66175,13000 - 66175,165212,2026-08-05 14:43:01,JARDEL ARAUJO,OVOS VENCIDOS,580,0,0,0,v1-atual
13000,66176,13000 - 66176,171212,2026-08-05 14:43:27,JARDEL ARAUJO,AVARIA NO PDV,330,0,60,0,v1-atual
25399,4791,25399 - 4791,102215,2026-08-05 14:45:03,EVELINE DE SOUSA,AVARIA NO PDV,672,0,270,0,v1-atual
25399,4790,25399 - 4790,990215,2026-08-05 14:46:42,EVELINE DE SOUSA,OVOS VENCIDOS,420,0,0,0,v1-atual
17522,88346,17522 - 88346,300216,2026-08-05 18:45:23,EDNELSON MENDONCA DA CRUZ,AVARIA NO PDV,322,0,195,0,v1-atual
21983,107783,21983 - 107783,630212,2026-08-05 20:50:45,GENESE PINHEIRO ALEXANDRE,AVARIA NA ENTREGA,380,270,0,0,v1-atual
21983,107784,21983 - 107784,660212,2026-08-05 20:51:01,GENESE PINHEIRO ALEXANDRE,AVARIA NA ENTREGA,40,0,0,0,v1-atual
21983,107794,21983 - 107794,810212,2026-08-05 20:51:15,GENESE PINHEIRO ALEXANDRE,AVARIA NA ENTREGA,200,0,0,0,v1-atual
22946,77882,22946 - 77882,420211,2026-08-05 20:52:55,GENESE PINHEIRO ALEXANDRE,AVARIA NA ENTREGA,180,180,0,0,v1-atual
22946,77881,22946 - 77881,390211,2026-08-05 20:55:17,GENESE PINHEIRO ALEXANDRE,AVARIA NA ENTREGA,170,170,0,0,v1-atual
22946,77880,22946 - 77880,360211,2026-08-05 20:57:33,GENESE PINHEIRO ALEXANDRE,AVARIA NA ENTREGA,870,870,0,0,v1-atual
12028,138277,12028 - 138277,366216,2026-08-06 04:33:25,DANIELE,AVARIA NO PDV,640,640,0,0,v1-atual
12028,138296,12028 - 138296,480216,2026-08-06 04:34:36,DANIELE,AVARIA NA ENTREGA,340,340,0,0,v1-atual
12028,138300,12028 - 138300,489216,2026-08-06 04:36:01,DANIELE,AVARIA NO PDV,30,0,0,0,v1-atual
12028,138297,12028 - 138297,486216,2026-08-06 04:36:45,DANIELE,AVARIA NO PDV,20,0,90,0,v1-atual
12729,4642,12729 - 4642,258212,2026-08-06 06:47:19,MATEUS OLIVEIRA,AVARIA NO PDV,350,0,0,0,v1-atual
15701,7909136,15701 - 7909136,153215,2026-08-06 07:59:12,DISTRIBUIÇÃO,AVARIA NA ENTREGA,300,300,0,0,v1-atual
21498,62562,21498 - 62562,267211,2026-08-06 08:00:22,DISTRIBUIÇÃO,AVARIA NA ENTREGA,360,360,0,0,v1-atual
23753,32387,23753 - 32387,294211,2026-08-06 08:02:03,DISTRIBUIÇÃO,FALTA DE PRODUTO,20,0,0,0,v1-atual
6950,116119,6950 - 116119,183216,2026-08-06 08:43:12,MARCOS ALBERTO,AVARIA NO DEPÓSITO,0,0,810,0,v1-atual
12569,123879,12569 - 123879,354216,2026-08-06 08:56:59,FABIO REDLOG,AVARIA DE VIAGEM,0,0,720,712,v1-atual
23753,32462,23753 - 32462,387212,2026-08-06 10:13:40,WESLEY MEDEIROS,AVARIA NO DEPÓSITO,410,184,0,0,v1-atual
23753,32463,23753 - 32463,390212,2026-08-06 10:14:01,WESLEY MEDEIROS,AVARIA NO DEPÓSITO,50,0,270,0,v1-atual
1142,83488,1142 - 83488,108216,2026-08-06 10:14:57,RAFAEL DOS SANTOS,OVOS VENCIDOS,500,0,0,0,v1-atual
1142,83487,1142 - 83487,105216,2026-08-06 10:15:47,RAFAEL DOS SANTOS,AVARIA NO PDV,630,630,0,0,v1-atual
1144,101651,1144 - 101651,990216,2026-08-06 10:21:52,RAFAEL DOS SANTOS,OVOS VENCIDOS,840,0,0,0,v1-atual
1144,101653,1144 - 101653,102216,2026-08-06 10:22:29,RAFAEL DOS SANTOS,AVARIA NO PDV,120,100,30,0,v1-atual
1145,100551,1145 - 100551,129216,2026-08-06 10:30:27,RAFAEL DOS SANTOS,AVARIA NO DEPÓSITO,300,290,0,0,v1-atual
20506,50620,20506 - 50620,279217,2026-08-06 10:36:02,FABIO REDLOG,AVARIA DE VIAGEM,3000,2800,0,0,v1-atual
16363,40714,16363 - 40714,420217,2026-08-06 10:36:28,FABIO REDLOG,AVARIA DE VIAGEM,3000,2680,0,0,v1-atual
16384,40430,16384 - 40430,432217,2026-08-06 10:36:54,FABIO REDLOG,AVARIA DE VIAGEM,2200,2057,0,0,v1-atual
1961,44343,1961 - 44343,300217,2026-08-06 10:37:47,RAFAEL DOS SANTOS,AVARIA NO PDV,130,0,60,0,v1-atual
2144,41755,2144 - 41755,420217,2026-08-06 10:40:04,RAFAEL DOS SANTOS,OVOS VENCIDOS,760,760,0,0,v1-atual
2144,41742,2144 - 41742,600216,2026-08-06 10:40:50,RAFAEL DOS SANTOS,AVARIA NA ENTREGA,242,242,0,0,v1-atual
1216,36051,1216 - 36051,450216,2026-08-06 10:41:38,RAFAEL DOS SANTOS,OVOS VENCIDOS,130,0,0,0,v1-atual
2286,60338,2286 - 60338,300215,2026-08-06 10:42:25,RAFAEL DOS SANTOS,AVARIA NO DEPÓSITO,510,0,0,0,v1-atual
2291,27283,2291 - 27283,420216,2026-08-06 10:44:12,RAFAEL DOS SANTOS,AVARIA NA ENTREGA,580,0,0,0,v1-atual
2291,27301,2291 - 27301,570217,2026-08-06 10:44:37,RAFAEL DOS SANTOS,AVARIA NA ENTREGA,190,0,0,0,v1-atual
2667,21981,2667 - 21981,450217,2026-08-06 10:49:32,RAFAEL DOS SANTOS,AVARIA NO PDV,280,0,210,0,v1-atual
17265,35248,17265 - 35248,276216,2026-08-06 10:50:08,W R EXPRESS,AVARIA DE VIAGEM,260,0,0,0,v1-atual
8156,33496,8156 - 33496,570215,2026-08-06 10:52:54,RAFAEL DOS SANTOS,AVARIA NA ENTREGA,240,120,180,0,v1-atual
20699,74183,20699 - 74183,411216,2026-08-06 10:55:28,W R EXPRESS,AVARIA DE VIAGEM,1544,1544,0,0,v1-atual
20530,32751,20530 - 32751,489216,2026-08-06 10:57:08,W R EXPRESS,AVARIA DE VIAGEM,1000,1000,0,0,v1-atual
20530,32752,20530 - 32752,492216,2026-08-06 11:01:45,W R EXPRESS,AVARIA DE VIAGEM,900,900,0,0,v1-atual
11604,224488,11604 - 224488,480215,2026-08-06 11:02:14,RAFAEL DOS SANTOS,AVARIA NA ENTREGA,100,50,0,0,v1-atual
11604,224487,11604 - 224487,450215,2026-08-06 11:05:19,RAFAEL DOS SANTOS,AVARIA NA ENTREGA,2290,1600,0,0,v1-atual
11604,224699,11604 - 224699,720217,2026-08-06 11:06:06,RAFAEL DOS SANTOS,AVARIA NA ENTREGA,10,10,0,0,v1-atual
11604,224700,11604 - 224700,750217,2026-08-06 11:06:29,RAFAEL DOS SANTOS,AVARIA NA ENTREGA,20,20,0,0,v1-atual
11604,224701,11604 - 224701,780217,2026-08-06 11:06:56,RAFAEL DOS SANTOS,AVARIA NA ENTREGA,50,50,0,0,v1-atual
11604,224698,11604 - 224698,690217,2026-08-06 11:07:27,RAFAEL DOS SANTOS,AVARIA NA ENTREGA,120,120,0,0,v1-atual
11605,177515,11605 - 177515,159216,2026-08-06 11:22:31,RAFAEL DOS SANTOS,AVARIA NA ENTREGA,830,590,0,0,v1-atual
11605,177601,11605 - 177601,660217,2026-08-06 11:25:26,RAFAEL DOS SANTOS,AVARIA NA ENTREGA,70,50,0,0,v1-atual
11605,177600,11605 - 177600,630217,2026-08-06 11:26:00,RAFAEL DOS SANTOS,AVARIA NA ENTREGA,120,100,0,0,v1-atual
11605,177599,11605 - 177599,600217,2026-08-06 11:26:32,RAFAEL DOS SANTOS,AVARIA NA ENTREGA,520,440,0,0,v1-atual
8480,344968,8480 - 344968,270217,2026-08-06 11:29:52,RAFAEL DOS SANTOS,AVARIA NO PDV,490,352,0,0,v1-atual
10090,35157,10090 - 35157,510211,2026-08-06 11:30:26,RAFAEL DOS SANTOS,OVOS VENCIDOS,280,0,300,0,v1-atual
11606,183620,11606 - 183620,270215,2026-08-06 11:34:26,RAFAEL DOS SANTOS,AVARIA NO DEPÓSITO,60,60,0,0,v1-atual
11606,183617,11606 - 183617,180215,2026-08-06 11:34:51,RAFAEL DOS SANTOS,AVARIA NO DEPÓSITO,250,250,0,0,v1-atual
11606,183619,11606 - 183619,240215,2026-08-06 11:35:25,RAFAEL DOS SANTOS,AVARIA NA ENTREGA,660,660,0,0,v1-atual
11606,183618,11606 - 183618,210215,2026-08-06 11:35:50,RAFAEL DOS SANTOS,AVARIA NA ENTREGA,720,720,0,0,v1-atual
11607,240032,11607 - 240032,330216,2026-08-06 11:37:55,RAFAEL DOS SANTOS,AVARIA NA ENTREGA,60,0,0,0,v1-atual
17576,20560,17576 - 20560,375217,2026-08-06 11:37:56,ANDRESSA NEVES,OVOS PODRES,0,0,1440,0,v1-atual
17576,20558,17576 - 20558,369217,2026-08-06 11:38:25,ANDRESSA NEVES,AVARIA NA ENTREGA,30,0,0,0,v1-atual
11607,240033,11607 - 240033,360216,2026-08-06 11:38:36,RAFAEL DOS SANTOS,AVARIA NA ENTREGA,970,710,0,0,v1-atual
17576,20559,17576 - 20559,372217,2026-08-06 11:38:55,ANDRESSA NEVES,AVARIA NA ENTREGA,24,10,30,0,v1-atual
11607,240031,11607 - 240031,300216,2026-08-06 11:39:09,RAFAEL DOS SANTOS,AVARIA NA ENTREGA,2170,1910,0,0,v1-atual
17576,20557,17576 - 20557,366217,2026-08-06 11:41:55,ANDRESSA NEVES,AVARIA NA ENTREGA,546,360,0,0,v1-atual
11608,182213,11608 - 182213,720215,2026-08-06 11:45:04,RAFAEL DOS SANTOS,AVARIA NO PDV,20,0,0,0,v1-atual
12026,52996,12026 - 52996,600217,2026-08-06 11:47:23,RAFAEL DOS SANTOS,OVOS VENCIDOS,460,0,240,0,v1-atual
12026,52997,12026 - 52997,150217,2026-08-06 11:48:05,RAFAEL DOS SANTOS,AVARIA NA ENTREGA,400,357,0,0,v1-atual
15683,5689,15683 - 5689,270216,2026-08-06 11:53:12,RAFAEL DOS SANTOS,AVARIA NO PDV,380,0,0,0,v1-atual
17333,101369,17333 - 101369,144217,2026-08-06 11:57:29,FERNANDO GALDINO,AVARIA NO PDV,340,200,0,0,v1-atual
17333,101368,17333 - 101368,141217,2026-08-06 11:58:19,FERNANDO GALDINO,AVARIA NO PDV,660,400,0,0,v1-atual
6566,94432,6566 - 94432,351217,2026-08-06 12:00:29,FERNANDO GALDINO,AVARIA NO PDV,350,0,0,0,v1-atual
11608,182276,11608 - 182276,156216,2026-08-06 12:06:32,RAFAEL DOS SANTOS,AVARIA NA ENTREGA,250,210,0,0,v1-atual
11608,182275,11608 - 182275,153216,2026-08-06 12:06:56,RAFAEL DOS SANTOS,AVARIA NA ENTREGA,710,500,0,0,v1-atual
19558,11771,19558 - 11771,420215,2026-08-06 12:13:47,RAFAEL DOS SANTOS,OVOS PODRES,1960,1960,0,0,v1-atual
19909,18335,19909 - 18335,570212,2026-08-06 12:15:21,RAFAEL DOS SANTOS,AVARIA NO DEPÓSITO,200,105,0,0,v1-atual
20443,90071,20443 - 90071,960216,2026-08-06 12:16:23,RAFAEL DOS SANTOS,AVARIA NO PDV,160,90,0,0,v1-atual
20546,133689,20546 - 133689,150216,2026-08-06 12:20:52,RAFAEL DOS SANTOS,AVARIA NA ENTREGA,920,920,0,0,v1-atual
20546,133690,20546 - 133690,180216,2026-08-06 12:21:20,RAFAEL DOS SANTOS,AVARIA NA ENTREGA,360,360,0,0,v1-atual
20546,133696,20546 - 133696,210216,2026-08-06 12:21:50,RAFAEL DOS SANTOS,AVARIA NA ENTREGA,130,130,0,0,v1-atual
20546,133697,20546 - 133697,240216,2026-08-06 12:22:15,RAFAEL DOS SANTOS,AVARIA NA ENTREGA,70,70,0,0,v1-atual
18994,11602,18994 - 11602,750216,2026-08-06 12:23:04,RAFAEL DOS SANTOS,AVARIA NO DEPÓSITO,430,174,0,0,v1-atual
1288,58466,1288 - 58466,444216,2026-08-06 12:36:49,SILDIENY,AVARIA NO PDV,202,0,630,0,v1-atual
1288,58465,1288 - 58465,435216,2026-08-06 12:37:19,SILDIENY,AVARIA NO PDV,300,300,0,0,v1-atual
1288,58464,1288 - 58464,429216,2026-08-06 12:37:59,SILDIENY,AVARIA NO PDV,120,120,0,0,v1-atual
21270,10710,21270 - 10710,120216,2026-08-06 12:38:15,RAFAEL DOS SANTOS,AVARIA NO DEPÓSITO,810,770,30,0,v1-atual
1288,58467,1288 - 58467,447216,2026-08-06 12:38:22,SILDIENY,AVARIA NO PDV,60,0,0,0,v1-atual
1288,58463,1288 - 58463,417216,2026-08-06 12:38:49,SILDIENY,AVARIA NO PDV,44,0,180,0,v1-atual
1288,58875,1288 - 58875,6bb73ed7-d23e-4e35-8813-cba392344961,2026-08-06 12:39:39,SILDIENY,AVARIA NO PDV,660,660,0,0,v1-atual
21271,10439,21271 - 10439,141211,2026-08-06 12:39:42,RAFAEL DOS SANTOS,AVARIA NO DEPÓSITO,3800,3800,0,0,v1-atual
22702,4813,22702 - 4813,126216,2026-08-06 12:48:27,RAFAEL DOS SANTOS,OVOS VENCIDOS,200,200,0,0,v1-atual
22530,36918,22530 - 36918,138216,2026-08-06 12:49:01,RAFAEL DOS SANTOS,AVARIA NA ENTREGA,40,40,0,0,v1-atual
22530,36917,22530 - 36917,132216,2026-08-06 12:49:26,RAFAEL DOS SANTOS,AVARIA NA ENTREGA,80,80,0,0,v1-atual
22530,36916,22530 - 36916,135216,2026-08-06 12:49:57,RAFAEL DOS SANTOS,AVARIA NA ENTREGA,300,300,0,0,v1-atual
21852,22110,21852 - 22110,900217,2026-08-06 12:50:42,RAFAEL DOS SANTOS,OVOS VENCIDOS,210,0,150,0,v1-atual
21531,102462,21531 - 102462,630215,2026-08-06 12:52:34,RAFAEL DOS SANTOS,AVARIA NO PDV,20,0,0,0,v1-atual
21531,102463,21531 - 102463,660215,2026-08-06 12:53:09,RAFAEL DOS SANTOS,AVARIA NA ENTREGA,390,310,0,0,v1-atual
21531,102461,21531 - 102461,600215,2026-08-06 12:53:49,RAFAEL DOS SANTOS,AVARIA NA ENTREGA,1140,900,0,0,v1-atual
23484,39875,23484 - 39875,720216,2026-08-06 13:01:02,RAFAEL DOS SANTOS,AVARIA NA ENTREGA,152,112,180,0,v1-atual
23484,39874,23484 - 39874,690216,2026-08-06 13:01:29,RAFAEL DOS SANTOS,AVARIA NA ENTREGA,700,400,0,0,v1-atual
23485,51295,23485 - 51295,540217,2026-08-06 13:03:57,RAFAEL DOS SANTOS,AVARIA NA ENTREGA,450,350,180,0,v1-atual
22946,78300,22946 - 78300,930216,2026-08-06 13:10:14,RAFAEL DOS SANTOS,AVARIA NA ENTREGA,100,30,0,0,v1-atual
22946,78298,22946 - 78298,870216,2026-08-06 13:10:41,RAFAEL DOS SANTOS,AVARIA NA ENTREGA,400,400,0,0,v1-atual
22946,78297,22946 - 78297,840216,2026-08-06 13:11:14,RAFAEL DOS SANTOS,AVARIA NA ENTREGA,180,180,0,0,v1-atual
22946,78299,22946 - 78299,900216,2026-08-06 13:11:39,RAFAEL DOS SANTOS,AVARIA NA ENTREGA,520,520,0,0,v1-atual
22946,78296,22946 - 78296,810216,2026-08-06 13:12:04,RAFAEL DOS SANTOS,AVARIA NA ENTREGA,860,860,0,0,v1-atual
24339,1884,24339 - 1884,480216,2026-08-06 13:13:30,RAFAEL DOS SANTOS,AVARIA NA ENTREGA,450,450,0,0,v1-atual
13777,71900,13777 - 71900,414217,2026-08-06 13:14:30,FERNANDO,OVOS PODRES,50,0,60,0,v1-atual
12569,123852,12569 - 123852,129215,2026-08-06 13:15:38,FERNANDO,OVOS PODRES,360,0,30,0,v1-atual
12569,123853,12569 - 123853,132215,2026-08-06 13:15:59,FERNANDO,AVARIA NO PDV,20,0,0,0,v1-atual
11303,41743,11303 - 41743,201217,2026-08-06 13:19:25,JOEL LOBATO ALVES,AVARIA NO DEPÓSITO,740,0,30,0,v1-atual
9088,30602,9088 - 30602,150215,2026-08-06 13:21:50,RAFAEL DOS SANTOS,AVARIA NA ENTREGA,160,80,0,0,v1-atual
15921,18201,15921 - 18201,600215,2026-08-06 13:24:34,RAFAEL DOS SANTOS,AVARIA NA ENTREGA,100,100,30,0,v1-atual
21200,15639,21200 - 15639,900215,2026-08-06 13:25:20,RAFAEL DOS SANTOS,AVARIA NO PDV,130,0,180,0,v1-atual
22837,71435,22837 - 71435,207212,2026-08-06 13:30:50,FABIO REDLOG,AVARIA DE VIAGEM,1200,900,0,0,v1-atual
22759,271183,22759 - 271183,210211,2026-08-06 13:30:51,NÃO LOCALIZADO,AVARIA NA ENTREGA,720,720,0,0,v1-atual
25437,877,25437 - 877,120215,2026-08-06 13:32:00,RAFAEL DOS SANTOS,AVARIA NO PDV,570,0,360,0,v1-atual
22759,271359,22759 - 271359,288216,2026-08-06 13:32:43,NÃO LOCALIZADO,AVARIA DE VIAGEM,4320,4320,0,0,v1-atual
25155,7285,25155 - 7285,144216,2026-08-06 13:34:36,RAFAEL DOS SANTOS,AVARIA NO DEPÓSITO,100,0,0,0,v1-atual
25155,7284,25155 - 7284,141216,2026-08-06 13:35:06,RAFAEL DOS SANTOS,OVOS VENCIDOS,150,0,0,0,v1-atual
4487,252003,4487 - 252003,120212,2026-08-06 13:37:15,RODRIGO,AVARIA DE VIAGEM,960,0,0,0,v1-atual
23488,60869,23488 - 60869,468211,2026-08-06 14:31:37,W R EXPRESS,AVARIA DE VIAGEM,20,0,0,0,v1-atual
1281,470894,1281 - 470894,117217,2026-08-06 14:43:15,VILMENIA,AVARIA NO PDV,80,50,30,0,v1-atual
6689,392335,6689 - 392335,183217,2026-08-06 14:47:29,VILMENIA,AVARIA NO PDV,272,200,30,0,v1-atual
25201,293257,25201 - 293257,300217,2026-08-06 14:54:55,RAFAEL DOS SANTOS,AVARIA NO DEPÓSITO,2100,1440,0,0,v1-atual
1139,74681,1139 - 74681,363211,2026-08-06 15:39:14,CD JUAZEIRO,AVARIA DE VIAGEM,240,240,0,0,v1-atual
23629,10122,23629 - 10122,237217,2026-08-06 15:40:49,ANDRESSA NEVES,OVOS SUJOS,0,0,180,0,v1-atual
23629,10123,23629 - 10123,246217,2026-08-06 15:41:29,ANDRESSA NEVES,OVOS PODRES,0,0,240,0,v1-atual
11603,185486,11603 - 185486,318212,2026-08-06 15:42:19,RAFAEL DOS SANTOS,AVARIA NO DEPÓSITO,480,240,0,0,v1-atual
11603,185487,11603 - 185487,321212,2026-08-06 15:42:46,RAFAEL DOS SANTOS,AVARIA NO DEPÓSITO,1750,1200,0,0,v1-atual
11603,185797,11603 - 185797,225216,2026-08-06 15:43:19,RAFAEL DOS SANTOS,AVARIA NA ENTREGA,40,0,0,0,v1-atual
23629,10124,23629 - 10124,255217,2026-08-06 15:43:47,ANDRESSA NEVES,AVARIA NA ENTREGA,80,20,0,0,v1-atual
11603,185795,11603 - 185795,219216,2026-08-06 15:44:02,RAFAEL DOS SANTOS,AVARIA NA ENTREGA,70,30,0,0,v1-atual
11603,185796,11603 - 185796,222216,2026-08-06 15:44:37,RAFAEL DOS SANTOS,AVARIA NA ENTREGA,1660,1050,0,0,v1-atual
23629,10120,23629 - 10120,222217,2026-08-06 15:45:39,ANDRESSA NEVES,AVARIA NA ENTREGA,100,0,0,0,v1-atual
4242,81989,4242 - 81989,300216,2026-08-06 15:46:16,RAFAEL DOS SANTOS,OVOS VENCIDOS,190,156,0,0,v1-atual
23629,10121,23629 - 10121,225217,2026-08-06 15:47:46,ANDRESSA NEVES,AVARIA NA ENTREGA,220,150,0,0,v1-atual
21529,97171,21529 - 97171,600216,2026-08-06 15:48:34,RAFAEL DOS SANTOS,AVARIA NO DEPÓSITO,60,0,0,0,v1-atual
21529,97170,21529 - 97170,630216,2026-08-06 15:49:45,RAFAEL DOS SANTOS,AVARIA NO DEPÓSITO,1180,495,0,0,v1-atual
21529,97169,21529 - 97169,570216,2026-08-06 15:51:19,RAFAEL DOS SANTOS,AVARIA NO DEPÓSITO,1900,1595,0,0,v1-atual
21529,97257,21529 - 97257,240217,2026-08-06 15:58:09,RAFAEL DOS SANTOS,AVARIA NA ENTREGA,150,60,0,0,v1-atual
21529,97256,21529 - 97256,210217,2026-08-06 15:58:56,RAFAEL DOS SANTOS,AVARIA NO DEPÓSITO,350,110,0,0,v1-atual
21530,92626,21530 - 92626,111216,2026-08-06 16:00:53,RAFAEL DOS SANTOS,AVARIA NA ENTREGA,900,900,0,0,v1-atual
21530,92627,21530 - 92627,114216,2026-08-06 16:01:24,RAFAEL DOS SANTOS,AVARIA NA ENTREGA,40,40,0,0,v1-atual
21530,92628,21530 - 92628,117216,2026-08-06 16:02:32,RAFAEL DOS SANTOS,AVARIA NA ENTREGA,80,80,0,0,v1-atual
25615,492,25615 - 492,108217,2026-08-06 16:14:09,RAYLLA SOUSA SANTOS,AVARIA NO PDV,100,100,0,0,v1-atual
25615,493,25615 - 493,111217,2026-08-06 16:16:09,RAYLLA SOUSA SANTOS,AVARIA NO PDV,60,0,0,0,v1-atual
25615,501,25615 - 501,288217,2026-08-06 16:17:15,RAYLLA SOUSA SANTOS,AVARIA NO PDV,80,80,0,0,v1-atual
25615,502,25615 - 502,300217,2026-08-06 16:18:02,RAYLLA SOUSA SANTOS,AVARIA NO PDV,20,0,0,0,v1-atual
25615,503,25615 - 503,306217,2026-08-06 16:18:49,RAYLLA SOUSA SANTOS,AVARIA NO PDV,20,0,0,0,v1-atual
17030,128426,17030 - 128426,450216,2026-08-06 17:00:09,SILDIENY,AVARIA NO PDV,272,0,0,0,v1-atual
17030,128424,17030 - 128424,453216,2026-08-06 17:00:37,SILDIENY,AVARIA NO PDV,110,0,90,0,v1-atual
23525,5825,23525 - 5825,810215,2026-08-06 17:01:52,SILDIENY,AVARIA NA ENTREGA,240,240,0,0,v1-atual
23525,5826,23525 - 5826,870215,2026-08-06 17:02:28,SILDIENY,AVARIA NO PDV,320,0,0,0,v1-atual
23710,42108,23710 - 42108,333216,2026-08-06 18:17:24,EVANDRO CORREIA,AVARIA NO PDV,40,35,0,0,v1-atual
23710,42107,23710 - 42107,327216,2026-08-06 18:18:06,EVANDRO CORREIA,AVARIA NO DEPÓSITO,410,292,870,0,v1-atual
6952,61062,6952 - 61062,231216,2026-08-06 18:19:54,EVANDRO CORREIA,AVARIA NO DEPÓSITO,880,858,150,0,v1-atual
25615,459,25615 - 459,393212,2026-08-06 20:23:53,FLÁVIO,AVARIA DE VIAGEM,800,720,0,0,v1-atual
22647,39217,22647 - 39217,399208,2026-08-06 20:27:46,DISTRIBUIÇÃO,FALTA DE PRODUTO,300,0,3000,0,v1-atual
23918,11785,23918 - 11785,261216,2026-08-06 20:30:03,DISTRIBUIÇÃO,AVARIA NA ENTREGA,4200,2100,0,0,v1-atual
1285,119492,1285 - 119492,399216,2026-08-06 20:46:14,WILIANE GALVAO,OVOS PODRES,10,0,180,0,v1-atual
1285,119491,1285 - 119491,393216,2026-08-06 20:47:10,WILIANE GALVAO,AVARIA NA ENTREGA,620,589,0,0,v1-atual
1285,119488,1285 - 119488,387216,2026-08-06 20:48:48,WILIANE GALVAO,AVARIA NA ENTREGA,120,0,30,0,v1-atual
1285,119486,1285 - 119486,249216,2026-08-06 20:49:59,WILIANE GALVAO,AVARIA NA ENTREGA,360,0,0,0,v1-atual
2043,20384,2043 - 20384,342217,2026-08-06 20:51:06,WILIANE GALVAO,AVARIA NA ENTREGA,240,210,0,0,v1-atual
2043,20354,2043 - 20354,396212,2026-08-06 20:52:01,WILIANE GALVAO,OVOS PODRES,120,0,420,0,v1-atual
9125,158449,9125 - 158449,441216,2026-08-06 20:52:48,WILIANE GALVAO,AVARIA NA ENTREGA,20,0,0,0,v1-atual
9125,158448,9125 - 158448,438216,2026-08-06 21:20:58,WILIANE GALVAO,AVARIA NA ENTREGA,300,289,0,0,v1-atual
14715,16862,14715 - 16862,408217,2026-08-06 21:21:57,WILIANE GALVAO,AVARIA NA ENTREGA,40,0,60,0,v1-atual
14715,16861,14715 - 16861,324217,2026-08-06 21:22:57,WILIANE GALVAO,AVARIA NA ENTREGA,400,385,0,0,v1-atual
14715,16860,14715 - 16860,138217,2026-08-06 21:23:37,WILIANE GALVAO,AVARIA NA ENTREGA,60,0,0,0,v1-atual
5008,101945,5008 - 101945,393217,2026-08-06 23:37:26,GUILHERME,AVARIA NO PDV,40,40,0,0,v1-atual
5008,101947,5008 - 101947,402217,2026-08-06 23:38:09,GUILHERME,AVARIA NO PDV,140,0,0,0,v1-atual
5008,101948,5008 - 101948,405217,2026-08-06 23:38:52,GUILHERME,AVARIA NO PDV,56,0,30,0,v1-atual
5008,101949,5008 - 101949,411217,2026-08-06 23:39:38,GUILHERME,AVARIA NA ENTREGA,30,0,0,0,v1-atual
12027,174655,12027 - 174655,363216,2026-08-06 23:40:31,GUILHERME,AVARIA NO PDV,60,0,210,0,v1-atual
14460,17573,14460 - 17573,303216,2026-08-06 23:41:20,GUILHERME,AVARIA NO PDV,150,150,0,0,v1-atual
14460,17577,14460 - 17577,285217,2026-08-06 23:42:15,GUILHERME,AVARIA NA ENTREGA,150,150,0,0,v1-atual
14460,17578,14460 - 17578,297217,2026-08-06 23:42:52,GUILHERME,AVARIA NO PDV,80,0,60,0,v1-atual
14460,17579,14460 - 17579,303217,2026-08-06 23:43:51,GUILHERME,AVARIA NA ENTREGA,300,300,0,0,v1-atual
22912,8711,22912 - 8711,429217,2026-08-06 23:45:19,GUILHERME,OVOS VENCIDOS,108,0,0,0,v1-atual
22912,8693,22912 - 8693,165216,2026-08-06 23:45:53,GUILHERME,AVARIA NO PDV,22,0,0,0,v1-atual
23467,7149,23467 - 7149,345216,2026-08-06 23:46:52,GUILHERME,AVARIA NA ENTREGA,120,120,0,0,v1-atual
1288,58430,1288 - 58430,990213,2026-08-07 05:09:10,FLÁVIO,AVARIA DE VIAGEM,17088,6000,0,0,v1-atual
165,1486252,165 - 1486252,330216,2026-08-07 05:18:36,EDUARDO ALEXANDRE,AVARIA NA ENTREGA,10,0,1260,0,v1-atual
165,1486253,165 - 1486253,336216,2026-08-07 05:20:03,EDUARDO ALEXANDRE,AVARIA NA ENTREGA,50,0,0,0,v1-atual
7315,292561,7315 - 292561,399211,2026-08-07 05:28:55,FLÁVIO,AVARIA DE VIAGEM,12,0,0,0,v1-atual
17030,128202,17030 - 128202,261212,2026-08-07 05:35:14,FLÁVIO,AVARIA DE VIAGEM,880,810,1440,0,v1-atual
21811,14600,21811 - 14600,234212,2026-08-07 05:35:50,FLÁVIO,AVARIA DE VIAGEM,180,150,0,0,v1-atual
5007,153782,5007 - 153782,252211,2026-08-07 05:38:30,FLÁVIO,AVARIA DE VIAGEM,150,120,0,0,v1-atual
18495,5536,18495 - 5536,384212,2026-08-07 05:39:43,FLÁVIO,AVARIA DE VIAGEM,240,240,0,0,v1-atual
19010,175420,19010 - 175420,186217,2026-08-07 06:29:15,MARCOS ALBERTO,AVARIA NO DEPÓSITO,320,320,0,0,v1-atual
19010,175421,19010 - 175421,189217,2026-08-07 06:29:58,MARCOS ALBERTO,AVARIA NO DEPÓSITO,200,0,0,0,v1-atual
5007,153893,5007 - 153893,462216,2026-08-07 06:31:19,RAYARA OLIVEIRA,AVARIA NO PDV,140,0,0,0,v1-atual
5007,153894,5007 - 153894,477216,2026-08-07 06:31:48,RAYARA OLIVEIRA,AVARIA NO PDV,40,0,0,0,v1-atual
5007,153895,5007 - 153895,486216,2026-08-07 06:32:16,RAYARA OLIVEIRA,AVARIA NO PDV,60,0,0,0,v1-atual
24034,1907,24034 - 1907,192217,2026-08-07 06:32:55,RAYARA OLIVEIRA,AVARIA NO PDV,40,0,0,0,v1-atual
24034,1908,24034 - 1908,195217,2026-08-07 06:33:29,RAYARA OLIVEIRA,AVARIA NO PDV,60,60,0,0,v1-atual
5007,153903,5007 - 153903,105217,2026-08-07 06:34:13,RAYARA OLIVEIRA,AVARIA NO PDV,930,930,0,0,v1-atual
5007,153902,5007 - 153902,102217,2026-08-07 06:34:56,RAYARA OLIVEIRA,AVARIA NO PDV,80,80,0,0,v1-atual
5007,153901,5007 - 153901,960217,2026-08-07 06:35:32,RAYARA OLIVEIRA,AVARIA NO PDV,360,360,0,0,v1-atual
5007,153900,5007 - 153900,900217,2026-08-07 06:36:11,RAYARA OLIVEIRA,AVARIA NA ENTREGA,140,0,0,0,v1-atual
7315,293098,7315 - 293098,219217,2026-08-07 06:38:45,RAYARA OLIVEIRA,AVARIA NO PDV,100,100,0,0,v1-atual
7315,293097,7315 - 293097,210217,2026-08-07 06:39:19,RAYARA OLIVEIRA,AVARIA NO PDV,440,440,0,0,v1-atual
7315,293095,7315 - 293095,207217,2026-08-07 06:39:47,RAYARA OLIVEIRA,AVARIA NO PDV,120,0,0,0,v1-atual
7315,293088,7315 - 293088,177217,2026-08-07 06:40:12,RAYARA OLIVEIRA,AVARIA NO PDV,180,0,30,0,v1-atual
21155,31692,21155 - 31692,114217,2026-08-07 07:28:50,CLEANE BRANDAO,AVARIA NO PDV,150,0,240,0,v1-atual
5528,173924,5528 - 173924,471216,2026-08-07 07:29:31,CLEANE BRANDAO,AVARIA NO PDV,40,0,120,0,v1-atual
12030,177034,12030 - 177034,282217,2026-08-07 07:29:42,DANIELE,AVARIA NO PDV,370,0,90,0,v1-atual
5528,173925,5528 - 173925,468216,2026-08-07 07:30:12,CLEANE BRANDAO,AVARIA NO PDV,24,0,0,0,v1-atual
12030,177033,12030 - 177033,273217,2026-08-07 07:30:18,DANIELE,AVARIA NA ENTREGA,380,363,0,0,v1-atual
23231,564929,23231 - 564929,264216,2026-08-07 07:35:10,MATEUS OLIVEIRA,AVARIA NO PDV,5150,0,0,0,v1-atual
2044,17832,2044 - 17832,450217,2026-08-07 07:55:51,ELENILDE,AVARIA NO PDV,0,0,90,0,v1-atual
2044,17831,2044 - 17831,447217,2026-08-07 07:57:01,ELENILDE,AVARIA NA ENTREGA,1060,0,0,0,v1-atual
7316,138143,7316 - 138143,264217,2026-08-07 07:57:47,ELENILDE,AVARIA NO PDV,0,0,30,0,v1-atual
7316,138142,7316 - 138142,261217,2026-08-07 07:58:43,ELENILDE,AVARIA NO PDV,154,0,0,0,v1-atual
23376,6772,23376 - 6772,156217,2026-08-07 08:00:11,ELENILDE,AVARIA NA ENTREGA,220,220,0,0,v1-atual
23376,6771,23376 - 6771,147217,2026-08-07 08:01:31,ELENILDE,AVARIA NO PDV,102,0,150,0,v1-atual
24642,4040,24642 - 4040,453217,2026-08-07 08:02:47,ELENILDE,AVARIA NO PDV,40,0,60,0,v1-atual
24642,4033,24642 - 4033,171217,2026-08-07 08:04:26,ELENILDE,AVARIA NO PDV,1020,0,0,0,v1-atual
24642,4032,24642 - 4032,129217,2026-08-07 08:05:21,ELENILDE,AVARIA NO PDV,380,0,0,0,v1-atual
24642,4039,24642 - 4039,423217,2026-08-07 08:07:16,ELENILDE,AVARIA NO PDV,240,240,0,0,v1-atual
17513,67507,17513 - 67507,426216,2026-08-07 08:10:55,GILERLESON FEQUES,AVARIA NA ENTREGA,20,20,0,0,v1-atual
17513,67506,17513 - 67506,423216,2026-08-07 08:12:21,GILERLESON FEQUES,AVARIA NA ENTREGA,44,44,0,0,v1-atual
22119,60717,22119 - 60717,840217,2026-08-07 08:47:16,VILMENIA,AVARIA NO PDV,480,330,0,0,v1-atual
21547,13565,21547 - 13565,303212,2026-08-07 10:21:04,NATHANAEL CAVALCANTE,AVARIA NO PDV,412,210,240,0,v1-atual
25615,517,25615 - 517,333218,2026-08-07 10:39:20,FLÁVIO,AVARIA DE VIAGEM,300,250,0,0,v1-atual
12734,96918,12734 - 96918,435217,2026-08-07 10:41:26,FRANCIS SANTANA,OVOS PODRES,350,350,30,0,v1-atual
1283,111803,1283 - 111803,159212,2026-08-07 10:57:21,CARLOS HENRIQUE,AVARIA NO PDV,120,116,0,0,v1-atual
1283,111804,1283 - 111804,162212,2026-08-07 10:57:57,CARLOS HENRIQUE,AVARIA NO PDV,40,37,0,0,v1-atual
1283,111863,1283 - 111863,423218,2026-08-07 10:59:58,CARLOS HENRIQUE,AVARIA NA ENTREGA,180,146,0,0,v1-atual
21003,21750,21003 - 21750,411218,2026-08-07 13:01:31,PEDRO HENRIQUE TEIXEIRA DE SOUZA,AVARIA NA ENTREGA,70,0,30,0,v1-atual
20029,186614,20029 - 186614,384217,2026-08-07 13:28:00,EVELINE DE SOUSA,OVOS VENCIDOS,52,0,0,0,v1-atual
20029,186615,20029 - 186615,390217,2026-08-07 13:31:30,EVELINE DE SOUSA,AVARIA NO PDV,134,134,0,0,v1-atual
12599,31491,12599 - 31491,222215,2026-08-07 13:36:49,EVELINE DE SOUSA,FALTA DE PRODUTO,920,0,0,0,v1-atual
12599,31500,12599 - 31500,168218,2026-08-07 13:40:04,EVELINE DE SOUSA,AVARIA NA ENTREGA,184,184,0,0,v1-atual
12599,31501,12599 - 31501,171218,2026-08-07 13:41:44,EVELINE DE SOUSA,AVARIA NA ENTREGA,220,0,0,0,v1-atual
11380,49854,11380 - 49854,144215,2026-08-07 13:44:45,EVELINE DE SOUSA,FALTA DE PRODUTO,0,0,120,0,v1-atual
2614,235423,2614 - 235423,306218,2026-08-07 13:47:44,EVELINE DE SOUSA,AVARIA NO PDV,410,0,0,0,v1-atual
2614,235426,2614 - 235426,336218,2026-08-07 13:59:05,EVELINE DE SOUSA,AVARIA NO PDV,320,320,0,0,v1-atual
1082,285027,1082 - 285027,435218,2026-08-07 14:21:42,FABIO REDLOG,AVARIA DE VIAGEM,240,200,0,0,v1-atual
12618,201843,12618 - 201843,219218,2026-08-07 14:23:08,FABIO REDLOG,AVARIA DE VIAGEM,1200,1000,0,0,v1-atual
21734,254857,21734 - 254857,147218,2026-08-07 14:23:48,FABIO REDLOG,AVARIA DE VIAGEM,3000,2520,0,0,v1-atual
12564,148088,12564 - 148088,399218,2026-08-07 17:00:06,FABIO REDLOG,AVARIA DE VIAGEM,300,200,0,0,v1-atual
21906,12428,21906 - 12428,153218,2026-08-07 17:56:57,FELIPE MARQUES,AVARIA NA ENTREGA,70,30,0,0,v1-atual
22055,17612,22055 - 17612,810217,2026-08-07 17:58:12,FELIPE MARQUES,AVARIA NA ENTREGA,380,240,30,0,v1-atual
4493,65930,4493 - 65930,252215,2026-08-07 18:11:26,LUHHE COSTA DA COSTA,AVARIA NO PDV,454,400,90,0,v1-atual
7640,22528,7640 - 22528,315216,2026-08-07 18:12:21,LUHHE COSTA DA COSTA,AVARIA NO PDV,235,200,0,0,v1-atual
23837,9948,23837 - 9948,135217,2026-08-07 18:13:00,LUHHE COSTA DA COSTA,AVARIA NO PDV,890,0,240,0,v1-atual
22546,11315,22546 - 11315,447218,2026-08-07 19:31:15,KAYTH,AVARIA NO PDV,360,360,0,0,v1-atual
22546,11314,22546 - 11314,441218,2026-08-07 19:32:07,KAYTH,AVARIA NO PDV,280,280,0,0,v1-atual
22546,11313,22546 - 11313,438218,2026-08-07 19:32:59,KAYTH,AVARIA NO PDV,120,0,0,0,v1-atual
22546,11311,22546 - 11311,435218,2026-08-07 19:33:57,KAYTH,AVARIA NO PDV,232,0,0,0,v1-atual
20699,74174,20699 - 74174,282216,2026-08-07 19:59:23,JOSE CLAUDIO,AVARIA NA ENTREGA,1270,810,150,0,v1-atual
12553,109141,12553 - 109141,402216,2026-08-07 20:10:49,PAULO FERNANDO SILVA,AVARIA NO PDV,50,50,0,0,v1-atual
12553,109140,12553 - 109140,381216,2026-08-07 20:11:32,PAULO FERNANDO SILVA,AVARIA NO PDV,18,0,0,0,v1-atual
12553,109139,12553 - 109139,372216,2026-08-07 20:11:46,PAULO FERNANDO SILVA,AVARIA NO PDV,20,0,30,0,v1-atual
20114,38324,20114 - 38324,165217,2026-08-07 20:13:12,PAULO FERNANDO SILVA,AVARIA NO PDV,160,160,0,0,v1-atual
23083,31163,23083 - 31163,159218,2026-08-08 06:42:49,MARIA IRANEIDE,AVARIA NA ENTREGA,130,0,210,0,v1-atual
1290,552641,1290 - 552641,429218,2026-08-08 07:23:05,JESSICA COSTA,OVOS PODRES,840,840,0,0,v1-atual
1290,552626,1290 - 552626,417218,2026-08-08 07:23:46,JESSICA COSTA,OVOS PODRES,2130,0,1110,0,v1-atual
1290,552625,1290 - 552625,414218,2026-08-08 07:28:39,JESSICA COSTA,OVOS PODRES,2700,0,0,0,v1-atual
1290,552623,1290 - 552623,411218,2026-08-08 07:32:19,JESSICA COSTA,OVOS VENCIDOS,0,0,240,0,v1-atual
4498,18634,4498 - 18634,510218,2026-08-08 07:49:34,MATHEUS LAURENTINO,AVARIA NA ENTREGA,180,100,0,0,v1-atual
11012,27002,11012 - 27002,150216,2026-08-08 07:50:10,MATHEUS LAURENTINO,AVARIA NA ENTREGA,80,80,0,0,v1-atual
15550,67764,15550 - 67764,180217,2026-08-08 07:51:04,ALINE MAIARA SILVA,AVARIA NO PDV,200,0,30,0,v1-atual
11012,26993,11012 - 26993,390216,2026-08-08 07:51:18,MATHEUS LAURENTINO,OVOS VENCIDOS,840,840,60,0,v1-atual
7142,19249,7142 - 19249,"3,95797E+19",2026-08-08 07:54:20,ROBSON LIMA DOS SANTOS,AVARIA NA ENTREGA,300,209,0,0,v1-atual
17090,49016,17090 - 49016,192218,2026-08-08 08:00:47,FRANCINALDO,AVARIA NA ENTREGA,570,531,300,0,v1-atual
23111,12453,23111 - 12453,"7,756E+17",2026-08-08 08:03:22,RUBENS ESCOCIO,AVARIA NA ENTREGA,582,445,0,0,v1-atual
18354,6815,18354 - 6815,930215,2026-08-08 08:18:13,IVANA PATRICIA,AVARIA NA ENTREGA,190,0,0,0,v1-atual
18354,6871,18354 - 6871,228217,2026-08-08 08:31:23,IVANA PATRICIA,AVARIA NA ENTREGA,60,0,0,0,v1-atual
25155,7378,25155 - 7378,"6,54422E+19",2026-08-08 08:32:38,ALYSON SOUSA,AVARIA NA ENTREGA,320,320,0,0,v1-atual
18354,6872,18354 - 6872,234217,2026-08-08 08:33:43,IVANA PATRICIA,AVARIA NA ENTREGA,330,0,0,0,v1-atual
14569,135230,14569 - 135230,459218,2026-08-08 08:35:29,DIEGO,OVOS PODRES,300,0,0,0,v1-atual
14569,135227,14569 - 135227,450218,2026-08-08 08:36:09,DIEGO,AVARIA NO PDV,230,0,0,0,v1-atual
14569,135229,14569 - 135229,453218,2026-08-08 08:36:24,DIEGO,AVARIA NO PDV,42,0,0,0,v1-atual
24565,7887,24565 - 7887,276218,2026-08-08 08:37:45,DIEGO,AVARIA NO PDV,132,0,0,0,v1-atual
24565,7888,24565 - 7888,282218,2026-08-08 08:38:03,DIEGO,AVARIA NO PDV,70,0,0,0,v1-atual
16996,45213,16996 - 45213,384216,2026-08-08 08:56:06,JOSENILDO SILVA SOUSA,OVOS PODRES,40,0,0,0,v1-atual
16996,45202,16996 - 45202,237215,2026-08-08 08:58:16,JOSENILDO SILVA SOUSA,OVOS PODRES,110,0,0,0,v1-atual
16007,79225,16007 - 79225,216217,2026-08-08 09:05:08,ALAN,AVARIA NO DEPÓSITO,870,720,0,0,v1-atual
9841,33737,9841 - 33737,600218,2026-08-08 09:05:10,RAFAEL DOS SANTOS,OVOS VENCIDOS,690,690,0,0,v1-atual
9841,33738,9841 - 33738,900218,2026-08-08 09:05:43,RAFAEL DOS SANTOS,AVARIA NA ENTREGA,660,660,0,0,v1-atual
11607,240179,11607 - 240179,180218,2026-08-08 09:09:54,RAFAEL DOS SANTOS,AVARIA NA ENTREGA,20,0,0,0,v1-atual
11607,240178,11607 - 240178,150218,2026-08-08 09:10:33,RAFAEL DOS SANTOS,AVARIA NA ENTREGA,110,110,0,0,v1-atual
11607,240177,11607 - 240177,120218,2026-08-08 09:11:01,RAFAEL DOS SANTOS,AVARIA NA ENTREGA,170,140,0,0,v1-atual
11605,177686,11605 - 177686,810218,2026-08-08 09:15:53,RAFAEL DOS SANTOS,AVARIA NA ENTREGA,80,80,0,0,v1-atual
11605,177687,11605 - 177687,840218,2026-08-08 09:16:36,RAFAEL DOS SANTOS,AVARIA NA ENTREGA,660,660,0,0,v1-atual
22315,47532,22315 - 47532,870218,2026-08-08 09:23:50,RAFAEL DOS SANTOS,AVARIA NA ENTREGA,30,0,90,0,v1-atual
22315,47533,22315 - 47533,900218,2026-08-08 09:24:11,RAFAEL DOS SANTOS,AVARIA NA ENTREGA,490,490,0,0,v1-atual
21998,23335,21998 - 23335,300218,2026-08-08 09:33:53,RAFAEL DOS SANTOS,AVARIA NA ENTREGA,360,280,0,0,v1-atual
11606,183898,11606 - 183898,390218,2026-08-08 09:35:21,RAFAEL DOS SANTOS,AVARIA NO PDV,10,0,0,0,v1-atual
11606,183900,11606 - 183900,450218,2026-08-08 09:36:13,RAFAEL DOS SANTOS,AVARIA NO DEPÓSITO,40,40,0,0,v1-atual
11606,183897,11606 - 183897,360218,2026-08-08 09:36:41,RAFAEL DOS SANTOS,AVARIA NO DEPÓSITO,390,390,0,0,v1-atual
11606,183899,11606 - 183899,420218,2026-08-08 09:37:28,RAFAEL DOS SANTOS,AVARIA NO DEPÓSITO,520,490,0,0,v1-atual
21983,108608,21983 - 108608,750218,2026-08-08 09:42:34,FRANCISCO DE ASIS,AVARIA NA ENTREGA,180,150,0,0,v1-atual
21983,108607,21983 - 108607,720218,2026-08-08 09:44:27,FRANCISCO DE ASIS,AVARIA NA ENTREGA,396,200,180,0,v1-atual
21983,108605,21983 - 108605,690218,2026-08-08 09:45:17,FRANCISCO DE ASIS,AVARIA NA ENTREGA,80,30,0,0,v1-atual
24666,2701,24666 - 2701,600219,2026-08-08 10:59:31,GEISSON BRENER DA SILVA GOMES,AVARIA NO DEPÓSITO,190,140,0,0,v1-atual
1094,71390,1094 - 71390,900216,2026-08-08 11:02:16,GEISSON BRENER DA SILVA GOMES,AVARIA NO DEPÓSITO,600,270,240,0,v1-atual
1698,46828,1698 - 46828,195216,2026-08-08 11:49:43,IRACILDA DA SILVA,AVARIA NO PDV,1170,0,0,0,v1-atual
19825,65386,19825 - 65386,120218,2026-08-08 11:51:57,JARDEL ARAUJO,AVARIA NO PDV,240,0,0,0,v1-atual
1698,46827,1698 - 46827,186216,2026-08-08 11:52:19,IRACILDA DA SILVA,AVARIA NO PDV,1080,0,0,0,v1-atual
1140,89710,1140 - 89710,297219,2026-08-08 11:52:22,JARDEL ARAUJO,AVARIA NO PDV,340,0,0,0,v1-atual
13000,66349,13000 - 66349,321219,2026-08-08 11:52:47,JARDEL ARAUJO,AVARIA NO PDV,470,0,60,0,v1-atual
1698,46826,1698 - 46826,177216,2026-08-08 11:53:53,IRACILDA DA SILVA,AVARIA NO PDV,1110,0,0,0,v1-atual
21498,62735,21498 - 62735,237216,2026-08-08 12:18:16,TIAGO ARAGÃO DE JESUS,AVARIA NA ENTREGA,150,0,0,0,v1-atual
21498,62734,21498 - 62734,234216,2026-08-08 12:19:46,TIAGO ARAGÃO DE JESUS,AVARIA NA ENTREGA,270,0,150,0,v1-atual
15550,67824,15550 - 67824,108219,2026-08-08 13:19:49,ALINE MAIARA SILVA,AVARIA NO PDV,130,0,0,0,v1-atual
16006,282689,16006 - 282689,480218,2026-08-08 21:20:44,ANA JAMILLY SOUSA,AVARIA NA ENTREGA,440,220,0,0,v1-atual
21906,12446,21906 - 12446,390219,2026-08-09 09:19:56,FELIPE MARQUES,AVARIA NA ENTREGA,60,60,0,0,v1-atual
2043,20409,2043 - 20409,870219,2026-08-09 10:58:01,WILIANE GALVAO,AVARIA NA ENTREGA,380,372,0,0,v1-atual
2043,20402,2043 - 20402,189218,2026-08-09 10:59:27,WILIANE GALVAO,OVOS PODRES,50,0,360,0,v1-atual
16363,40755,16363 - 40755,102219,2026-08-09 20:42:32,JOEL LOBATO ALVES,AVARIA NO PDV,80,0,60,0,v1-atual
16362,50326,16362 - 50326,372219,2026-08-09 20:44:22,JOEL LOBATO ALVES,AVARIA NO PDV,140,0,0,0,v1-atual
19609,164321,19609 - 164321,"3,93548E+24",2026-08-09 21:01:18,ANDEROSN DOS SANTOS,OVOS PODRES,600,0,960,0,v1-atual
19817,128788,19817 - 128788,330218,2026-08-10 06:11:17,FRANCISCO ROSCI,AVARIA NA ENTREGA,220,204,0,0,v1-atual
9125,158561,9125 - 158561,384219,2026-08-10 07:08:21,WILIANE GALVAO,OVOS PODRES,750,750,0,0,v1-atual
9125,158551,9125 - 158551,153219,2026-08-10 07:09:10,WILIANE GALVAO,AVARIA NA ENTREGA,90,80,0,0,v1-atual
9125,158549,9125 - 158549,150219,2026-08-10 07:10:11,WILIANE GALVAO,AVARIA NA ENTREGA,90,0,0,0,v1-atual
9125,158548,9125 - 158548,147219,2026-08-10 07:11:11,WILIANE GALVAO,AVARIA NA ENTREGA,180,169,0,0,v1-atual
20530,32789,20530 - 32789,273218,2026-08-10 07:27:48,NATHANAEL CAVALCANTE,AVARIA NO DEPÓSITO,3006,1440,1080,0,v1-atual
15777,46958,15777 - 46958,780216,2026-08-10 07:50:55,CHARLES SANTOS GON,AVARIA NA ENTREGA,750,676,0,0,v1-atual
12734,96952,12734 - 96952,306219,2026-08-10 08:12:35,FRANCIS SANTANA,OVOS PODRES,50,0,0,0,v1-atual
12562,68647,12562 - 68647,162219,2026-08-10 08:18:22,FABIO REDLOG,AVARIA DE VIAGEM,2810,2444,0,0,v1-atual
17264,98545,17264 - 98545,414219,2026-08-10 08:38:55,W R EXPRESS,AVARIA DE VIAGEM,1820,1820,0,0,v1-atual
24391,4997,24391 - 4997,318219,2026-08-10 08:40:45,W R EXPRESS,AVARIA DE VIAGEM,1500,1500,0,0,v1-atual
24391,4996,24391 - 4996,312219,2026-08-10 08:42:05,W R EXPRESS,AVARIA DE VIAGEM,1500,1500,0,0,v1-atual
15150,126177,15150 - 126177,240219,2026-08-10 08:46:12,MIGUEL ABNER CARV,AVARIA NO PDV,170,150,0,0,v1-atual
15150,126178,15150 - 126178,270219,2026-08-10 08:46:45,MIGUEL ABNER CARV,AVARIA NO PDV,50,29,30,0,v1-atual
